1x1	11	18	21	43	13	41	27
1x1	11	41	20	26	50	55	4
1x1	11	49	60	32	5	28	54
1x1	11	54	44	43	55	16	59
1x1	11	57	13	20	3	49	16
1x1	12	10	31	3	41	9	39
1x1	12	39	60	25	30	19	49
1x1	12	40	46	26	5	55	8
1x1	12	48	34	6	17	52	39
1x1	12	5	48	13	32	60	49
1x1	12	54	31	15	34	28	9
1x1	12	6	21	49	5	9	37
1x1	14	10	28	29	4	38	36
1x1	14	10	40	30	53	31	58
1x1	14	57	26	45	58	50	46
1x1	16	13	27	36	58	4	6
1x1	16	23	48	15	10	19	56
1x1	16	28	39	58	26	46	11
1x1	16	31	56	42	8	25	40
1x1	16	7	28	8	21	39	35
1x1	17	14	11	48	2	36	60
1x1	17	24	4	18	10	55	29
1x1	19	2	40	41	10	27	51
1x1	19	5	15	27	57	35	25
1x1	2	25	36	9	46	18	32
1x1	20	18	58	22	27	12	11
1x1	20	57	6	19	18	48	16
1x1	21	20	50	41	27	2	29
1x1	21	45	5	31	44	2	9
1x1	21	54	20	29	2	57	49
1x1	22	48	25	17	47	46	13
1x1	22	5	40	47	15	17	54
1x1	22	6	49	41	29	32	10
1x1	22	9	50	42	60	5	21
1x1	23	44	49	24	50	35	18
1x1	24	12	31	42	39	9	46
1x1	24	3	50	17	39	20	23
1x1	24	34	8	11	16	41	7
1x1	24	8	40	26	59	29	58
1x1	25	31	37	6	56	3	30
1x1	25	37	32	34	10	3	14
1x1	25	52	37	42	27	30	22
1x1	26	19	6	50	11	52	42
1x1	26	33	7	35	21	10	17
1x1	26	40	35	31	59	23	21
1x1	27	42	58	14	23	34	38
1x1	27	58	14	36	33	20	26
1x1	28	32	19	13	7	14	10
1x1	28	34	58	14	38	49	48
1x1	28	44	59	17	53	35	16
1x1	28	45	31	37	18	24	15
1x1	28	52	59	26	7	46	18
1x1	29	36	13	31	59	56	53
1x1	29	45	47	7	33	55	40
1x1	3	40	12	49	17	14	54
1x1	3	51	4	22	15	44	40
1x1	3	54	8	51	15	31	34
1x1	30	16	52	48	4	9	27
1x1	30	46	6	60	31	51	22
1x1	30	5	31	41	24	52	36
1x1	30	50	41	33	11	45	51
1x1	30	7	33	50	55	60	13
1x1	31	14	13	35	20	42	29
1x1	31	26	36	40	12	25	42
1x1	31	44	28	11	7	49	26
1x1	31	51	9	52	23	37	24
1x1	31	60	9	30	32	8	27
1x1	31	7	57	40	9	60	6
1x1	33	35	41	39	59	6	34
1x1	33	47	12	32	50	29	21
1x1	33	48	3	58	4	11	57
1x1	33	53	31	39	18	5	25
1x1	33	60	19	17	20	52	38
1x1	34	23	36	15	56	26	47
1x1	34	55	2	41	13	24	59
1x1	35	29	24	17	9	18	26
1x1	35	54	28	13	2	42	9
1x1	36	12	49	9	13	26	37
1x1	36	43	30	50	33	28	45
1x1	36	58	2	4	60	41	48
1x1	37	14	30	45	16	20	50
1x1	37	24	58	34	35	26	21
1x1	37	28	49	33	26	58	25
1x1	37	36	43	46	58	60	21
1x1	38	3	42	57	19	11	51
1x1	38	58	54	13	43	29	45
1x1	39	31	43	40	42	21	17
1x1	39	38	25	41	54	46	2
1x1	39	4	50	16	12	56	40
1x1	39	6	59	15	27	19	29
1x1	39	9	32	25	21	11	18
1x1	4	21	59	40	58	34	20
1x1	4	26	31	20	27	41	16
1x1	40	47	19	15	36	50	41
1x1	41	22	38	60	24	43	44
1x1	41	49	4	26	21	37	15
1x1	43	2	22	53	34	8	33
1x1	43	46	53	29	17	37	27
1x1	43	47	4	45	5	18	23
1x1	43	48	10	33	41	37	15
1x1	43	9	26	16	27	23	22
1x1	44	7	57	48	3	39	9
1x1	45	10	6	59	46	28	51
1x1	45	12	32	37	5	11	26
1x1	45	5	46	13	37	15	30
1x1	45	9	7	49	11	34	18
1x1	47	36	37	8	7	15	60
1x1	47	46	9	45	5	30	51
1x1	47	51	15	3	26	59	50
1x1	48	3	24	26	57	35	39
1x1	48	60	27	31	16	34	29
1x1	49	19	41	51	28	48	11
1x1	49	57	48	37	2	30	19
1x1	5	10	45	34	47	59	25
1x1	5	57	11	41	6	59	45
1x1	50	37	41	34	48	30	36
1x1	51	11	18	37	16	33	41
1x1	51	17	39	50	29	24	32
1x1	52	32	58	9	57	56	2
1x1	52	35	41	53	17	47	55
1x1	52	4	25	30	15	20	6
1x1	53	36	48	59	34	43	55
1x1	54	50	40	48	6	31	38
1x1	54	51	52	21	36	25	23
1x1	54	56	45	11	23	20	16
1x1	55	2	30	11	58	59	26
1x1	55	30	7	53	42	10	31
1x1	56	12	14	42	59	40	52
1x1	56	36	58	41	21	46	12
1x1	57	21	17	42	38	35	40
1x1	57	36	28	6	54	4	11
1x1	57	46	56	51	29	15	55
1x1	57	47	36	55	27	23	40
1x1	57	7	15	45	2	40	10
1x1	58	34	27	39	41	26	12
1x1	58	46	16	26	20	51	9
1x1	58	59	27	8	41	35	21
1x1	59	35	36	20	42	23	51
1x1	59	37	44	8	48	46	49
1x1	59	39	47	43	34	37	41
1x1	6	15	16	50	31	55	17
1x1	6	20	41	7	2	55	27
1x1	6	5	19	27	39	43	48
1x1	6	5	47	44	58	52	57
1x1	6	51	21	12	35	25	22
1x1	60	14	36	16	58	42	35
1x1	60	21	11	43	14	29	8
1x1	60	25	14	56	53	58	34
1x1	60	31	43	21	37	6	49
1x1	60	41	55	6	45	35	46
1x1	60	48	30	43	36	46	15
1x1	7	15	39	44	42	32	35
1x1	7	16	35	5	22	10	40
1x1	7	35	38	45	26	33	50
1x1	7	42	56	31	34	30	20
1x1	7	58	11	27	18	40	10
1x1	8	26	53	11	27	41	3
1x10	1	31	48	43	54	23	17
1x10	1	50	57	17	28	7	9
1x10	11	23	33	40	8	39	46
1x10	11	32	15	53	51	48	57
1x10	11	37	13	22	57	4	49
1x10	11	50	29	34	51	21	17
1x10	11	50	9	35	25	44	60
1x10	12	45	29	48	32	5	39
1x10	12	58	55	60	24	23	5
1x10	13	11	55	19	1	36	15
1x10	13	5	52	42	23	20	25
1x10	13	55	47	49	18	4	33
1x10	14	19	13	2	9	6	57
1x10	14	20	9	25	7	47	39
1x10	14	37	51	16	38	27	49
1x10	14	51	27	45	22	40	2
1x10	14	57	11	31	52	49	51
1x10	15	16	28	11	58	39	42
1x10	15	20	44	32	27	4	58
1x10	16	19	57	47	55	21	60
1x10	17	50	18	43	35	20	59
1x10	18	14	58	52	53	24	17
1x10	18	24	4	35	39	47	37
1x10	18	26	46	58	1	27	45
1x10	18	50	11	19	59	13	15
1x10	19	28	26	52	40	41	16
1x10	19	6	47	52	43	28	2
1x10	2	14	29	25	38	27	26
1x10	2	4	25	48	16	53	3
1x10	20	36	40	29	4	39	35
1x10	20	53	18	40	14	8	36
1x10	21	8	46	54	13	35	59
1x10	22	32	2	43	14	12	38
1x10	22	9	56	45	36	13	34
1x10	23	2	26	13	37	11	56
1x10	23	5	3	1	33	35	20
1x10	23	51	19	24	29	26	9
1x10	24	51	13	46	36	14	56
1x10	25	28	21	53	51	47	39
1x10	25	36	32	51	43	60	40
1x10	25	37	12	47	24	40	1
1x10	25	47	59	29	27	57	36
1x10	25	58	6	45	31	37	4
1x10	26	20	25	18	6	8	29
1x10	26	25	17	1	37	46	32
1x10	26	44	18	32	48	51	37
1x10	26	55	11	53	30	5	24
1x10	27	35	50	19	38	33	14
1x10	27	5	8	50	44	13	40
1x10	27	53	17	23	42	28	34
1x10	27	58	56	48	8	57	11
1x10	28	23	34	39	25	43	15
1x10	28	27	38	5	24	45	35
1x10	28	30	49	55	36	47	27
1x10	28	41	42	22	48	12	56
1x10	28	56	9	19	7	12	43
1x10	29	21	55	26	39	20	8
1x10	29	48	21	53	58	11	8
1x10	3	14	47	43	35	18	52
1x10	3	19	22	14	49	24	56
1x10	3	8	36	5	12	35	48
1x10	30	8	4	41	29	33	32
1x10	31	22	46	27	32	12	25
1x10	31	41	51	30	14	56	20
1x10	31	47	33	22	59	26	38
1x10	31	49	23	40	56	52	13
1x10	32	45	12	19	17	51	6
1x10	33	13	40	58	34	27	51
1x10	33	4	9	22	8	37	48
1x10	33	52	12	50	19	34	54
1x10	34	2	44	42	38	19	46
1x10	35	15	2	46	41	36	9
1x10	35	18	3	41	54	43	9
1x10	35	39	1	9	50	58	26
1x10	35	53	40	58	20	12	23
1x10	36	25	6	57	22	37	24
1x10	36	32	43	13	7	5	50
1x10	36	42	52	43	54	29	40
1x10	37	34	7	58	3	49	6
1x10	37	35	46	28	8	33	51
1x10	37	43	54	16	48	47	20
1x10	38	59	13	40	26	29	12
1x10	38	59	57	30	20	44	15
1x10	39	4	14	5	7	40	56
1x10	39	4	43	12	42	45	2
1x10	39	54	35	12	31	13	6
1x10	39	56	13	44	12	23	47
1x10	4	20	41	57	28	43	7
1x10	4	21	34	32	46	6	22
1x10	4	23	24	25	53	12	28
1x10	4	5	28	45	21	25	41
1x10	40	3	59	38	54	33	13
1x10	40	50	29	6	12	30	4
1x10	40	7	23	38	36	48	29
1x10	41	22	9	49	25	12	37
1x10	41	29	9	21	56	25	7
1x10	41	3	60	24	31	39	4
1x10	41	8	52	4	17	27	14
1x10	42	43	20	53	50	58	4
1x10	43	13	28	17	29	58	59
1x10	43	23	54	57	26	3	9
1x10	43	37	25	31	21	4	6
1x10	43	40	22	9	34	18	51
1x10	43	59	15	24	6	13	35
1x10	44	14	21	16	30	20	23
1x10	44	31	53	7	22	51	47
1x10	44	35	60	18	49	2	51
1x10	44	49	21	7	28	58	14
1x10	44	58	45	28	23	37	35
1x10	44	60	55	35	15	53	3
1x10	45	30	13	4	53	25	19
1x10	45	37	29	41	35	19	49
1x10	45	44	28	41	31	33	29
1x10	45	44	31	19	21	6	40
1x10	45	49	4	23	15	42	38
1x10	46	14	20	13	30	48	19
1x10	46	34	43	24	11	32	21
1x10	46	37	22	18	9	58	2
1x10	47	39	38	2	14	7	23
1x10	47	4	28	48	2	11	56
1x10	47	42	13	49	15	18	11
1x10	47	46	28	12	53	16	36
1x10	47	6	48	9	29	24	18
1x10	48	6	49	32	4	27	14
1x10	49	30	32	41	9	42	46
1x10	49	36	2	17	42	11	38
1x10	49	43	7	33	34	28	42
1x10	49	44	37	30	12	60	45
1x10	49	55	53	56	43	46	24
1x10	5	4	57	16	41	24	52
1x10	5	47	24	19	13	9	12
1x10	50	37	27	55	57	56	31
1x10	50	39	41	17	11	5	43
1x10	51	36	43	2	14	41	34
1x10	51	9	41	35	54	38	52
1x10	52	23	45	3	34	20	53
1x10	52	37	36	24	13	46	18
1x10	52	40	41	8	48	4	53
1x10	52	55	53	33	25	51	58
1x10	53	33	51	26	37	21	24
1x10	53	38	52	7	11	51	54
1x10	53	39	21	35	42	47	41
1x10	54	13	4	38	19	32	39
1x10	54	17	15	57	8	20	42
1x10	54	43	34	47	53	44	46
1x10	55	9	54	25	39	8	58
1x10	56	30	38	54	25	45	3
1x10	58	41	20	47	54	3	46
1x10	58	48	49	11	60	26	25
1x10	58	51	18	13	14	3	26
1x10	59	1	17	13	23	35	56
1x10	59	25	18	5	49	41	17
1x10	59	39	14	4	2	52	21
1x10	6	39	5	54	9	2	38
1x10	6	43	53	3	24	2	46
1x10	6	59	47	58	12	53	21
1x10	7	51	45	31	38	4	3
1x10	8	12	24	52	30	27	43
1x10	8	50	27	28	60	16	57
1x10	8	9	18	39	33	11	30
1x10	9	48	56	15	6	1	14
1x10	9	5	54	23	8	38	48
1x10	9	56	3	32	35	23	22
1x10	9	60	34	51	33	19	37
1x11	1	36	55	18	56	12	58
1x11	1	51	18	24	3	14	23
1x11	1	54	57	43	24	20	38
1x11	10	20	50	17	48	3	58
1x11	10	37	38	41	45	24	28
1x11	10	41	22	42	47	58	36
1x11	10	53	20	13	55	26	38
1x11	10	54	37	20	4	36	56
1x11	12	1	33	58	21	57	26
1x11	12	28	5	42	14	27	7
1x11	12	3	44	9	21	6	7
1x11	12	31	4	52	40	13	59
1x11	13	1	55	53	22	25	43
1x11	13	50	12	52	32	2	4
1x11	13	53	24	34	49	60	38
1x11	13	9	29	6	24	50	15
1x11	14	56	52	47	38	3	55
1x11	14	58	39	54	53	19	49
1x11	15	47	60	30	4	39	3
1x11	15	53	52	3	50	57	31
1x11	16	6	45	44	55	41	7
1x11	16	9	53	24	25	35	2
1x11	17	35	53	51	56	32	21
1x11	17	58	12	56	29	23	57
1x11	18	1	22	57	59	10	60
1x11	18	24	5	60	33	43	14
1x11	18	27	4	13	33	35	32
1x11	18	34	27	26	12	58	10
1x11	18	39	21	33	35	3	28
1x11	18	50	37	8	24	59	52
1x11	19	45	53	28	44	4	49
1x11	2	27	33	43	58	60	41
1x11	2	30	9	26	47	8	3
1x11	2	48	46	44	28	50	23
1x11	20	1	37	34	39	47	57
1x11	20	15	52	6	39	31	19
1x11	20	18	9	25	32	22	12
1x11	20	19	56	23	12	40	58
1x11	20	36	10	16	60	28	53
1x11	20	47	51	5	39	41	25
1x11	20	54	43	7	48	42	40
1x11	20	9	16	15	19	56	36
1x11	21	12	1	38	15	13	45
1x11	21	29	53	23	43	58	41
1x11	21	35	29	57	51	44	37
1x11	21	54	18	6	55	8	9
1x11	21	60	9	39	32	13	54
1x11	22	15	46	20	45	5	35
1x11	22	42	36	52	28	40	46
1x11	22	56	30	31	19	52	54
1x11	22	60	7	1	52	53	3
1x11	23	26	27	19	4	15	39
1x11	23	5	25	45	19	17	26
1x11	23	51	22	54	5	26	32
1x11	23	52	59	37	49	55	36
1x11	23	59	30	7	8	22	34
1x11	23	6	28	18	12	53	36
1x11	24	17	40	44	26	21	10
1x11	24	18	40	1	22	44	56
1x11	24	40	58	43	19	2	30
1x11	24	48	35	1	22	41	32
1x11	24	7	34	4	39	55	45
1x11	26	1	60	56	2	6	58
1x11	26	16	18	52	36	9	19
1x11	27	15	57	4	60	12	40
1x11	28	41	12	35	46	2	18
1x11	28	5	60	43	55	19	4
1x11	28	54	40	16	26	29	45
1x11	29	40	9	12	10	20	58
1x11	29	54	52	43	39	16	51
1x11	30	28	48	40	43	57	55
1x11	30	37	25	1	55	20	40
1x11	30	56	41	32	22	1	55
1x11	31	38	39	13	42	26	27
1x11	31	52	32	41	16	10	36
1x11	31	59	32	17	44	14	15
1x11	31	59	9	18	24	15	60
1x11	31	60	52	27	25	44	55
1x11	32	25	29	2	6	33	51
1x11	32	27	54	51	41	7	14
1x11	32	41	46	17	49	1	45
1x11	32	51	2	25	53	46	10
1x11	32	54	20	33	52	48	5
1x11	32	60	33	8	54	45	6
1x11	32	8	26	41	3	21	43
1x11	33	14	35	19	34	22	10
1x11	33	3	26	30	42	12	51
1x11	33	38	47	37	13	41	31
1x11	33	39	47	57	41	36	9
1x11	33	40	1	38	44	8	14
1x11	34	14	58	60	38	16	39
1x11	34	20	4	43	39	60	17
1x11	34	22	42	56	8	60	29
1x11	34	27	10	7	32	53	24
1x11	35	42	7	39	22	57	46
1x11	35	44	41	56	21	33	7
1x11	35	52	10	13	1	16	55
1x11	36	26	16	60	18	49	59
1x11	37	31	56	3	30	17	13
1x11	37	36	18	9	16	44	56
1x11	38	20	46	31	13	18	54
1x11	38	31	29	14	44	20	51
1x11	38	37	56	34	58	13	36
1x11	38	4	39	36	19	5	29
1x11	38	46	53	20	34	23	29
1x11	38	52	27	46	5	21	3
1x11	38	8	55	14	10	50	41
1x11	39	60	28	58	3	13	29
1x11	4	14	1	53	31	43	25
1x11	4	27	23	34	35	6	32
1x11	4	32	9	25	35	6	56
1x11	4	6	57	53	58	47	27
1x11	40	23	24	12	54	26	35
1x11	41	10	44	7	25	3	18
1x11	41	26	35	47	59	55	18
1x11	41	48	55	26	10	29	37
1x11	41	49	46	25	35	32	44
1x11	42	32	21	22	35	24	40
1x11	43	26	32	5	46	44	18
1x11	43	45	48	13	23	32	9
1x11	43	53	52	39	3	45	60
1x11	43	58	24	41	55	15	16
1x11	44	14	12	34	22	43	58
1x11	44	28	7	27	39	32	15
1x11	45	12	28	7	60	27	53
1x11	45	29	17	39	2	37	14
1x11	45	31	48	26	46	50	27
1x11	45	4	40	39	50	34	41
1x11	46	19	9	55	34	22	52
1x11	46	50	27	24	30	31	59
1x11	47	43	15	12	60	13	21
1x11	47	5	16	1	53	58	48
1x11	48	13	28	37	29	4	21
1x11	49	22	19	3	52	20	51
1x11	49	24	18	8	2	23	16
1x11	5	29	7	43	26	35	19
1x11	5	37	52	48	60	39	46
1x11	50	17	59	27	24	8	44
1x11	50	20	37	39	3	10	46
1x11	50	27	49	3	4	25	31
1x11	51	13	30	15	28	56	38
1x11	51	2	41	49	9	28	26
1x11	51	40	15	57	17	2	6
1x11	51	50	59	3	49	18	48
1x11	51	56	37	3	50	38	1
1x11	51	7	19	45	25	50	46
1x11	53	34	18	4	20	48	52
1x11	53	46	34	39	49	13	37
1x11	53	52	46	45	30	34	49
1x11	54	15	23	6	51	35	12
1x11	54	29	16	32	40	59	14
1x11	54	30	59	14	25	37	47
1x11	54	39	31	19	24	51	23
1x11	54	55	18	36	49	31	21
1x11	55	32	51	34	33	1	49
1x11	55	49	1	5	12	42	57
1x11	56	28	31	25	7	36	58
1x11	56	48	7	19	50	55	43
1x11	56	49	59	25	38	39	54
1x11	57	33	12	1	53	56	45
1x11	57	38	7	5	2	47	24
1x11	57	49	4	35	20	47	9
1x11	58	26	17	12	54	25	19
1x11	58	29	6	47	14	59	45
1x11	58	47	30	32	54	34	20
1x11	58	48	45	9	6	44	27
1x11	58	51	12	23	15	34	20
1x11	58	57	44	30	49	43	22
1x11	59	22	17	19	21	13	52
1x11	59	43	22	49	21	19	46
1x11	6	1	46	18	38	35	40
1x11	6	32	29	1	39	36	3
1x11	60	12	24	43	56	13	31
1x11	60	15	24	51	39	31	8
1x11	60	32	25	46	36	39	23
1x11	60	45	17	29	58	51	20
1x11	60	8	17	12	24	3	28
1x11	7	21	8	44	24	10	25
1x11	7	33	4	38	44	48	46
1x11	7	55	44	30	57	59	38
1x11	7	8	14	50	25	27	21
1x11	8	18	31	51	46	38	1
1x11	9	28	44	58	5	30	40
1x11	9	60	45	37	27	58	55
1x12	1	29	27	7	44	3	52
1x12	10	25	1	51	34	47	42
1x12	11	51	32	24	9	17	15
1x12	13	1	34	17	23	16	39
1x12	13	28	52	19	42	60	11
1x12	13	30	5	47	45	17	51
1x12	13	32	47	9	56	43	37
1x12	13	47	7	57	1	50	51
1x12	13	5	28	52	18	41	4
1x12	14	17	37	1	55	11	10
1x12	14	58	15	51	57	2	36
1x12	14	8	54	55	9	26	50
1x12	15	57	32	25	34	28	51
1x12	15	8	7	51	46	54	34
1x12	17	33	46	52	45	6	13
1x12	17	56	38	23	1	40	15
1x12	17	8	9	6	10	31	59
1x12	18	32	60	46	35	13	11
1x12	18	48	42	16	60	34	5
1x12	19	31	56	6	14	32	55
1x12	19	50	18	13	42	21	22
1x12	19	6	33	13	32	37	22
1x12	2	10	15	31	38	20	29
1x12	2	11	21	25	33	50	18
1x12	20	33	31	53	28	51	17
1x12	20	35	16	31	19	46	22
1x12	21	13	29	54	17	51	22
1x12	21	2	22	6	48	32	60
1x12	21	30	22	38	8	39	57
1x12	21	31	43	46	56	11	49
1x12	21	4	51	55	43	47	15
1x12	21	55	36	20	53	15	2
1x12	21	6	52	32	50	40	45
1x12	23	14	48	18	22	38	44
1x12	23	2	49	28	5	31	48
1x12	23	21	28	13	20	24	38
1x12	23	44	54	45	43	40	21
1x12	24	10	32	9	7	31	11
1x12	24	34	44	21	6	33	7
1x12	24	41	10	2	6	29	43
1x12	24	58	30	60	43	59	21
1x12	24	58	40	17	36	10	57
1x12	24	58	40	60	34	36	52
1x12	25	30	6	19	36	60	39
1x12	25	43	19	26	29	23	58
1x12	25	60	23	22	44	10	41
1x12	26	28	11	43	1	14	34
1x12	26	32	4	19	39	21	3
1x12	26	47	58	30	33	36	22
1x12	26	50	16	9	41	39	4
1x12	27	26	13	17	4	31	55
1x12	27	38	13	28	21	47	18
1x12	27	59	38	46	4	42	28
1x12	28	14	36	10	2	21	48
1x12	28	16	60	42	24	19	8
1x12	28	26	40	54	43	17	24
1x12	28	26	53	27	56	50	48
1x12	28	49	51	21	24	29	45
1x12	29	35	32	47	34	5	52
1x12	29	50	37	8	13	22	39
1x12	29	7	56	30	60	23	1
1x12	3	28	39	15	37	36	27
1x12	3	29	4	57	17	25	6
1x12	30	25	5	6	16	13	39
1x12	30	46	54	4	55	52	42
1x12	30	50	23	31	18	40	29
1x12	30	57	2	39	33	52	18
1x12	31	24	2	32	48	57	39
1x12	31	25	38	49	3	47	34
1x12	31	48	35	36	34	42	14
1x12	32	25	3	21	38	33	11
1x12	32	3	47	16	34	1	43
1x12	32	49	48	24	15	14	8
1x12	32	6	43	18	56	1	5
1x12	33	44	35	11	30	23	54
1x12	34	21	4	53	11	37	1
1x12	34	47	1	51	6	23	44
1x12	34	54	40	41	17	46	33
1x12	35	49	18	50	28	9	56
1x12	36	2	33	19	28	48	47
1x12	36	22	51	34	11	44	27
1x12	36	5	48	47	32	54	4
1x12	37	22	48	59	31	44	58
1x12	37	33	13	5	26	43	29
1x12	38	13	10	56	58	47	26
1x12	38	23	10	48	44	49	56
1x12	38	40	23	53	28	47	17
1x12	38	42	5	2	33	21	58
1x12	39	43	48	57	55	34	44
1x12	39	45	20	59	9	35	27
1x12	39	54	8	6	3	10	31
1x12	4	17	40	8	27	13	7
1x12	4	2	31	7	22	49	28
1x12	40	30	6	59	26	50	19
1x12	40	37	50	51	44	58	35
1x12	42	36	55	1	8	19	34
1x12	42	36	7	30	6	18	52
1x12	42	4	14	7	56	20	1
1x12	43	13	16	59	49	45	17
1x12	43	23	15	26	20	1	53
1x12	43	33	45	58	25	36	32
1x12	43	36	16	48	5	45	34
1x12	43	37	38	5	59	55	10
1x12	43	57	56	15	4	16	48
1x12	44	18	34	43	48	8	26
1x12	45	39	8	53	41	46	32
1x12	46	4	17	28	13	40	8
1x12	46	58	26	57	52	23	60
1x12	46	7	9	42	37	34	17
1x12	47	42	56	4	17	22	21
1x12	48	31	34	29	26	47	22
1x12	48	40	46	4	21	2	55
1x12	48	45	42	30	13	50	46
1x12	5	32	6	47	53	41	60
1x12	5	34	46	40	3	50	35
1x12	5	37	42	3	14	59	35
1x12	5	45	9	47	41	27	60
1x12	50	1	38	51	25	10	6
1x12	50	15	48	13	5	40	31
1x12	50	25	21	41	46	38	6
1x12	50	42	58	37	11	59	18
1x12	51	17	45	31	7	54	19
1x12	51	6	55	38	7	57	37
1x12	51	9	53	56	57	54	47
1x12	52	53	41	13	9	55	19
1x12	52	7	57	56	29	17	45
1x12	53	11	20	47	18	44	24
1x12	53	52	22	2	40	21	29
1x12	54	27	56	18	23	55	5
1x12	55	23	36	10	22	42	20
1x12	56	10	4	6	1	42	45
1x12	56	34	28	10	27	1	7
1x12	56	39	36	29	25	14	34
1x12	57	36	34	51	33	52	1
1x12	57	49	13	25	52	50	2
1x12	58	11	27	3	1	18	45
1x12	58	18	25	5	1	6	11
1x12	58	35	10	59	13	33	26
1x12	58	39	50	41	22	30	13
1x12	58	43	26	30	22	9	33
1x12	58	44	42	13	48	23	4
1x12	59	18	38	53	16	35	25
1x12	59	44	14	39	21	18	40
1x12	59	5	47	32	31	54	2
1x12	6	23	28	51	32	10	45
1x12	6	30	54	9	35	53	34
1x12	60	13	35	21	43	6	44
1x12	60	36	15	20	34	3	33
1x12	60	36	58	5	47	28	1
1x12	7	10	40	41	22	17	31
1x12	7	25	23	50	16	5	54
1x12	8	23	30	44	43	59	25
1x12	8	31	42	49	47	11	59
1x12	8	47	7	15	35	44	29
1x12	8	53	21	52	19	2	37
1x12	8	7	18	2	33	57	27
1x12	9	27	29	20	8	15	34
1x12	9	29	51	27	55	3	47
1x12	9	44	57	23	51	4	29
1x12	9	46	37	52	11	41	26
1x12	9	48	47	1	51	49	14
1x13	1	24	18	15	20	25	17
1x13	1	42	2	45	20	38	39
1x13	1	8	28	23	41	51	20
1x13	10	11	38	23	53	48	21
1x13	10	24	52	32	34	12	18
1x13	10	30	44	35	43	47	11
1x13	11	19	7	4	25	2	22
1x13	11	27	32	9	14	28	4
1x13	11	37	42	28	27	60	15
1x13	12	29	3	9	59	35	36
1x13	12	46	9	24	48	47	49
1x13	14	20	36	25	26	50	8
1x13	14	52	32	26	37	33	36
1x13	15	11	8	39	43	26	4
1x13	15	16	20	59	25	21	14
1x13	15	4	2	36	51	30	47
1x13	15	57	59	11	55	5	45
1x13	16	28	57	4	48	37	31
1x13	17	30	47	48	40	52	59
1x13	17	39	14	27	37	2	52
1x13	18	14	56	23	60	31	5
1x13	18	36	4	33	45	35	55
1x13	18	46	12	19	24	15	25
1x13	18	8	26	46	54	9	25
1x13	19	7	20	8	34	23	27
1x13	2	20	47	41	32	38	7
1x13	2	36	20	17	29	3	1
1x13	2	38	52	4	58	6	55
1x13	2	9	12	44	31	7	39
1x13	20	18	46	22	11	56	52
1x13	20	22	35	14	44	18	1
1x13	20	48	55	4	33	43	19
1x13	20	49	26	51	53	1	10
1x13	21	2	17	5	8	9	52
1x13	21	33	18	42	14	48	20
1x13	21	58	47	41	3	19	28
1x13	22	24	36	10	12	21	4
1x13	22	6	20	26	29	24	54
1x13	23	15	53	51	26	57	45
1x13	23	24	60	42	10	36	22
1x13	23	53	10	48	37	44	20
1x13	23	6	4	39	11	12	9
1x13	23	8	45	12	17	58	11
1x13	24	15	28	43	6	12	52
1x13	24	34	2	31	17	33	46
1x13	24	36	35	17	50	37	40
1x13	24	9	33	58	25	41	32
1x13	25	26	24	57	11	15	45
1x13	26	30	7	21	57	43	9
1x13	27	16	54	9	47	60	41
1x13	27	23	46	60	31	9	2
1x13	27	41	2	58	38	55	60
1x13	27	55	54	1	26	14	11
1x13	27	56	19	6	60	32	24
1x13	27	7	18	49	17	32	11
1x13	27	7	47	41	22	11	59
1x13	28	24	37	32	45	21	39
1x13	28	26	36	58	50	38	45
1x13	28	30	42	43	19	55	1
1x13	29	43	46	21	7	27	52
1x13	3	26	56	52	47	21	28
1x13	3	60	10	8	53	36	14
1x13	30	24	8	46	33	15	43
1x13	30	37	19	52	12	20	49
1x13	30	38	25	37	18	27	58
1x13	31	42	43	12	46	51	8
1x13	31	44	43	48	29	35	42
1x13	32	10	12	26	43	40	48
1x13	32	20	58	24	57	5	22
1x13	32	20	59	58	17	2	4
1x13	32	22	41	8	26	46	44
1x13	32	58	8	52	30	51	56
1x13	33	16	6	20	30	44	26
1x13	33	5	29	34	3	36	45
1x13	33	60	43	56	26	35	38
1x13	34	28	46	18	36	30	32
1x13	34	56	59	33	60	29	54
1x13	35	16	10	38	18	60	11
1x13	35	51	20	14	44	16	48
1x13	35	8	58	3	50	40	43
1x13	36	20	1	39	53	51	4
1x13	36	38	24	48	56	42	23
1x13	36	57	6	20	7	11	25
1x13	37	36	28	50	19	53	10
1x13	37	41	22	38	29	60	1
1x13	38	17	29	20	24	6	31
1x13	38	27	25	19	51	30	39
1x13	38	34	21	55	32	11	58
1x13	38	44	21	56	14	5	10
1x13	38	45	1	20	15	52	57
1x13	38	8	23	22	48	3	14
1x13	39	7	21	31	40	50	58
1x13	39	8	34	42	44	4	46
1x13	4	9	15	20	55	45	60
1x13	40	31	7	58	26	54	23
1x13	40	56	15	29	1	36	27
1x13	41	15	36	17	45	34	54
1x13	41	38	48	6	58	8	60
1x13	41	4	40	11	36	27	25
1x13	41	45	55	14	58	50	57
1x13	41	9	34	8	38	31	25
1x13	42	27	16	6	28	37	45
1x13	42	33	17	28	30	50	38
1x13	42	47	18	34	24	37	59
1x13	43	50	51	33	23	48	46
1x13	43	53	17	37	14	6	34
1x13	44	2	49	47	42	29	32
1x13	44	26	47	24	23	60	22
1x13	44	28	60	57	18	47	9
1x13	44	41	38	11	4	52	26
1x13	45	9	56	39	34	19	10
1x13	46	21	55	36	40	34	22
1x13	46	21	56	30	38	1	50
1x13	46	39	53	21	58	31	25
1x13	46	4	16	22	14	52	25
1x13	46	56	31	42	16	30	34
1x13	46	59	37	48	43	8	40
1x13	47	39	48	15	35	58	7
1x13	47	43	53	26	35	11	33
1x13	48	22	58	54	37	9	25
1x13	48	37	40	32	3	14	10
1x13	48	40	49	1	52	36	51
1x13	49	1	28	47	42	6	51
1x13	49	11	12	36	5	56	37
1x13	49	36	42	59	56	48	22
1x13	49	5	45	34	35	30	7
1x13	5	10	4	38	41	58	28
1x13	5	17	34	54	45	26	56
1x13	5	41	57	33	50	47	53
1x13	5	48	6	53	20	56	47
1x13	50	17	2	57	34	12	60
1x13	50	25	6	60	38	44	52
1x13	50	33	39	44	60	30	40
1x13	50	41	60	32	23	36	56
1x13	51	24	12	29	38	36	43
1x13	51	53	58	30	46	41	54
1x13	51	55	1	22	16	9	5
1x13	52	40	53	56	35	26	59
1x13	52	56	25	27	24	2	40
1x13	52	6	11	49	5	31	51
1x13	54	1	28	34	33	37	15
1x13	54	17	33	47	31	39	48
1x13	55	4	51	12	59	36	45
1x13	55	45	8	17	4	33	9
1x13	56	17	22	2	54	31	59
1x13	56	45	22	19	43	29	4
1x13	57	12	35	27	30	54	37
1x13	57	15	45	23	6	7	11
1x13	57	17	21	2	42	25	4
1x13	59	21	42	8	36	1	30
1x13	59	29	7	15	19	23	30
1x13	59	44	23	12	18	8	50
1x13	59	52	35	33	40	16	6
1x13	59	60	14	9	33	43	17
1x13	59	7	21	45	32	3	33
1x13	6	36	20	46	41	9	53
1x13	6	42	45	54	59	2	19
1x13	6	46	11	22	4	18	37
1x13	6	46	35	26	17	44	3
1x13	60	56	48	51	45	35	49
1x13	7	14	58	10	56	28	24
1x13	7	33	37	16	43	50	38
1x13	7	44	53	19	17	29	59
1x13	7	59	42	28	22	54	15
1x13	8	53	52	41	57	7	6
1x13	9	12	57	23	25	51	10
1x13	9	15	32	57	49	35	45
1x13	9	17	7	15	3	41	12
1x13	9	27	30	44	31	43	26
1x13	9	27	38	57	20	44	31
1x13	9	4	48	25	23	5	36
1x14	1	34	55	33	21	58	45
1x14	10	25	4	30	11	15	54
1x14	10	3	2	31	48	7	46
1x14	10	39	12	58	55	43	7
1x14	11	53	33	20	2	17	25
1x14	12	19	24	16	42	35	57
1x14	12	31	6	10	19	55	22
1x14	12	47	23	29	50	37	52
1x14	12	50	23	1	26	44	2
1x14	13	2	8	34	35	51	28
1x14	13	32	33	43	2	9	54
1x14	13	42	38	50	45	48	44
1x14	13	45	16	48	5	11	35
1x14	13	5	1	60	49	12	56
1x14	13	53	2	31	51	17	32
1x14	13	6	38	27	18	56	29
1x14	13	60	50	26	1	35	51
1x14	15	45	24	42	31	32	36
1x14	16	25	47	7	33	39	45
1x14	16	38	39	18	58	60	44
1x14	16	46	19	50	33	35	30
1x14	16	48	25	57	60	23	3
1x14	16	49	7	2	51	50	12
1x14	16	57	52	5	46	19	39
1x14	18	38	47	56	32	7	57
1x14	19	3	60	15	23	46	9
1x14	19	31	7	44	39	57	37
1x14	19	6	47	53	8	32	39
1x14	2	19	30	1	34	37	31
1x14	2	25	11	38	18	12	22
1x14	20	12	47	3	53	25	59
1x14	20	3	32	46	55	28	35
1x14	20	7	56	52	12	38	16
1x14	21	19	42	49	32	47	22
1x14	22	4	26	10	46	17	55
1x14	23	47	30	2	40	33	52
1x14	25	12	27	42	33	60	16
1x14	25	15	35	18	8	40	7
1x14	25	20	13	15	29	6	8
1x14	25	37	52	35	11	42	49
1x14	25	42	31	59	51	3	7
1x14	27	21	31	11	5	28	33
1x14	27	21	42	55	49	17	12
1x14	27	51	39	19	56	16	57
1x14	27	60	45	5	41	59	2
1x14	27	9	45	11	18	56	49
1x14	28	18	5	1	59	31	29
1x14	28	22	27	31	58	6	20
1x14	28	50	6	51	23	15	49
1x14	28	8	52	57	33	50	29
1x14	29	10	50	60	44	55	59
1x14	30	13	56	53	33	31	2
1x14	31	3	44	10	36	4	12
1x14	31	41	32	49	39	9	37
1x14	32	2	23	17	27	40	55
1x14	32	29	4	27	40	8	22
1x14	33	20	42	32	44	5	18
1x14	33	41	30	27	45	6	48
1x14	34	12	17	15	10	11	26
1x14	34	45	23	20	33	25	16
1x14	34	45	25	4	46	12	48
1x14	34	45	52	25	35	16	40
1x14	34	52	59	21	33	60	31
1x14	34	57	23	16	55	19	43
1x14	34	6	60	18	47	1	32
1x14	35	41	60	12	43	31	21
1x14	36	11	18	21	49	54	5
1x14	36	24	15	57	54	18	27
1x14	36	24	44	52	55	39	22
1x14	36	45	29	49	59	28	3
1x14	37	1	41	9	6	43	46
1x14	37	34	55	49	10	4	58
1x14	37	52	20	27	55	26	32
1x14	38	15	21	53	28	51	59
1x14	38	2	34	44	22	53	21
1x14	38	37	32	26	31	17	44
1x14	38	57	53	56	9	36	13
1x14	39	46	53	12	45	8	13
1x14	39	58	13	59	11	23	19
1x14	4	50	42	25	7	13	39
1x14	40	16	44	19	11	7	34
1x14	41	21	18	53	43	49	7
1x14	41	3	55	23	17	50	31
1x14	41	7	56	34	12	39	53
1x14	42	2	40	25	22	41	39
1x14	42	32	40	49	34	58	24
1x14	42	51	41	59	15	52	4
1x14	45	2	23	48	52	3	17
1x14	45	49	44	18	53	35	41
1x14	46	27	13	58	10	8	50
1x14	47	11	21	34	18	33	17
1x14	47	12	6	43	19	53	50
1x14	47	15	41	34	45	60	8
1x14	48	2	57	3	6	10	41
1x14	48	24	7	15	32	25	22
1x14	48	35	54	13	8	47	46
1x14	48	42	30	31	58	56	17
1x14	48	54	45	34	13	35	46
1x14	49	30	57	43	20	19	7
1x14	50	18	58	54	15	44	29
1x14	50	19	33	39	54	15	21
1x14	50	31	48	25	42	60	51
1x14	50	54	48	34	10	7	32
1x14	50	57	23	46	13	22	11
1x14	51	11	30	32	31	42	46
1x14	51	20	54	18	36	17	29
1x14	51	22	13	16	36	50	44
1x14	52	44	24	30	13	11	49
1x14	53	33	4	32	59	49	44
1x14	53	44	28	43	20	13	31
1x14	53	55	30	25	1	3	11
1x14	54	38	50	52	3	48	12
1x14	54	44	43	3	8	42	15
1x14	54	9	35	36	51	17	13
1x14	55	52	44	42	43	34	40
1x14	55	58	51	28	26	41	53
1x14	56	47	44	34	16	58	38
1x14	57	33	8	7	58	46	19
1x14	57	36	5	27	51	50	4
1x14	57	42	38	36	53	46	54
1x14	58	27	31	12	53	50	36
1x14	59	23	7	45	4	39	8
1x14	59	55	51	6	1	38	12
1x14	59	57	2	43	40	16	51
1x14	6	12	46	4	60	29	54
1x14	6	49	24	1	18	12	20
1x14	60	22	36	19	56	4	21
1x14	60	55	11	32	58	48	43
1x14	60	55	5	49	16	36	44
1x14	60	59	7	19	29	43	33
1x14	60	6	26	33	3	11	22
1x14	7	24	55	54	52	49	40
1x14	7	31	3	1	41	51	25
1x14	7	34	56	29	26	18	53
1x14	7	42	10	35	27	23	3
1x14	7	42	50	30	6	5	29
1x14	7	60	45	38	21	51	19
1x14	8	11	32	38	59	4	22
1x14	8	13	20	47	35	36	22
1x14	8	31	13	56	20	21	47
1x14	8	39	49	34	31	57	59
1x14	8	44	23	46	5	28	17
1x14	9	46	37	38	59	5	6
1x14	9	48	49	23	59	11	41
1x15	1	42	37	3	11	54	31
1x15	1	50	23	56	52	53	20
1x15	1	52	19	33	55	51	18
1x15	10	13	48	50	18	31	45
1x15	10	36	34	20	1	44	16
1x15	10	41	23	55	30	46	1
1x15	11	44	57	23	42	38	2
1x15	12	11	1	57	38	4	16
1x15	12	20	58	49	30	5	14
1x15	12	22	21	52	19	31	47
1x15	12	45	44	25	38	50	42
1x15	13	39	24	28	19	46	5
1x15	13	41	6	7	46	21	40
1x15	14	52	22	20	2	38	36
1x15	14	6	57	56	24	36	45
1x15	16	1	35	31	33	60	46
1x15	16	23	10	34	28	41	53
1x15	16	26	40	18	44	25	49
1x15	16	45	56	1	46	6	59
1x15	16	49	47	43	8	22	42
1x15	16	6	37	27	58	49	46
1x15	16	8	4	22	38	47	56
1x15	17	26	18	13	29	46	4
1x15	17	34	52	53	58	3	42
1x15	17	36	34	9	47	55	39
1x15	17	38	12	51	20	39	37
1x15	17	39	5	7	12	27	48
1x15	17	4	5	21	33	56	45
1x15	18	48	28	14	40	53	9
1x15	18	9	46	22	40	1	37
1x15	19	18	33	42	14	45	36
1x15	19	18	56	26	11	4	48
1x15	19	5	16	30	23	35	7
1x15	20	17	30	7	8	5	13
1x15	20	30	3	59	37	31	23
1x15	20	36	53	52	31	29	3
1x15	20	47	48	12	1	23	3
1x15	20	60	17	37	21	3	18
1x15	21	28	48	3	36	43	39
1x15	21	45	26	19	58	12	50
1x15	22	26	36	42	57	11	6
1x15	22	39	10	33	57	11	26
1x15	22	53	24	56	41	49	16
1x15	22	58	35	46	11	27	19
1x15	23	45	21	37	25	60	54
1x15	23	45	52	25	51	50	13
1x15	24	37	4	40	19	52	29
1x15	24	4	1	42	9	14	55
1x15	25	22	21	53	58	31	9
1x15	25	30	8	9	16	23	24
1x15	25	34	5	4	8	30	1
1x15	26	1	34	53	11	23	7
1x15	26	27	38	10	18	43	57
1x15	26	3	38	1	30	60	49
1x15	26	55	39	36	28	38	60
1x15	26	8	12	40	35	44	22
1x15	27	20	48	32	22	59	26
1x15	27	36	39	22	32	24	20
1x15	28	20	49	44	18	17	34
1x15	29	33	39	49	32	48	13
1x15	3	27	42	19	53	39	59
1x15	3	59	30	47	5	9	6
1x15	3	59	38	20	21	60	51
1x15	30	2	8	7	37	58	23
1x15	30	27	14	52	3	21	19
1x15	30	5	20	24	22	42	17
1x15	30	5	44	32	20	26	8
1x15	31	20	55	40	24	33	28
1x15	31	30	56	24	1	29	5
1x15	31	36	20	48	53	59	39
1x15	31	51	26	57	19	5	18
1x15	32	31	26	27	55	11	12
1x15	33	57	22	21	18	28	50
1x15	34	12	60	23	36	58	31
1x15	34	19	58	7	36	41	28
1x15	34	3	41	29	60	16	48
1x15	34	42	58	43	55	17	13
1x15	35	20	51	16	42	24	13
1x15	35	25	21	3	45	8	52
1x15	35	30	53	50	25	3	49
1x15	35	30	9	22	58	46	42
1x15	37	2	34	44	43	52	6
1x15	37	31	48	20	39	41	28
1x15	37	43	31	27	19	5	60
1x15	38	47	45	23	26	2	55
1x15	39	47	8	56	4	25	22
1x15	39	52	55	38	30	42	26
1x15	40	24	50	13	22	14	37
1x15	40	38	24	30	16	12	9
1x15	40	6	26	44	60	55	39
1x15	41	1	25	57	20	47	56
1x15	41	13	18	22	60	12	40
1x15	41	45	20	49	11	27	33
1x15	41	51	7	34	26	35	14
1x15	41	59	24	31	18	8	17
1x15	41	6	8	16	31	33	40
1x15	42	12	33	9	32	39	22
1x15	42	22	39	37	60	55	10
1x15	42	36	35	58	4	50	48
1x15	42	8	58	36	43	54	56
1x15	43	19	33	60	41	8	7
1x15	43	41	59	53	1	2	3
1x15	43	59	37	9	19	10	7
1x15	44	14	23	34	50	16	56
1x15	44	14	4	54	60	19	2
1x15	44	20	7	33	50	25	38
1x15	44	50	10	54	52	35	59
1x15	45	42	38	55	13	47	22
1x15	46	42	38	58	16	11	56
1x15	47	2	48	20	49	26	24
1x15	47	6	27	18	9	8	58
1x15	48	29	39	56	51	60	10
1x15	48	42	8	25	36	54	18
1x15	48	55	17	16	21	30	43
1x15	49	16	26	3	31	55	5
1x15	49	20	58	56	43	48	29
1x15	49	29	34	55	21	45	52
1x15	49	43	38	8	20	5	59
1x15	5	22	57	42	9	33	29
1x15	5	38	19	52	55	57	56
1x15	5	45	11	12	17	23	53
1x15	5	59	57	55	25	32	17
1x15	50	1	46	26	13	51	29
1x15	50	10	5	31	48	17	9
1x15	50	17	39	6	48	52	11
1x15	50	17	41	22	18	55	19
1x15	50	49	52	10	60	13	6
1x15	51	30	14	55	60	38	10
1x15	51	50	12	6	1	45	27
1x15	52	13	10	21	11	37	22
1x15	52	2	27	10	12	5	28
1x15	52	24	9	50	13	17	46
1x15	52	32	58	28	16	50	60
1x15	52	34	17	48	9	40	31
1x15	52	46	12	26	30	37	17
1x15	53	14	34	52	58	38	56
1x15	53	17	39	47	32	56	42
1x15	54	24	18	48	40	21	36
1x15	54	24	6	38	16	29	19
1x15	54	29	46	43	8	30	14
1x15	54	35	19	46	42	34	57
1x15	55	16	36	9	2	11	50
1x15	55	39	12	26	58	5	31
1x15	55	46	37	44	12	9	33
1x15	55	48	6	60	4	29	1
1x15	55	8	51	18	39	11	45
1x15	56	51	27	24	39	38	25
1x15	57	37	19	45	47	43	12
1x15	58	10	14	30	31	41	22
1x15	58	16	1	3	38	19	47
1x15	58	21	44	11	25	34	55
1x15	58	33	24	16	44	21	22
1x15	58	41	42	49	56	13	5
1x15	58	57	47	7	25	27	34
1x15	59	29	36	39	34	46	33
1x15	59	36	9	55	46	19	45
1x15	6	2	53	31	50	33	57
1x15	6	31	13	23	24	18	42
1x15	6	59	34	40	39	17	10
1x15	60	8	5	4	17	52	58
1x15	7	43	25	8	16	14	3
1x15	7	50	51	26	19	9	39
1x15	7	57	25	59	32	24	3
1x15	8	41	56	3	17	48	45
1x15	8	47	53	49	52	43	46
1x15	8	56	24	26	14	55	12
1x15	9	28	3	47	11	20	44
1x16	1	35	13	17	2	40	19
1x16	1	56	38	41	55	37	58
1x16	10	24	13	4	59	7	27
1x16	10	24	29	1	53	37	32
1x16	10	47	13	56	20	41	14
1x16	10	49	26	19	56	38	37
1x16	10	51	22	4	53	9	32
1x16	10	6	3	8	49	51	43
1x16	11	14	38	4	17	13	19
1x16	11	22	12	53	37	46	29
1x16	11	56	6	34	14	18	12
1x16	13	38	20	12	19	43	55
1x16	14	17	59	1	53	7	26
1x16	14	18	33	44	53	32	27
1x16	14	31	11	30	15	20	32
1x16	14	36	52	28	1	25	17
1x16	14	38	27	35	60	1	23
1x16	14	5	22	33	1	27	31
1x16	15	13	3	18	23	25	27
1x16	15	27	33	18	3	52	19
1x16	15	33	51	39	29	23	30
1x16	15	47	52	60	11	24	42
1x16	15	6	10	33	51	60	13
1x16	17	41	42	30	37	18	34
1x16	18	15	56	30	7	6	1
1x16	18	21	57	52	33	19	6
1x16	18	34	13	33	45	30	22
1x16	18	49	29	52	37	28	41
1x16	18	50	21	14	38	40	30
1x16	19	2	21	59	18	23	56
1x16	19	47	18	41	31	51	32
1x16	19	7	10	46	56	27	3
1x16	2	40	38	53	39	42	37
1x16	2	55	38	48	41	18	13
1x16	2	9	37	56	32	57	50
1x16	20	37	27	30	58	57	59
1x16	21	2	45	53	35	40	17
1x16	21	30	40	43	46	11	12
1x16	21	37	39	25	13	54	4
1x16	21	4	2	10	60	59	26
1x16	21	56	31	23	27	33	39
1x16	22	10	33	43	9	30	57
1x16	22	24	23	5	2	57	40
1x16	22	47	36	18	2	33	42
1x16	22	6	30	58	17	47	10
1x16	23	7	15	36	24	27	57
1x16	24	44	15	4	8	32	7
1x16	25	38	57	7	39	36	20
1x16	25	60	1	35	46	7	57
1x16	26	32	17	13	11	22	14
1x16	26	37	12	59	11	14	35
1x16	26	54	44	11	35	52	57
1x16	26	6	18	17	11	8	59
1x16	26	6	5	55	50	29	21
1x16	26	9	43	12	42	15	31
1x16	27	4	30	1	37	40	31
1x16	27	48	34	46	23	39	54
1x16	28	47	51	49	11	7	50
1x16	28	60	4	50	34	51	35
1x16	29	3	47	15	46	40	27
1x16	29	4	7	5	47	14	56
1x16	3	14	11	15	21	28	12
1x16	3	42	46	19	23	20	52
1x16	3	56	32	15	33	37	4
1x16	30	23	60	38	44	6	1
1x16	30	35	50	60	21	2	14
1x16	30	39	1	58	49	8	32
1x16	30	53	20	9	57	55	34
1x16	31	32	9	18	19	5	58
1x16	32	18	12	28	59	47	54
1x16	32	26	57	28	22	7	36
1x16	32	37	14	4	38	59	54
1x16	32	4	30	22	34	60	28
1x16	32	46	52	42	45	48	28
1x16	32	9	5	31	50	10	12
1x16	33	52	28	27	12	15	35
1x16	33	9	11	52	60	39	12
1x16	34	12	14	18	52	33	23
1x16	34	15	41	26	36	33	18
1x16	34	7	8	35	29	40	32
1x16	35	11	6	30	36	58	23
1x16	35	21	23	37	40	26	22
1x16	35	24	11	33	56	9	52
1x16	35	39	1	18	5	34	31
1x16	35	41	21	1	44	42	22
1x16	35	58	51	15	34	22	29
1x16	36	35	48	10	15	20	21
1x16	36	38	22	12	7	4	44
1x16	36	46	50	12	55	26	45
1x16	36	59	40	6	30	10	32
1x16	37	23	11	56	8	46	57
1x16	37	60	54	39	23	41	8
1x16	37	60	59	33	7	21	2
1x16	39	22	49	29	8	40	30
1x16	39	30	36	57	10	14	37
1x16	39	33	52	7	43	50	41
1x16	39	41	22	50	60	20	17
1x16	39	52	1	9	46	15	40
1x16	39	59	21	23	33	51	31
1x16	4	13	9	46	25	31	17
1x16	40	52	4	2	32	39	31
1x16	40	60	36	30	32	38	20
1x16	41	6	47	13	2	3	57
1x16	42	34	18	9	4	14	49
1x16	42	4	21	39	40	31	10
1x16	44	21	10	30	53	52	2
1x16	45	39	24	52	13	42	54
1x16	46	31	8	9	32	55	28
1x16	46	38	2	8	45	22	14
1x16	46	38	43	13	42	52	57
1x16	46	5	42	6	60	24	30
1x16	47	37	33	4	46	14	41
1x16	48	27	39	26	3	38	37
1x16	48	5	21	7	41	59	24
1x16	48	6	1	45	4	54	37
1x16	49	48	27	54	47	15	29
1x16	49	52	8	42	44	29	6
1x16	5	29	36	31	56	51	2
1x16	5	36	11	9	12	20	17
1x16	5	42	46	9	2	13	56
1x16	50	33	23	44	37	9	25
1x16	50	35	28	27	11	57	23
1x16	51	15	21	18	6	40	25
1x16	51	2	20	9	18	48	49
1x16	51	47	37	9	35	59	28
1x16	51	7	60	15	28	25	44
1x16	52	11	8	48	10	24	6
1x16	52	20	46	3	12	2	50
1x16	53	23	45	15	43	38	31
1x16	53	37	51	44	46	42	30
1x16	53	51	13	47	26	46	14
1x16	53	51	26	14	27	35	17
1x16	54	29	24	9	28	32	46
1x16	54	52	56	21	57	18	60
1x16	55	15	31	32	60	37	56
1x16	55	22	23	54	4	26	49
1x16	56	18	49	1	15	44	60
1x16	56	29	19	52	17	28	51
1x16	56	3	28	38	47	19	52
1x16	56	35	13	26	22	1	19
1x16	56	47	52	41	20	32	39
1x16	56	7	10	41	13	45	36
1x16	57	15	51	53	36	13	27
1x16	57	47	3	5	18	17	20
1x16	58	29	37	36	8	3	46
1x16	58	31	32	50	24	14	27
1x16	58	47	40	28	42	50	54
1x16	59	15	38	19	36	52	37
1x16	59	46	60	6	47	4	48
1x16	59	49	10	31	46	8	45
1x16	59	54	50	44	24	36	1
1x16	6	41	14	15	27	30	33
1x16	6	45	18	33	7	54	59
1x16	60	37	3	55	41	9	31
1x16	7	27	37	34	57	28	42
1x16	7	52	29	19	33	43	51
1x16	7	59	20	32	23	43	41
1x16	9	39	44	13	36	52	32
1x16	9	48	43	37	19	58	3
1x16	9	50	22	57	29	4	19
1x16	9	6	55	39	37	60	26
1x17	1	10	22	3	27	20	53
1x17	1	20	6	40	27	26	5
1x17	1	30	48	9	37	45	20
1x17	1	38	42	25	33	37	48
1x17	1	39	44	21	24	15	43
1x17	10	12	14	6	25	50	26
1x17	10	33	59	4	3	45	28
1x17	11	1	56	22	19	14	58
1x17	11	24	30	35	55	39	52
1x17	11	33	5	14	41	28	6
1x17	11	4	5	41	50	49	13
1x17	11	47	48	10	1	4	50
1x17	12	16	11	22	59	7	26
1x17	12	49	22	33	39	53	13
1x17	13	15	40	37	23	8	2
1x17	13	36	19	44	23	28	21
1x17	13	42	6	10	50	28	11
1x17	13	45	39	56	47	29	20
1x17	13	55	60	41	21	2	30
1x17	13	60	41	30	19	57	26
1x17	14	31	34	38	4	59	56
1x17	14	41	5	37	23	28	1
1x17	15	54	23	28	29	14	53
1x17	15	9	28	46	34	48	57
1x17	16	59	44	41	20	56	38
1x17	18	3	37	43	13	7	24
1x17	18	3	54	45	58	36	21
1x17	19	27	38	30	44	60	24
1x17	19	30	54	42	8	28	49
1x17	19	43	22	20	24	33	50
1x17	2	33	43	39	50	7	51
1x17	2	57	50	34	12	16	11
1x17	20	33	24	56	4	47	36
1x17	20	35	33	59	22	6	26
1x17	20	38	43	46	7	23	2
1x17	20	40	6	23	54	50	38
1x17	21	34	1	4	25	46	16
1x17	22	47	33	51	30	13	12
1x17	22	52	39	37	14	5	12
1x17	23	11	57	1	26	6	36
1x17	23	15	12	56	7	48	22
1x17	23	29	38	57	39	19	46
1x17	23	31	20	48	33	32	27
1x17	24	44	34	20	33	3	56
1x17	24	60	34	6	11	54	47
1x17	25	18	50	45	47	38	20
1x17	25	35	24	1	3	40	5
1x17	25	49	6	28	10	54	33
1x17	26	31	10	39	2	16	58
1x17	26	37	31	24	35	18	20
1x17	26	51	16	39	55	33	4
1x17	26	53	1	55	50	60	4
1x17	27	1	28	12	18	50	54
1x17	27	21	9	58	53	15	2
1x17	27	59	9	54	37	50	7
1x17	28	50	18	55	14	5	39
1x17	29	23	43	26	18	37	33
1x17	29	25	5	44	40	19	27
1x17	29	5	26	27	7	50	15
1x17	3	56	6	28	51	32	58
1x17	3	6	35	50	7	28	4
1x17	30	26	3	5	43	1	14
1x17	31	11	60	53	46	30	7
1x17	31	4	46	5	16	59	1
1x17	31	42	22	59	33	1	49
1x17	32	28	4	29	1	20	49
1x17	32	29	26	48	9	13	33
1x17	32	4	25	15	37	13	19
1x17	32	54	47	50	34	9	30
1x17	32	60	56	24	3	12	46
1x17	33	16	50	8	34	41	29
1x17	34	21	59	14	16	48	5
1x17	34	6	5	8	51	7	35
1x17	37	12	24	28	56	1	8
1x17	37	12	45	40	23	50	34
1x17	37	12	45	53	33	19	26
1x17	37	16	42	54	50	32	41
1x17	37	25	15	48	56	4	30
1x17	37	36	20	33	39	12	13
1x17	37	36	50	44	8	49	5
1x17	37	41	27	21	7	36	32
1x17	37	41	38	44	40	21	13
1x17	38	39	41	26	5	29	20
1x17	38	53	32	8	45	19	21
1x17	38	55	1	21	36	51	30
1x17	38	57	45	7	19	4	10
1x17	38	58	1	10	13	23	8
1x17	39	12	40	36	42	51	5
1x17	4	11	19	20	59	25	28
1x17	4	13	40	28	47	55	19
1x17	4	47	23	48	29	37	38
1x17	40	35	20	51	15	37	34
1x17	40	7	46	12	6	29	2
1x17	41	18	2	53	45	15	31
1x17	41	21	4	11	5	23	20
1x17	42	20	52	18	3	15	13
1x17	42	37	52	25	59	47	32
1x17	42	47	57	45	19	4	11
1x17	43	60	22	19	28	36	48
1x17	44	16	51	8	12	2	18
1x17	45	30	13	1	9	21	22
1x17	45	51	58	36	14	56	49
1x17	46	11	5	18	8	31	56
1x17	46	39	49	1	18	33	56
1x17	46	47	37	3	20	22	7
1x17	47	27	16	1	28	2	10
1x17	47	29	34	1	32	9	4
1x17	47	3	60	23	42	30	13
1x17	47	33	43	23	60	34	46
1x17	47	4	44	21	51	14	39
1x17	47	41	38	6	59	27	58
1x17	47	43	44	46	57	14	59
1x17	47	50	8	42	28	32	4
1x17	47	55	32	35	38	2	4
1x17	47	60	19	57	3	51	21
1x17	48	20	22	52	7	55	8
1x17	48	37	51	33	22	13	21
1x17	48	45	27	13	24	49	58
1x17	48	5	43	50	60	54	9
1x17	48	60	23	59	40	18	22
1x17	49	33	55	29	31	19	18
1x17	5	10	50	32	45	31	12
1x17	5	43	49	50	48	22	9
1x17	50	54	26	33	35	16	8
1x17	51	25	39	42	19	60	16
1x17	51	50	31	25	58	27	37
1x17	52	23	5	40	33	58	51
1x17	52	24	53	25	15	45	46
1x17	52	28	7	33	1	37	2
1x17	52	48	2	20	26	33	30
1x17	53	10	58	36	55	60	12
1x17	53	43	39	45	14	47	10
1x17	53	45	26	3	35	16	34
1x17	53	52	34	19	2	11	30
1x17	53	60	42	5	38	24	35
1x17	54	19	36	14	56	44	30
1x17	54	51	24	41	57	36	6
1x17	55	4	51	56	58	5	38
1x17	56	4	8	42	51	5	28
1x17	56	48	33	12	18	31	53
1x17	57	14	49	60	7	39	23
1x17	57	23	27	32	33	37	19
1x17	57	4	44	37	28	24	39
1x17	57	59	12	40	2	31	6
1x17	58	21	29	53	10	37	52
1x17	58	3	19	32	21	27	4
1x17	58	34	48	21	28	1	27
1x17	58	38	26	43	21	1	29
1x17	59	35	40	2	48	51	37
1x17	59	48	2	20	53	47	54
1x17	6	14	43	41	33	35	48
1x17	6	36	24	9	40	13	19
1x17	6	36	47	2	52	5	29
1x17	6	44	36	50	12	19	47
1x17	60	56	19	11	33	22	18
1x17	7	57	9	42	39	18	23
1x17	8	1	26	50	42	20	29
1x17	8	19	55	13	53	38	56
1x17	8	22	13	48	11	55	39
1x17	8	31	38	43	28	7	20
1x17	9	25	32	50	48	53	4
1x17	9	26	33	20	18	6	59
1x17	9	41	42	32	46	44	20
1x17	9	6	53	2	46	16	44
1x18	1	44	54	48	55	28	23
1x18	10	27	45	17	15	48	1
1x18	10	28	38	7	31	36	56
1x18	10	44	40	33	13	26	20
1x18	11	22	1	56	16	32	35
1x18	11	29	40	55	59	4	5
1x18	11	40	26	38	42	29	32
1x18	11	55	13	53	6	28	39
1x18	12	24	47	48	30	49	8
1x18	12	39	14	1	30	50	46
1x18	13	59	6	15	24	31	21
1x18	14	1	26	50	33	8	27
1x18	14	31	12	56	53	43	9
1x18	14	42	28	48	46	27	10
1x18	14	57	44	41	5	26	35
1x18	15	42	21	29	30	34	36
1x18	16	13	36	45	7	51	14
1x18	16	3	39	29	13	7	15
1x18	17	29	14	7	15	51	26
1x18	17	4	48	54	33	28	60
1x18	17	41	48	7	10	42	49
1x18	17	42	21	15	57	39	19
1x18	19	12	14	45	49	39	21
1x18	19	13	9	7	26	33	21
1x18	19	29	34	10	8	60	42
1x18	19	40	25	32	42	16	59
1x18	19	42	9	32	54	15	30
1x18	19	46	40	55	12	49	39
1x18	2	32	12	38	1	13	5
1x18	20	3	13	55	4	33	30
1x18	20	37	19	44	10	50	28
1x18	20	48	29	45	4	40	2
1x18	20	57	32	12	50	56	7
1x18	21	10	31	17	60	1	36
1x18	21	28	23	5	42	60	41
1x18	21	3	45	13	41	23	52
1x18	21	48	46	49	40	51	37
1x18	22	15	34	21	51	43	10
1x18	22	21	20	14	5	47	11
1x18	22	51	37	58	27	19	10
1x18	23	24	19	36	25	3	30
1x18	23	34	55	15	38	40	4
1x18	24	2	32	26	33	39	60
1x18	24	28	48	17	39	21	16
1x18	24	51	38	12	21	19	1
1x18	25	19	44	22	9	11	52
1x18	25	28	39	10	48	31	43
1x18	25	41	42	13	33	14	26
1x18	25	55	40	48	27	44	1
1x18	25	55	54	27	41	48	6
1x18	26	16	8	6	48	59	21
1x18	26	28	53	6	10	9	4
1x18	26	29	38	3	32	27	14
1x18	27	16	56	38	50	2	36
1x18	27	19	25	28	22	7	5
1x18	27	24	6	57	48	1	10
1x18	27	30	51	2	43	49	12
1x18	27	57	1	23	43	5	47
1x18	27	9	41	25	53	50	8
1x18	28	1	58	44	37	29	8
1x18	28	15	31	54	41	7	35
1x18	28	26	12	16	11	8	53
1x18	28	41	14	54	47	35	16
1x18	3	25	6	56	36	41	51
1x18	3	26	54	15	35	56	36
1x18	3	43	12	6	28	51	44
1x18	31	27	48	4	37	10	12
1x18	31	34	51	5	3	60	43
1x18	31	34	58	53	8	20	12
1x18	32	31	38	53	37	50	52
1x18	32	39	9	59	34	54	46
1x18	32	40	31	59	60	9	6
1x18	34	21	35	37	47	6	10
1x18	34	23	6	13	16	33	2
1x18	34	30	25	8	13	31	16
1x18	34	39	48	13	58	15	35
1x18	34	41	50	2	52	24	26
1x18	34	43	44	11	17	1	39
1x18	35	30	24	21	11	3	44
1x18	35	39	51	1	17	3	22
1x18	35	56	27	46	12	20	9
1x18	36	19	21	16	34	2	13
1x18	36	55	3	44	25	6	20
1x18	37	23	15	43	60	32	39
1x18	37	33	20	48	21	35	9
1x18	38	60	9	51	58	40	19
1x18	38	8	56	45	22	26	20
1x18	39	15	10	17	60	40	21
1x18	39	2	56	28	36	57	17
1x18	39	55	25	12	9	53	6
1x18	40	1	58	19	8	10	37
1x18	40	58	11	9	34	23	31
1x18	41	10	55	34	47	16	20
1x18	41	37	40	5	43	54	27
1x18	41	7	19	26	1	5	29
1x18	42	31	1	29	60	44	20
1x18	42	33	3	13	56	52	57
1x18	42	60	1	34	5	41	23
1x18	43	2	21	36	33	57	7
1x18	43	23	46	22	5	20	50
1x18	43	37	24	26	46	44	38
1x18	43	41	12	60	23	37	53
1x18	44	41	35	53	11	59	45
1x18	45	17	46	25	5	47	16
1x18	45	41	53	8	21	30	3
1x18	45	50	27	29	1	42	2
1x18	45	52	6	54	21	17	12
1x18	45	55	46	37	12	20	42
1x18	46	11	21	24	32	47	23
1x18	46	2	42	55	8	23	3
1x18	46	20	6	40	56	17	54
1x18	46	34	1	35	5	30	16
1x18	46	35	28	54	30	15	53
1x18	46	8	54	16	6	24	32
1x18	47	12	49	36	57	37	13
1x18	47	45	57	24	38	43	23
1x18	48	16	37	29	21	42	36
1x18	48	45	30	27	59	42	52
1x18	49	33	16	1	39	21	37
1x18	50	21	2	60	36	22	31
1x18	50	52	51	5	13	16	44
1x18	50	6	22	12	8	19	10
1x18	51	28	54	9	55	6	36
1x18	51	30	24	26	55	15	52
1x18	51	30	47	49	1	35	37
1x18	51	5	55	45	4	8	31
1x18	52	13	6	59	48	16	43
1x18	52	15	42	12	51	2	38
1x18	52	31	38	35	39	13	34
1x18	52	42	41	55	58	51	38
1x18	52	50	5	51	53	59	12
1x18	53	42	9	35	59	60	22
1x18	53	46	59	28	13	42	9
1x18	53	50	19	37	16	4	21
1x18	53	51	7	31	36	33	39
1x18	53	58	34	59	12	52	15
1x18	54	53	31	27	3	8	42
1x18	54	58	13	59	3	30	50
1x18	54	58	32	34	24	13	6
1x18	55	34	32	30	3	1	46
1x18	55	6	26	28	5	44	1
1x18	56	14	1	10	33	2	23
1x18	56	40	59	10	33	21	53
1x18	56	50	60	28	37	59	7
1x18	57	21	54	11	17	30	28
1x18	57	23	24	47	36	38	1
1x18	57	53	6	23	54	58	41
1x18	57	7	27	54	12	25	58
1x18	58	21	4	52	32	44	40
1x18	58	54	26	24	28	27	38
1x18	59	26	51	30	60	55	47
1x18	59	52	36	17	22	29	8
1x18	6	19	41	44	21	46	3
1x18	6	20	58	40	46	44	28
1x18	6	27	51	55	28	53	16
1x18	6	30	26	56	20	50	29
1x18	6	47	31	24	37	51	50
1x18	6	51	17	21	56	31	40
1x18	6	9	45	37	51	43	34
1x18	60	30	11	42	12	27	47
1x18	7	25	40	53	12	57	31
1x18	7	42	3	32	38	5	30
1x18	7	50	21	13	5	34	39
1x18	8	25	49	59	29	36	4
1x18	8	28	16	39	54	14	50
1x18	8	41	17	32	5	43	1
1x18	8	48	44	28	46	53	27
1x18	8	50	47	5	15	42	17
1x18	9	11	37	45	17	51	54
1x19	1	34	12	16	17	55	8
1x19	1	40	7	18	8	16	59
1x19	10	53	43	51	9	25	26
1x19	11	20	17	30	52	12	25
1x19	11	21	44	20	33	57	59
1x19	11	24	28	52	8	27	14
1x19	11	33	27	10	28	56	1
1x19	11	48	51	35	1	38	7
1x19	12	7	11	10	52	29	39
1x19	13	25	15	50	43	8	4
1x19	13	47	28	39	55	36	3
1x19	14	29	13	10	35	41	58
1x19	14	5	43	27	17	3	30
1x19	14	50	43	39	8	12	13
1x19	14	59	60	10	54	11	38
1x19	15	57	20	38	11	18	17
1x19	16	8	10	42	49	18	32
1x19	17	45	29	10	44	39	42
1x19	17	48	44	51	7	18	20
1x19	18	25	24	58	45	22	3
1x19	18	3	37	23	53	12	51
1x19	18	46	37	22	14	51	10
1x19	18	57	8	15	54	6	9
1x19	2	49	51	57	47	13	55
1x19	20	35	36	9	33	6	13
1x19	20	57	25	11	35	47	21
1x19	20	7	12	55	39	37	6
1x19	21	34	31	45	6	3	48
1x19	21	42	27	35	12	14	24
1x19	21	53	30	44	18	24	28
1x19	21	56	51	18	5	41	54
1x19	22	24	1	42	54	50	23
1x19	23	11	5	12	17	20	58
1x19	23	13	39	32	1	49	5
1x19	23	55	30	9	40	26	52
1x19	24	13	55	37	44	52	49
1x19	24	31	44	39	11	33	47
1x19	24	39	50	40	38	18	47
1x19	24	60	9	53	3	4	44
1x19	25	9	29	35	22	48	53
1x19	26	18	7	1	52	56	53
1x19	26	4	30	10	45	52	18
1x19	26	52	28	49	47	54	60
1x19	26	9	35	24	17	52	14
1x19	27	40	8	13	50	48	4
1x19	29	17	24	6	9	22	36
1x19	29	31	51	32	56	42	10
1x19	29	48	12	42	28	45	40
1x19	29	57	50	18	11	51	21
1x19	29	60	35	46	32	8	15
1x19	3	33	1	60	18	40	2
1x19	3	34	50	30	8	40	29
1x19	3	41	27	21	20	10	60
1x19	30	16	37	34	28	58	12
1x19	30	16	5	6	35	38	25
1x19	30	21	46	18	47	3	8
1x19	30	40	37	22	55	52	21
1x19	30	54	51	43	39	24	6
1x19	31	35	21	33	48	22	47
1x19	32	17	7	34	42	10	52
1x19	33	38	25	34	46	20	21
1x19	33	4	9	12	46	37	10
1x19	33	46	58	54	13	28	40
1x19	33	54	17	13	45	12	8
1x19	34	36	35	20	59	30	38
1x19	36	29	27	25	31	35	42
1x19	36	31	60	32	38	25	45
1x19	36	44	24	6	11	23	48
1x19	36	49	8	16	31	53	57
1x19	37	38	21	55	39	8	60
1x19	37	57	50	11	38	13	22
1x19	38	13	27	55	60	30	36
1x19	38	27	30	6	10	57	47
1x19	38	6	17	55	48	14	16
1x19	39	14	47	7	51	53	21
1x19	39	45	48	52	10	46	42
1x19	39	54	30	60	59	58	29
1x19	4	21	30	52	33	12	44
1x19	4	22	37	38	30	1	27
1x19	4	23	36	38	34	40	46
1x19	4	56	37	41	57	6	58
1x19	40	31	2	50	57	55	4
1x19	40	56	39	36	13	50	8
1x19	41	1	51	56	32	50	53
1x19	41	31	43	2	27	34	12
1x19	41	6	24	48	10	29	21
1x19	41	60	28	18	59	21	47
1x19	42	16	37	12	21	32	23
1x19	42	32	27	1	59	37	49
1x19	42	4	39	30	10	37	17
1x19	42	48	4	36	15	38	60
1x19	43	28	18	30	20	3	6
1x19	43	34	14	57	29	4	8
1x19	43	44	22	7	37	40	21
1x19	44	26	49	29	11	57	32
1x19	44	56	13	52	48	25	42
1x19	45	18	15	32	58	26	33
1x19	45	2	53	60	44	25	58
1x19	45	33	36	14	59	7	58
1x19	45	51	6	48	30	52	54
1x19	45	53	23	56	12	40	2
1x19	46	10	5	11	55	13	9
1x19	46	34	6	50	35	4	52
1x19	46	4	56	43	59	39	12
1x19	46	40	43	8	44	36	27
1x19	46	42	11	28	12	58	20
1x19	47	11	42	14	9	4	1
1x19	47	16	56	10	22	13	54
1x19	47	28	54	36	1	44	60
1x19	47	30	53	20	1	48	38
1x19	47	32	9	10	2	57	33
1x19	47	4	8	31	20	22	28
1x19	47	52	51	27	18	49	34
1x19	47	59	12	46	26	13	15
1x19	48	34	42	30	9	51	17
1x19	48	50	14	43	5	4	29
1x19	48	52	53	6	44	50	10
1x19	49	58	21	34	20	8	11
1x19	5	53	28	21	2	26	38
1x19	5	56	49	57	46	2	15
1x19	50	40	46	5	44	8	4
1x19	50	51	27	33	24	32	22
1x19	51	13	1	24	10	27	55
1x19	51	22	24	21	30	55	20
1x19	51	56	58	14	28	1	2
1x19	51	8	40	38	1	9	13
1x19	52	2	25	24	14	17	12
1x19	52	35	57	22	37	32	10
1x19	52	60	53	14	28	55	16
1x19	53	15	46	34	60	47	17
1x19	53	57	34	37	15	45	33
1x19	55	30	44	17	51	36	46
1x19	55	54	17	11	36	2	37
1x19	55	58	29	25	32	30	6
1x19	56	21	41	29	42	53	35
1x19	56	27	21	47	50	58	17
1x19	56	41	40	35	14	29	58
1x19	56	44	48	36	33	49	42
1x19	56	48	8	46	22	29	37
1x19	58	53	56	17	12	46	15
1x19	59	20	7	2	25	14	21
1x19	59	58	57	27	14	56	5
1x19	6	20	4	13	43	46	41
1x19	6	44	33	12	5	38	15
1x19	6	56	20	25	9	36	55
1x19	7	12	30	35	40	25	38
1x19	7	16	5	6	50	25	30
1x19	7	30	3	1	22	38	54
1x19	7	4	50	14	2	3	18
1x19	8	17	26	60	51	31	58
1x19	8	26	4	35	1	46	43
1x19	8	45	26	57	5	24	9
1x2	1	13	37	16	22	23	43
1x2	1	21	48	52	37	36	32
1x2	1	23	31	9	10	12	52
1x2	1	35	26	5	14	20	46
1x2	10	19	43	50	60	36	14
1x2	10	20	28	17	35	38	27
1x2	10	46	49	25	54	23	55
1x2	10	5	50	36	37	14	24
1x2	10	5	53	4	50	11	47
1x2	10	7	39	4	18	43	31
1x2	11	30	7	34	26	29	23
1x2	11	8	3	21	54	40	39
1x2	12	10	44	27	9	11	25
1x2	12	37	1	59	27	11	54
1x2	13	22	28	56	26	43	20
1x2	13	46	56	12	51	22	52
1x2	14	24	45	26	5	50	27
1x2	14	25	44	17	28	4	39
1x2	14	39	41	23	33	24	21
1x2	14	54	28	32	36	13	24
1x2	15	1	5	19	14	34	38
1x2	15	19	55	60	35	13	37
1x2	16	18	52	24	41	8	6
1x2	16	31	50	53	41	24	21
1x2	16	41	11	10	14	36	43
1x2	17	37	33	44	25	11	55
1x2	17	43	38	40	56	5	54
1x2	18	22	12	39	55	50	20
1x2	18	3	28	1	31	24	25
1x2	19	53	33	14	16	32	36
1x2	19	9	23	32	5	48	31
1x2	20	50	15	30	21	55	35
1x2	21	3	15	41	28	44	46
1x2	21	31	50	30	6	24	29
1x2	21	42	45	59	47	29	6
1x2	22	21	52	54	55	49	24
1x2	22	48	54	12	45	21	26
1x2	22	52	3	38	53	5	57
1x2	23	14	25	54	33	42	32
1x2	24	18	32	11	44	59	3
1x2	24	38	44	43	37	55	16
1x2	24	42	29	55	6	46	13
1x2	24	55	9	31	41	51	50
1x2	24	8	20	1	29	51	7
1x2	25	19	12	53	33	58	10
1x2	25	27	14	43	4	49	33
1x2	25	33	53	9	6	40	57
1x2	25	6	56	37	47	28	34
1x2	26	49	5	21	53	35	39
1x2	26	5	31	52	39	8	42
1x2	26	55	53	8	56	23	29
1x2	26	6	36	37	50	4	53
1x2	27	22	47	26	14	20	49
1x2	27	28	30	57	34	11	6
1x2	27	37	53	46	40	54	23
1x2	27	39	21	18	17	35	20
1x2	27	40	42	34	52	10	43
1x2	27	55	13	26	12	4	15
1x2	28	22	54	25	23	12	31
1x2	28	45	32	35	49	60	7
1x2	28	57	25	20	59	32	6
1x2	28	60	31	32	17	40	14
1x2	29	23	24	50	9	15	42
1x2	29	44	10	52	36	26	14
1x2	3	31	60	25	55	7	15
1x2	3	4	45	1	8	15	39
1x2	30	3	26	34	56	31	21
1x2	30	48	40	29	24	25	47
1x2	30	49	7	50	36	3	47
1x2	30	57	17	55	26	6	22
1x2	31	30	50	28	9	1	47
1x2	31	52	25	5	12	18	4
1x2	32	13	24	21	25	49	42
1x2	32	14	35	24	22	44	50
1x2	32	31	20	26	42	7	21
1x2	32	57	13	36	51	21	59
1x2	32	8	48	44	26	25	20
1x2	33	14	31	43	45	37	15
1x2	33	24	36	23	51	38	59
1x2	33	40	23	22	14	32	9
1x2	34	55	46	30	14	25	12
1x2	34	7	59	44	15	22	9
1x2	35	20	10	26	14	60	21
1x2	35	43	27	7	52	11	57
1x2	35	8	13	19	14	48	27
1x2	36	27	40	6	21	55	51
1x2	37	13	11	24	22	6	20
1x2	37	39	56	28	47	45	49
1x2	38	56	48	12	11	27	37
1x2	4	12	44	22	48	9	60
1x2	4	44	34	9	1	58	36
1x2	40	29	15	4	34	35	13
1x2	40	31	34	51	29	27	48
1x2	42	33	10	28	32	39	9
1x2	42	46	12	54	50	52	23
1x2	42	56	58	55	51	19	44
1x2	43	31	47	48	39	24	25
1x2	43	34	49	15	57	54	21
1x2	43	5	58	37	39	57	24
1x2	43	50	7	36	29	11	22
1x2	44	26	52	36	37	24	21
1x2	45	47	58	16	4	13	49
1x2	46	11	15	59	22	40	3
1x2	46	29	25	42	54	19	47
1x2	46	44	31	58	12	51	6
1x2	46	6	36	43	39	24	60
1x2	46	9	33	16	20	57	21
1x2	46	9	37	52	10	12	55
1x2	47	40	16	49	20	59	57
1x2	48	33	24	57	43	11	53
1x2	49	32	37	40	55	42	6
1x2	49	42	15	21	34	7	47
1x2	49	5	42	43	35	14	8
1x2	5	24	28	40	30	10	16
1x2	5	46	10	21	13	15	39
1x2	51	22	28	36	47	59	26
1x2	52	43	17	47	12	24	33
1x2	53	22	36	23	15	41	24
1x2	53	44	1	56	24	15	30
1x2	54	10	39	47	42	22	25
1x2	54	60	44	59	17	46	55
1x2	55	23	34	27	58	44	25
1x2	55	29	33	6	49	7	31
1x2	55	30	8	21	24	29	22
1x2	55	31	33	40	37	49	9
1x2	55	48	16	49	37	47	10
1x2	56	11	47	58	36	54	16
1x2	56	12	10	31	47	42	33
1x2	56	21	3	24	11	8	29
1x2	56	55	29	57	13	19	46
1x2	57	16	45	26	39	5	41
1x2	57	27	37	49	52	28	41
1x2	58	38	35	4	9	40	50
1x2	58	54	27	55	35	30	46
1x2	59	13	29	9	6	41	49
1x2	59	26	25	3	33	10	47
1x2	59	33	40	32	13	18	46
1x2	6	23	50	9	52	20	33
1x2	6	31	10	39	7	16	24
1x2	6	47	5	10	30	43	41
1x2	60	26	28	16	46	53	25
1x2	60	44	13	45	19	1	14
1x2	60	44	57	47	32	48	7
1x2	60	7	34	27	58	43	20
1x2	7	11	50	24	10	35	59
1x2	7	58	5	16	24	31	28
1x2	7	59	13	31	27	17	12
1x2	8	14	60	48	36	27	35
1x2	8	15	26	9	39	40	50
1x2	9	56	53	49	41	10	30
1x20	1	14	6	24	33	54	22
1x20	1	5	11	39	27	38	18
1x20	1	51	54	29	32	24	43
1x20	1	59	3	30	2	25	49
1x20	10	26	17	22	8	4	21
1x20	10	59	60	27	11	6	37
1x20	11	39	53	52	29	32	3
1x20	11	51	42	27	40	8	33
1x20	12	19	51	8	38	15	52
1x20	12	40	18	7	9	53	29
1x20	12	51	49	25	18	53	40
1x20	14	31	28	41	27	49	23
1x20	14	47	31	26	4	1	43
1x20	14	48	44	21	47	29	23
1x20	15	24	48	43	30	36	47
1x20	15	54	40	41	26	11	14
1x20	16	34	44	13	9	7	6
1x20	16	34	8	5	51	9	1
1x20	16	52	22	57	40	41	42
1x20	16	55	58	33	44	36	51
1x20	16	9	40	1	29	4	3
1x20	17	4	5	54	37	26	16
1x20	17	57	25	31	38	13	5
1x20	19	14	55	27	49	50	35
1x20	19	18	17	10	5	31	42
1x20	19	28	30	6	35	53	1
1x20	19	36	17	24	5	47	14
1x20	2	22	47	37	50	17	21
1x20	2	26	44	38	59	33	51
1x20	2	32	8	54	22	24	5
1x20	2	37	50	57	52	7	60
1x20	2	52	57	43	35	47	7
1x20	2	53	36	42	13	15	31
1x20	2	8	4	57	11	34	60
1x20	21	12	38	24	29	19	56
1x20	21	34	43	57	45	41	40
1x20	21	45	31	22	29	17	5
1x20	22	27	14	41	42	39	24
1x20	22	39	51	49	13	28	15
1x20	23	11	36	59	38	46	51
1x20	23	13	57	46	29	12	55
1x20	23	25	56	57	60	3	1
1x20	23	52	24	7	28	29	43
1x20	23	9	35	38	41	25	45
1x20	24	19	6	48	50	5	28
1x20	24	56	19	34	57	52	4
1x20	25	16	6	34	40	23	53
1x20	25	26	13	47	19	33	31
1x20	25	3	18	1	14	15	29
1x20	25	38	30	45	58	19	26
1x20	25	42	48	43	59	24	30
1x20	25	54	17	19	4	27	51
1x20	26	24	59	58	54	53	42
1x20	27	12	48	31	40	49	22
1x20	27	37	59	49	57	33	23
1x20	27	5	39	33	58	21	11
1x20	28	10	9	41	59	11	15
1x20	28	39	40	25	58	21	48
1x20	29	22	27	4	9	45	46
1x20	29	31	9	16	32	34	55
1x20	29	33	5	56	8	1	52
1x20	29	50	59	46	58	42	4
1x20	29	59	3	10	54	25	2
1x20	3	2	1	6	12	7	19
1x20	3	50	44	27	56	14	51
1x20	30	18	50	14	44	47	59
1x20	30	18	60	41	16	26	58
1x20	30	19	14	5	7	16	31
1x20	30	28	33	57	46	53	58
1x20	30	37	38	14	35	12	34
1x20	30	42	5	38	58	51	12
1x20	30	55	31	42	54	16	49
1x20	31	44	7	14	40	57	19
1x20	32	10	33	13	24	37	48
1x20	32	23	17	12	36	3	14
1x20	32	42	12	48	31	16	54
1x20	33	12	35	14	13	51	26
1x20	33	14	45	8	35	25	23
1x20	33	27	19	28	57	8	42
1x20	33	43	18	48	2	23	29
1x20	33	52	3	6	25	12	27
1x20	34	11	10	6	45	41	27
1x20	34	30	38	60	12	44	13
1x20	34	42	19	28	40	50	49
1x20	34	43	2	35	14	49	33
1x20	34	51	13	4	5	6	49
1x20	34	56	29	10	40	7	1
1x20	35	29	49	39	45	52	3
1x20	35	41	22	48	45	54	47
1x20	35	41	45	54	9	22	27
1x20	35	53	42	7	57	46	34
1x20	35	55	39	31	27	54	1
1x20	36	9	51	29	5	45	33
1x20	37	17	4	8	41	42	23
1x20	37	29	51	19	42	35	10
1x20	37	33	43	41	28	32	42
1x20	37	50	15	53	7	28	52
1x20	38	15	28	51	31	2	44
1x20	38	17	15	11	13	10	14
1x20	38	19	36	2	35	30	28
1x20	38	32	36	45	39	31	37
1x20	38	40	11	25	55	60	32
1x20	38	44	56	13	45	58	48
1x20	38	55	1	44	26	22	46
1x20	38	55	54	34	33	26	56
1x20	38	6	25	33	44	34	5
1x20	39	31	34	60	19	49	2
1x20	4	14	31	7	52	53	51
1x20	4	32	16	23	27	39	37
1x20	4	7	18	10	37	17	9
1x20	4	9	59	31	12	58	51
1x20	40	11	60	21	12	1	22
1x20	40	24	10	14	9	26	41
1x20	40	50	42	51	35	60	12
1x20	40	54	19	11	41	59	42
1x20	40	7	32	39	37	8	22
1x20	41	29	40	18	58	60	10
1x20	41	3	27	21	8	6	55
1x20	42	10	54	49	41	45	23
1x20	42	53	55	27	23	52	15
1x20	43	47	32	37	45	12	27
1x20	43	48	57	2	12	6	18
1x20	43	49	8	30	2	52	35
1x20	43	56	55	22	26	35	6
1x20	43	58	7	40	35	49	48
1x20	44	56	3	43	1	11	36
1x20	45	30	50	53	35	1	43
1x20	45	33	5	52	23	40	56
1x20	45	43	28	11	16	9	1
1x20	45	52	25	49	16	6	33
1x20	45	59	22	39	12	48	54
1x20	46	27	51	12	43	6	16
1x20	47	39	54	27	53	37	34
1x20	48	49	19	12	29	32	26
1x20	48	6	3	16	4	56	34
1x20	49	52	59	13	46	54	40
1x20	5	17	55	14	22	3	35
1x20	5	27	4	6	39	24	22
1x20	5	43	6	57	13	53	11
1x20	5	50	33	23	41	3	38
1x20	5	53	26	10	52	9	58
1x20	5	53	31	23	6	48	14
1x20	5	54	50	48	22	14	46
1x20	5	59	18	42	23	1	3
1x20	5	60	14	30	44	35	48
1x20	50	55	18	49	39	35	32
1x20	51	41	12	19	30	9	31
1x20	52	37	15	5	12	1	30
1x20	52	50	18	33	44	35	26
1x20	53	32	59	5	55	25	41
1x20	53	6	56	36	4	42	59
1x20	54	3	26	56	60	14	36
1x20	54	37	44	50	19	58	52
1x20	55	37	31	41	51	29	26
1x20	55	37	34	26	58	25	7
1x20	55	38	48	31	17	49	8
1x20	55	44	3	23	12	40	57
1x20	55	50	6	54	32	48	33
1x20	56	33	7	59	48	43	9
1x20	56	39	12	41	24	32	19
1x20	56	46	7	36	23	8	19
1x20	57	16	5	33	27	13	39
1x20	57	24	26	39	34	13	12
1x20	58	25	18	31	59	12	46
1x20	58	28	16	53	46	24	23
1x20	58	4	5	43	29	35	28
1x20	58	41	3	48	22	21	13
1x20	58	50	13	55	56	51	57
1x20	59	17	42	53	34	57	46
1x20	59	18	24	19	29	7	54
1x20	59	42	23	35	13	15	51
1x20	59	48	52	33	49	43	12
1x20	59	53	4	52	36	11	12
1x20	59	7	6	39	57	15	49
1x20	6	2	35	43	45	52	38
1x20	6	2	43	37	45	51	26
1x20	6	56	58	48	43	13	21
1x20	6	9	8	14	38	34	31
1x20	60	26	40	45	25	1	47
1x20	60	3	57	53	54	56	10
1x20	60	54	31	36	35	34	9
1x20	7	15	30	53	56	35	44
1x20	7	31	47	55	42	33	36
1x20	8	15	18	26	56	22	29
1x20	8	34	32	17	53	25	39
1x20	8	47	56	43	7	58	29
1x20	8	48	44	42	34	15	49
1x20	8	55	16	2	37	53	48
1x20	8	55	32	31	1	56	11
1x20	9	44	19	58	5	32	53
1x20	9	48	54	12	59	36	39
1x21	1	41	25	32	6	10	9
1x21	10	46	2	3	53	8	50
1x21	10	49	17	7	20	8	38
1x21	10	52	26	60	7	29	45
1x21	11	24	7	40	47	39	59
1x21	11	46	30	3	47	51	16
1x21	12	28	50	26	6	56	10
1x21	12	9	25	50	32	54	39
1x21	13	17	18	8	38	19	36
1x21	13	32	49	60	22	11	39
1x21	13	35	44	3	38	20	28
1x21	14	22	5	13	27	39	51
1x21	14	37	53	10	38	24	47
1x21	14	60	36	35	25	38	7
1x21	15	10	6	39	4	51	37
1x21	15	3	39	60	7	10	27
1x21	15	50	12	1	6	22	36
1x21	16	32	28	55	37	58	6
1x21	16	47	57	17	53	6	58
1x21	16	48	46	54	18	59	12
1x21	17	29	56	13	32	20	19
1x21	17	52	33	25	20	27	51
1x21	18	56	58	23	55	59	20
1x21	19	26	54	1	36	5	17
1x21	19	60	9	2	33	29	39
1x21	2	16	3	26	12	50	7
1x21	2	40	20	37	9	10	33
1x21	20	1	36	16	49	14	39
1x21	20	25	44	5	17	49	1
1x21	20	39	2	37	4	52	55
1x21	20	8	15	23	45	38	13
1x21	23	43	20	48	2	15	19
1x21	23	5	57	18	48	43	2
1x21	23	56	58	2	45	55	20
1x21	24	28	41	6	11	31	32
1x21	25	45	51	58	26	12	47
1x21	25	49	53	35	59	27	4
1x21	25	55	8	37	15	14	45
1x21	26	4	41	1	35	48	30
1x21	26	40	22	10	39	35	25
1x21	26	58	50	47	22	46	42
1x21	26	8	37	18	44	34	23
1x21	27	17	53	22	18	1	5
1x21	27	30	7	2	3	46	58
1x21	28	38	19	44	8	2	49
1x21	28	42	37	18	53	11	13
1x21	29	24	33	19	18	8	37
1x21	3	37	25	20	31	6	48
1x21	3	41	60	10	39	52	23
1x21	3	52	59	8	13	51	38
1x21	30	18	36	26	6	11	51
1x21	30	18	54	8	44	46	1
1x21	30	23	52	7	42	26	4
1x21	30	3	17	34	57	37	46
1x21	30	45	23	15	31	47	24
1x21	31	34	25	29	53	11	6
1x21	31	37	9	13	23	2	39
1x21	31	39	28	35	57	50	33
1x21	31	59	32	38	6	24	40
1x21	32	2	7	53	49	16	31
1x21	32	3	55	52	12	33	53
1x21	32	35	13	52	47	58	54
1x21	32	35	19	55	24	58	11
1x21	32	6	52	2	15	30	44
1x21	33	18	14	47	3	44	48
1x21	33	27	48	43	37	40	57
1x21	33	38	39	3	55	54	8
1x21	33	6	60	18	9	41	47
1x21	34	22	19	25	6	5	48
1x21	34	22	48	18	43	24	27
1x21	36	20	9	7	52	54	30
1x21	36	38	58	2	47	7	39
1x21	36	52	50	41	11	51	59
1x21	36	60	25	17	37	11	34
1x21	38	34	30	25	18	35	43
1x21	38	58	52	41	7	22	3
1x21	39	24	25	37	10	22	11
1x21	39	29	60	23	15	3	19
1x21	39	53	48	50	33	6	56
1x21	39	9	10	56	18	58	16
1x21	39	9	48	34	36	59	10
1x21	40	26	34	20	52	49	1
1x21	41	25	38	28	6	49	47
1x21	41	28	47	9	17	33	44
1x21	41	4	8	29	22	40	17
1x21	41	44	58	54	55	9	13
1x21	41	58	48	43	59	25	44
1x21	42	22	39	29	24	50	47
1x21	42	31	7	32	27	20	6
1x21	42	46	31	38	51	9	16
1x21	43	42	20	35	49	30	19
1x21	43	51	26	37	47	30	25
1x21	44	14	17	60	59	55	52
1x21	44	55	33	6	57	17	13
1x21	44	8	53	50	7	41	42
1x21	45	24	13	59	25	16	49
1x21	46	23	26	57	10	22	35
1x21	46	37	23	60	48	56	49
1x21	46	39	45	13	50	54	31
1x21	46	41	20	36	16	1	28
1x21	46	48	6	30	2	59	7
1x21	46	51	24	39	29	50	49
1x21	46	51	60	28	16	52	40
1x21	47	17	50	45	24	10	29
1x21	47	2	8	57	37	18	29
1x21	47	51	14	60	8	3	34
1x21	48	24	59	31	34	25	36
1x21	48	52	10	11	33	2	12
1x21	48	59	42	27	35	52	38
1x21	49	10	31	32	24	55	28
1x21	49	13	39	46	47	30	31
1x21	49	43	5	19	44	53	25
1x21	49	45	59	23	9	19	15
1x21	49	58	29	48	20	11	27
1x21	5	13	7	47	43	42	48
1x21	5	46	14	60	44	47	56
1x21	51	10	50	17	14	58	29
1x21	51	48	24	17	11	19	44
1x21	52	18	54	49	46	50	8
1x21	52	58	20	59	25	11	10
1x21	52	60	9	36	56	13	41
1x21	53	16	44	13	43	7	58
1x21	54	13	18	38	41	58	51
1x21	54	13	25	23	57	12	32
1x21	54	26	13	12	57	52	60
1x21	54	46	44	17	51	42	28
1x21	54	5	42	1	7	53	27
1x21	55	24	30	35	26	59	47
1x21	55	28	35	14	10	47	50
1x21	55	5	15	2	14	45	16
1x21	56	12	55	58	20	49	54
1x21	56	36	23	42	17	58	7
1x21	56	42	17	26	10	46	11
1x21	58	33	3	18	23	53	11
1x21	58	55	4	12	3	37	19
1x21	58	8	41	31	39	32	54
1x21	59	28	16	44	7	32	33
1x21	59	45	58	22	36	52	48
1x21	6	31	40	23	55	7	29
1x21	60	40	22	34	37	52	56
1x21	7	20	38	2	59	42	48
1x21	7	54	30	55	48	11	25
1x21	8	10	31	35	49	33	20
1x21	8	17	60	37	44	23	12
1x21	8	23	18	26	41	47	48
1x21	8	36	44	54	48	23	37
1x21	8	4	34	3	32	18	7
1x21	8	44	23	31	59	39	43
1x21	9	14	1	19	45	6	17
1x21	9	16	27	1	54	19	35
1x21	9	49	13	47	39	30	55
1x21	9	53	19	28	42	44	33
1x22	1	33	2	36	59	49	13
1x22	1	34	27	52	14	37	50
1x22	1	6	33	46	14	37	40
1x22	10	34	6	16	18	29	17
1x22	10	8	40	46	36	17	55
1x22	11	25	30	53	14	48	26
1x22	11	28	3	32	41	4	14
1x22	11	28	37	10	60	19	27
1x22	11	49	42	13	17	38	35
1x22	12	2	1	31	52	56	27
1x22	12	23	47	26	51	37	7
1x22	12	52	45	42	6	10	57
1x22	14	21	10	25	41	31	27
1x22	14	33	18	60	13	16	21
1x22	15	18	55	46	47	29	30
1x22	15	20	36	47	21	52	13
1x22	15	23	1	54	42	2	50
1x22	15	23	47	59	6	39	29
1x22	15	35	42	24	55	48	39
1x22	15	5	18	46	38	44	47
1x22	15	50	21	4	23	11	52
1x22	16	18	28	49	35	25	44
1x22	16	24	38	26	43	17	20
1x22	16	40	46	21	3	51	8
1x22	16	5	34	15	58	2	20
1x22	16	55	25	29	48	11	49
1x22	17	18	39	37	31	32	10
1x22	17	26	42	2	12	46	35
1x22	17	38	53	6	43	32	16
1x22	17	51	14	32	38	1	53
1x22	18	33	58	6	14	32	25
1x22	19	13	32	8	39	15	11
1x22	19	32	6	50	60	7	27
1x22	19	35	60	36	26	49	20
1x22	2	32	20	60	39	56	25
1x22	2	36	20	59	44	53	48
1x22	2	45	38	16	14	46	47
1x22	2	9	57	58	11	48	45
1x22	20	6	28	17	5	36	32
1x22	21	25	58	59	12	3	43
1x22	21	9	29	14	51	45	6
1x22	23	28	26	57	46	14	51
1x22	23	32	10	44	49	59	1
1x22	24	19	8	32	15	4	43
1x22	24	30	57	58	42	20	29
1x22	24	36	33	56	52	48	16
1x22	24	55	27	42	46	40	58
1x22	25	15	19	10	11	3	28
1x22	25	54	33	21	24	9	23
1x22	26	20	27	2	14	23	16
1x22	26	36	23	57	52	6	7
1x22	26	46	20	58	10	33	28
1x22	27	20	60	54	30	29	43
1x22	27	36	37	14	30	59	32
1x22	27	41	37	4	11	5	33
1x22	27	7	36	3	25	57	42
1x22	28	49	53	58	48	46	52
1x22	29	13	58	40	2	8	41
1x22	29	30	16	54	44	34	6
1x22	30	29	1	49	41	23	5
1x22	30	4	54	60	59	26	37
1x22	31	13	11	23	15	32	5
1x22	32	20	52	27	51	49	40
1x22	32	3	53	37	38	7	39
1x22	33	17	15	50	9	59	18
1x22	34	14	49	44	13	18	36
1x22	34	47	50	18	58	39	53
1x22	34	48	40	31	24	28	44
1x22	35	21	27	34	59	9	50
1x22	35	34	28	11	23	41	58
1x22	36	4	29	56	33	9	52
1x22	36	47	10	19	1	41	29
1x22	37	36	5	27	45	2	59
1x22	38	25	42	24	40	55	27
1x22	39	20	8	9	11	52	27
1x22	39	28	1	42	49	35	52
1x22	39	43	29	5	48	2	28
1x22	39	51	27	5	57	17	35
1x22	4	23	2	37	46	7	11
1x22	4	3	54	6	34	23	30
1x22	4	37	2	10	5	27	47
1x22	4	39	40	27	15	5	48
1x22	4	55	34	14	20	44	11
1x22	40	26	38	36	57	39	21
1x22	40	30	42	24	44	5	27
1x22	40	43	39	26	16	33	53
1x22	41	11	6	8	9	36	24
1x22	41	35	52	24	12	14	31
1x22	42	12	38	30	5	3	18
1x22	42	44	58	47	9	25	28
1x22	42	58	31	36	46	53	33
1x22	42	6	12	41	58	10	14
1x22	43	15	53	24	23	33	12
1x22	43	39	40	1	12	14	9
1x22	43	52	50	44	15	33	13
1x22	44	23	18	49	57	32	43
1x22	45	1	27	51	56	33	7
1x22	46	20	26	41	58	38	8
1x22	46	51	31	47	19	12	14
1x22	47	13	48	29	2	60	53
1x22	47	30	45	29	51	50	33
1x22	47	32	25	17	26	42	34
1x22	47	46	14	13	54	27	58
1x22	47	5	16	52	43	37	8
1x22	47	50	57	58	27	18	9
1x22	48	15	32	30	35	41	27
1x22	48	23	54	47	24	40	25
1x22	48	30	20	58	40	26	16
1x22	48	56	54	14	39	6	12
1x22	48	58	24	17	40	49	34
1x22	48	8	21	6	44	31	4
1x22	49	12	33	51	3	41	28
1x22	49	26	3	18	13	1	28
1x22	49	28	59	39	16	13	40
1x22	49	38	6	26	10	51	34
1x22	5	41	33	27	8	25	6
1x22	50	59	33	48	30	34	17
1x22	50	60	24	15	39	43	42
1x22	50	60	24	27	56	32	58
1x22	51	40	34	29	8	36	38
1x22	51	42	46	31	13	19	54
1x22	51	6	34	52	7	39	45
1x22	52	24	2	26	49	6	57
1x22	52	33	55	15	58	36	40
1x22	52	41	37	23	1	19	48
1x22	52	45	41	43	12	10	56
1x22	53	37	34	25	30	38	18
1x22	54	5	9	34	12	8	26
1x22	55	5	49	9	11	27	31
1x22	56	28	49	40	52	45	34
1x22	56	55	38	15	16	11	48
1x22	56	58	60	14	18	33	7
1x22	56	8	57	26	30	58	49
1x22	57	24	26	17	46	1	30
1x22	57	48	1	28	36	52	46
1x22	58	37	41	29	14	53	12
1x22	59	40	42	52	45	57	10
1x22	59	58	26	16	13	9	51
1x22	6	19	28	15	5	4	59
1x22	60	18	15	8	1	26	59
1x22	60	47	48	43	36	20	18
1x22	60	59	43	20	49	58	16
1x22	7	18	4	20	34	12	40
1x22	7	25	55	17	53	5	15
1x22	7	26	19	30	11	4	1
1x22	7	34	14	39	19	12	49
1x22	7	38	60	25	2	4	58
1x22	7	48	30	14	39	25	51
1x22	8	14	46	1	31	40	45
1x22	8	16	52	28	42	21	56
1x22	8	20	39	55	29	30	58
1x22	8	28	23	19	3	48	39
1x22	8	32	11	44	16	26	1
1x22	8	37	16	12	38	3	4
1x22	8	57	15	5	33	47	27
1x22	9	44	27	37	53	16	10
1x23	1	16	19	39	22	35	56
1x23	1	47	13	28	42	55	6
1x23	1	56	36	44	6	48	22
1x23	1	58	30	51	32	57	19
1x23	10	30	20	34	25	31	6
1x23	10	5	19	37	59	44	29
1x23	11	7	18	32	57	37	24
1x23	12	29	16	60	19	51	39
1x23	12	50	58	60	55	56	49
1x23	13	2	19	54	22	48	52
1x23	13	8	55	45	27	50	15
1x23	14	32	10	48	33	13	12
1x23	14	50	57	43	18	56	34
1x23	15	12	59	20	22	56	10
1x23	15	25	28	43	34	56	30
1x23	15	27	31	39	42	40	19
1x23	15	3	8	56	31	6	59
1x23	15	34	41	43	17	6	7
1x23	15	49	37	6	45	32	31
1x23	16	33	58	13	53	59	35
1x23	16	9	7	10	58	12	13
1x23	17	27	53	55	33	11	49
1x23	17	40	43	30	29	36	52
1x23	17	49	56	19	18	60	35
1x23	17	58	50	21	60	10	49
1x23	18	10	40	8	51	28	19
1x23	18	11	50	60	9	13	41
1x23	18	3	49	33	22	46	25
1x23	18	39	59	60	27	32	14
1x23	19	14	33	46	2	4	24
1x23	19	24	42	58	34	18	28
1x23	19	26	32	29	2	22	47
1x23	19	46	22	44	50	14	13
1x23	19	46	43	14	26	20	44
1x23	2	13	40	17	5	12	11
1x23	2	21	37	9	1	25	26
1x23	20	29	5	36	37	22	32
1x23	20	30	59	38	4	33	54
1x23	21	12	52	60	27	37	18
1x23	21	8	18	14	24	16	46
1x23	22	45	30	6	25	34	28
1x23	24	33	18	47	40	32	3
1x23	24	38	25	37	41	50	60
1x23	24	45	15	29	37	5	39
1x23	24	46	8	21	26	32	16
1x23	24	56	35	3	19	13	2
1x23	25	46	5	55	30	39	58
1x23	26	11	4	47	44	42	5
1x23	26	24	16	3	18	13	41
1x23	26	28	9	13	17	25	29
1x23	26	29	28	54	48	49	13
1x23	26	34	40	2	36	48	47
1x23	26	45	2	43	28	49	47
1x23	26	56	16	42	59	19	4
1x23	27	18	33	58	45	53	43
1x23	27	36	48	34	4	40	12
1x23	27	43	56	54	55	36	15
1x23	27	51	45	57	9	34	41
1x23	27	9	25	57	16	35	42
1x23	28	42	3	52	54	46	22
1x23	28	42	59	43	52	20	1
1x23	28	46	27	7	3	44	26
1x23	28	49	20	48	44	31	43
1x23	29	33	18	14	47	5	27
1x23	29	46	25	22	36	28	35
1x23	29	55	4	37	34	41	11
1x23	3	22	46	31	9	37	28
1x23	3	24	48	21	51	27	33
1x23	3	45	14	36	39	11	19
1x23	3	51	45	30	55	44	20
1x23	3	53	50	22	24	54	56
1x23	30	2	22	47	11	18	52
1x23	30	38	33	59	46	20	3
1x23	31	13	16	47	38	3	14
1x23	32	27	16	38	21	9	35
1x23	33	42	20	35	52	2	46
1x23	34	10	56	47	41	15	9
1x23	34	16	15	58	4	48	47
1x23	34	19	28	40	22	32	21
1x23	34	47	41	15	43	24	13
1x23	35	2	43	36	8	38	14
1x23	35	34	55	17	15	47	32
1x23	35	53	3	28	44	32	5
1x23	36	1	29	24	3	6	15
1x23	36	39	49	24	45	26	35
1x23	36	4	13	55	46	2	21
1x23	37	13	36	19	17	34	1
1x23	37	35	19	12	40	18	58
1x23	37	5	39	11	34	6	29
1x23	38	35	37	60	2	33	58
1x23	39	26	2	4	59	34	45
1x23	39	51	36	22	14	26	10
1x23	4	27	15	38	25	60	37
1x23	4	40	6	14	3	57	55
1x23	4	53	39	48	10	38	7
1x23	40	29	34	21	10	4	15
1x23	40	29	51	21	56	19	46
1x23	40	47	46	29	5	60	17
1x23	40	9	39	56	12	19	49
1x23	41	20	58	52	8	46	27
1x23	41	59	28	35	52	5	44
1x23	41	7	6	30	54	15	17
1x23	42	33	15	18	14	32	44
1x23	42	35	29	47	60	57	6
1x23	43	30	59	22	26	45	34
1x23	44	41	43	29	60	26	33
1x23	46	27	44	24	32	47	55
1x23	46	48	18	58	12	8	24
1x23	46	6	1	35	22	20	17
1x23	47	40	34	36	56	13	21
1x23	47	48	55	32	14	38	28
1x23	47	9	27	35	15	17	1
1x23	48	30	47	36	50	12	9
1x23	49	18	15	44	21	31	53
1x23	49	25	47	20	43	9	55
1x23	49	34	1	12	54	56	30
1x23	49	52	15	33	50	32	47
1x23	5	10	21	11	2	8	1
1x23	5	36	57	46	54	4	41
1x23	5	57	28	40	54	41	3
1x23	5	9	12	16	43	54	36
1x23	50	12	33	47	34	6	40
1x23	50	41	30	45	54	53	37
1x23	51	13	28	55	1	34	47
1x23	51	35	36	43	56	59	38
1x23	51	5	33	16	12	46	26
1x23	51	59	20	57	49	46	60
1x23	51	9	2	25	21	30	44
1x23	53	27	54	30	40	60	33
1x23	53	28	38	51	9	24	10
1x23	53	8	27	1	33	46	2
1x23	54	19	28	56	16	31	32
1x23	55	1	5	39	36	13	44
1x23	55	11	9	14	39	4	34
1x23	55	29	26	45	38	57	17
1x23	56	49	1	38	46	48	31
1x23	56	52	36	28	8	35	16
1x23	57	16	7	28	20	31	60
1x23	57	24	29	37	42	48	47
1x23	57	26	8	10	31	4	45
1x23	57	48	20	25	2	3	7
1x23	57	55	43	58	35	5	46
1x23	58	15	35	42	17	45	29
1x23	58	19	38	41	56	26	20
1x23	58	22	35	57	26	19	21
1x23	58	26	11	36	59	6	12
1x23	58	30	15	42	34	39	41
1x23	58	51	8	14	34	10	22
1x23	58	57	8	26	2	35	16
1x23	59	10	12	7	5	43	33
1x23	59	24	41	3	7	46	40
1x23	59	40	20	7	39	47	57
1x23	6	31	41	34	10	7	58
1x23	6	36	45	14	2	27	55
1x23	60	11	12	6	58	24	49
1x23	60	11	5	4	43	14	31
1x23	60	28	9	18	13	47	54
1x23	60	30	21	15	9	58	45
1x23	60	46	6	1	44	14	32
1x23	60	49	36	17	15	32	42
1x23	60	50	2	52	58	40	18
1x23	60	52	44	35	53	26	36
1x23	60	54	30	2	10	21	31
1x23	7	3	38	52	33	24	53
1x23	7	4	41	17	13	43	38
1x23	7	50	2	56	35	20	19
1x23	7	51	13	19	31	16	35
1x23	8	21	38	31	42	34	57
1x23	8	40	11	48	54	16	58
1x23	8	44	51	49	29	34	43
1x23	9	2	20	29	44	6	59
1x23	9	3	58	27	19	43	17
1x23	9	53	2	36	11	19	33
1x24	1	17	31	27	7	26	22
1x24	1	37	12	29	59	52	48
1x24	1	52	26	18	28	39	37
1x24	10	46	56	2	47	50	8
1x24	10	56	15	9	57	33	60
1x24	10	9	45	35	2	4	19
1x24	11	21	46	55	54	5	49
1x24	13	14	6	16	8	17	36
1x24	13	58	57	45	47	22	55
1x24	14	15	29	9	18	11	28
1x24	14	48	26	47	20	52	56
1x24	15	39	56	49	19	47	38
1x24	15	43	30	6	19	17	60
1x24	16	13	54	7	26	12	31
1x24	16	23	31	21	44	34	48
1x24	16	25	60	6	23	7	41
1x24	16	40	12	47	39	4	3
1x24	16	45	59	43	3	47	31
1x24	16	50	40	56	14	15	58
1x24	17	13	39	40	51	59	38
1x24	17	27	51	43	42	13	31
1x24	18	1	51	48	33	15	19
1x24	18	10	58	28	52	21	30
1x24	18	17	60	22	9	47	44
1x24	18	2	49	6	11	39	16
1x24	18	59	53	9	2	39	33
1x24	19	14	16	41	12	50	44
1x24	19	23	52	29	45	7	42
1x24	19	31	44	51	60	6	47
1x24	19	35	31	21	15	40	8
1x24	19	47	20	37	51	27	52
1x24	19	48	54	1	28	13	2
1x24	2	25	13	5	48	21	58
1x24	2	43	6	52	9	37	50
1x24	2	50	38	10	31	14	29
1x24	2	9	14	59	13	53	15
1x24	20	46	58	41	50	28	44
1x24	21	31	6	8	37	3	32
1x24	21	38	7	50	28	11	49
1x24	21	9	42	38	55	54	20
1x24	22	32	27	56	40	46	55
1x24	22	38	26	8	59	30	11
1x24	23	12	3	35	11	18	7
1x24	23	51	39	30	7	27	10
1x24	25	37	38	15	13	45	43
1x24	25	8	45	44	5	10	18
1x24	26	13	5	40	34	41	3
1x24	26	20	13	60	31	3	38
1x24	26	3	33	40	29	27	55
1x24	26	59	39	16	49	32	19
1x24	27	15	28	34	36	3	60
1x24	27	37	14	11	43	32	53
1x24	28	25	8	29	18	15	44
1x24	29	2	27	36	42	21	15
1x24	29	23	56	21	43	10	48
1x24	29	35	21	43	7	39	5
1x24	29	43	56	10	14	45	23
1x24	3	34	12	56	58	57	40
1x24	3	57	53	47	60	18	11
1x24	30	23	14	2	32	4	35
1x24	30	35	22	46	39	17	31
1x24	30	5	55	32	8	6	4
1x24	30	59	6	52	55	58	22
1x24	31	16	21	5	49	28	17
1x24	31	50	15	28	55	6	18
1x24	31	8	54	15	1	28	48
1x24	32	11	2	26	39	14	57
1x24	32	3	8	53	59	57	35
1x24	32	43	6	21	36	48	18
1x24	32	49	11	14	51	53	9
1x24	32	6	19	22	8	5	7
1x24	33	34	41	28	6	45	10
1x24	33	41	27	40	36	29	8
1x24	34	10	36	4	33	18	51
1x24	34	11	12	18	6	45	39
1x24	34	11	36	32	47	49	26
1x24	34	20	6	35	53	41	42
1x24	34	26	60	47	4	28	59
1x24	34	3	7	16	46	52	27
1x24	34	35	2	11	44	60	54
1x24	34	43	39	32	11	50	46
1x24	34	54	23	15	22	33	4
1x24	34	7	60	32	9	30	51
1x24	35	19	34	40	48	3	15
1x24	35	20	1	3	8	39	5
1x24	35	32	36	27	9	33	52
1x24	35	39	34	2	3	49	60
1x24	36	11	18	58	26	5	6
1x24	36	40	5	27	47	11	43
1x24	36	42	20	16	40	31	59
1x24	36	60	35	2	42	52	48
1x24	37	23	55	27	51	48	17
1x24	37	3	41	6	14	34	35
1x24	37	49	47	27	18	32	15
1x24	38	11	46	54	20	29	53
1x24	38	50	35	44	37	20	27
1x24	38	53	52	48	46	6	54
1x24	39	11	18	34	50	41	14
1x24	4	32	25	51	54	40	41
1x24	40	28	9	16	22	6	47
1x24	40	30	28	13	10	49	59
1x24	40	36	11	42	48	7	56
1x24	41	18	43	5	42	51	54
1x24	41	39	49	40	51	44	58
1x24	42	17	3	35	10	53	41
1x24	42	2	57	15	23	20	19
1x24	42	36	19	49	53	11	7
1x24	43	23	4	25	29	47	31
1x24	43	4	54	40	17	18	7
1x24	43	45	39	14	21	19	10
1x24	43	48	54	32	51	8	16
1x24	43	51	50	46	28	9	58
1x24	43	6	27	18	8	34	41
1x24	44	12	57	21	36	23	7
1x24	44	2	22	20	48	36	45
1x24	44	35	60	9	18	36	39
1x24	44	52	3	18	32	21	41
1x24	45	46	40	34	51	52	47
1x24	46	41	54	37	35	40	28
1x24	47	16	54	40	33	25	29
1x24	48	52	20	1	7	47	55
1x24	48	8	23	52	41	30	29
1x24	49	38	56	57	26	48	45
1x24	49	56	15	20	31	29	40
1x24	49	6	36	3	35	17	18
1x24	5	25	52	37	46	53	47
1x24	5	31	60	55	2	17	22
1x24	5	52	32	31	10	35	1
1x24	5	55	15	16	30	42	1
1x24	50	46	40	32	1	28	41
1x24	51	38	52	42	6	50	7
1x24	51	53	56	42	49	45	21
1x24	52	13	49	11	1	17	44
1x24	52	21	55	1	18	23	13
1x24	52	22	19	2	33	36	40
1x24	53	38	7	23	14	3	5
1x24	53	49	51	31	11	10	52
1x24	53	9	50	26	4	39	46
1x24	54	5	19	51	21	44	36
1x24	54	52	21	35	16	56	18
1x24	55	23	27	43	46	16	58
1x24	55	28	32	34	8	10	16
1x24	55	35	3	54	26	9	51
1x24	55	57	6	21	54	36	42
1x24	57	28	33	39	4	10	52
1x24	58	23	51	56	12	1	30
1x24	58	26	16	49	37	17	23
1x24	58	40	1	55	60	48	35
1x24	59	38	13	17	42	23	32
1x24	6	23	28	38	33	11	53
1x24	6	50	5	3	2	31	25
1x24	6	53	32	37	4	25	17
1x24	6	54	36	45	26	5	21
1x24	6	7	51	28	30	36	44
1x24	60	22	29	37	23	3	53
1x24	60	32	20	50	11	54	26
1x24	60	39	49	57	1	59	13
1x24	60	47	39	1	50	9	14
1x24	60	9	29	17	46	23	3
1x24	7	15	33	43	12	9	42
1x24	7	28	36	27	41	52	25
1x24	7	36	20	10	60	17	53
1x24	8	1	2	22	29	12	31
1x24	8	2	14	46	3	1	5
1x24	8	34	6	16	25	18	58
1x24	8	54	19	29	21	11	2
1x24	8	6	12	34	23	16	10
1x24	9	52	43	58	18	12	21
1x25	1	10	41	39	8	44	24
1x25	1	54	9	11	7	23	58
1x25	10	34	60	33	37	16	2
1x25	10	55	16	19	17	7	40
1x25	11	21	39	24	37	56	34
1x25	11	33	41	26	1	2	16
1x25	11	36	27	60	5	35	12
1x25	11	6	5	34	33	23	15
1x25	12	26	53	21	11	22	46
1x25	12	56	51	57	1	48	11
1x25	13	22	18	40	19	60	10
1x25	13	46	26	43	53	34	30
1x25	14	18	36	44	8	27	23
1x25	14	31	17	22	5	46	12
1x25	14	34	52	44	5	17	42
1x25	14	41	4	37	60	33	31
1x25	14	45	17	60	52	44	37
1x25	14	47	29	6	17	38	3
1x25	14	56	15	54	42	33	13
1x25	15	22	23	3	33	44	16
1x25	15	54	5	58	30	39	60
1x25	16	36	12	13	37	18	20
1x25	16	55	28	60	53	23	58
1x25	17	24	7	6	36	52	47
1x25	17	49	50	36	59	19	52
1x25	18	39	14	27	17	57	21
1x25	18	4	54	36	42	53	38
1x25	18	9	17	60	41	4	53
1x25	19	15	7	39	48	20	12
1x25	19	29	2	12	56	43	35
1x25	19	47	60	54	44	58	50
1x25	2	15	16	11	57	10	13
1x25	2	21	59	32	14	8	27
1x25	2	31	23	19	3	14	27
1x25	2	44	16	43	24	60	47
1x25	20	2	37	29	24	60	38
1x25	20	29	44	1	42	54	30
1x25	20	4	14	51	11	23	46
1x25	21	24	19	20	42	34	54
1x25	21	55	50	29	11	32	52
1x25	21	59	55	27	56	23	26
1x25	21	6	30	27	56	53	7
1x25	22	31	1	51	7	42	34
1x25	23	18	60	22	5	9	56
1x25	23	41	37	31	2	50	7
1x25	23	42	15	28	18	49	3
1x25	23	51	30	33	58	2	31
1x25	24	17	16	34	43	49	23
1x25	24	19	13	11	55	5	12
1x25	26	1	24	59	58	57	19
1x25	26	17	39	14	60	38	35
1x25	26	4	36	35	44	53	23
1x25	26	51	57	19	22	8	35
1x25	26	52	48	18	11	13	38
1x25	27	36	29	14	32	60	19
1x25	27	41	59	34	14	19	38
1x25	27	42	46	30	56	47	3
1x25	28	13	21	1	40	32	29
1x25	28	33	41	18	20	3	35
1x25	28	35	1	46	48	44	50
1x25	28	51	24	21	13	16	23
1x25	29	15	42	45	55	27	43
1x25	29	47	4	28	56	57	35
1x25	29	5	47	37	2	26	21
1x25	3	13	29	55	18	15	8
1x25	3	22	58	39	10	6	17
1x25	3	46	23	34	60	24	56
1x25	31	26	45	4	54	48	58
1x25	31	44	53	2	49	51	36
1x25	33	49	26	6	37	8	28
1x25	33	7	42	48	6	13	32
1x25	34	53	38	14	41	16	10
1x25	34	57	47	14	55	56	5
1x25	35	24	26	17	55	41	3
1x25	35	9	20	44	36	39	45
1x25	36	58	12	19	22	18	3
1x25	37	17	40	44	41	4	56
1x25	37	3	1	57	59	10	29
1x25	37	56	46	29	4	28	52
1x25	39	22	47	4	10	55	60
1x25	39	31	17	24	28	20	55
1x25	4	9	55	42	1	47	48
1x25	40	10	15	34	31	45	55
1x25	40	18	17	39	54	31	16
1x25	40	39	43	57	35	36	19
1x25	40	49	7	55	37	44	22
1x25	41	29	60	20	38	12	53
1x25	41	8	2	9	26	44	4
1x25	42	12	53	48	34	55	40
1x25	42	14	41	8	33	48	32
1x25	42	27	21	23	47	44	60
1x25	42	60	31	15	10	52	53
1x25	43	27	19	35	51	13	30
1x25	43	31	36	56	52	33	26
1x25	43	33	52	40	57	51	47
1x25	43	36	22	4	39	56	2
1x25	45	14	1	32	9	49	58
1x25	45	27	16	23	43	31	29
1x25	45	41	60	5	52	27	14
1x25	45	46	30	9	50	11	20
1x25	45	50	27	34	20	11	33
1x25	46	27	45	16	6	57	44
1x25	46	57	51	58	33	24	40
1x25	46	9	18	39	38	11	4
1x25	47	3	60	44	51	48	9
1x25	47	35	29	4	40	38	37
1x25	48	1	10	29	31	23	51
1x25	48	17	20	56	60	19	15
1x25	48	23	14	26	17	51	10
1x25	49	23	41	35	42	52	12
1x25	49	38	50	56	1	14	45
1x25	49	4	28	46	52	7	1
1x25	49	44	20	46	7	31	29
1x25	49	5	28	14	37	30	10
1x25	5	2	28	23	30	8	12
1x25	5	27	21	60	4	14	42
1x25	5	3	42	36	47	40	23
1x25	5	46	16	34	12	18	1
1x25	5	47	23	44	48	33	46
1x25	5	53	9	17	34	20	60
1x25	5	57	29	47	60	53	35
1x25	50	13	42	16	33	19	18
1x25	50	48	21	45	8	30	40
1x25	50	60	2	20	12	10	22
1x25	50	8	42	23	34	2	22
1x25	51	13	30	45	48	40	33
1x25	51	2	53	14	6	15	54
1x25	51	35	44	47	30	37	29
1x25	51	36	50	34	9	10	28
1x25	51	41	30	40	9	36	54
1x25	51	45	22	20	5	21	40
1x25	51	60	31	47	35	20	28
1x25	52	2	5	7	14	21	32
1x25	52	23	8	22	47	24	59
1x25	52	43	18	26	47	5	51
1x25	53	21	40	1	51	57	39
1x25	53	32	6	60	5	27	38
1x25	53	54	15	55	51	8	46
1x25	53	60	9	47	13	46	49
1x25	54	1	52	39	6	5	46
1x25	54	20	13	18	43	16	36
1x25	54	22	43	48	39	7	36
1x25	54	36	37	2	13	30	52
1x25	54	52	17	51	59	23	35
1x25	54	53	51	20	56	52	40
1x25	55	41	11	44	48	16	33
1x25	55	52	60	9	29	13	43
1x25	56	22	18	14	31	45	6
1x25	56	33	58	2	41	24	29
1x25	56	37	39	23	47	33	55
1x25	56	46	26	53	58	7	29
1x25	57	1	8	4	49	44	18
1x25	57	11	52	9	51	59	18
1x25	57	15	13	36	44	27	17
1x25	57	3	54	47	8	21	17
1x25	57	54	5	60	34	4	7
1x25	58	26	12	20	46	10	38
1x25	58	32	13	20	27	18	15
1x25	58	33	34	21	24	35	18
1x25	58	49	9	56	42	23	59
1x25	58	5	36	24	43	50	3
1x25	59	5	46	17	7	31	18
1x25	6	30	18	35	57	55	45
1x25	6	57	49	38	32	16	51
1x25	6	8	24	33	52	55	57
1x25	60	26	6	55	23	53	7
1x25	60	36	50	21	26	54	42
1x25	60	39	43	3	47	41	1
1x25	60	54	9	13	32	58	46
1x25	60	58	39	9	38	7	1
1x25	60	59	12	4	48	39	58
1x25	7	18	10	2	16	48	9
1x25	7	4	1	52	47	19	6
1x25	7	59	58	9	47	19	39
1x25	8	2	52	50	5	60	46
1x25	9	56	13	29	42	7	19
1x26	1	49	11	2	5	24	45
1x26	1	60	3	44	29	30	15
1x26	10	45	56	38	28	13	27
1x26	11	14	9	22	21	41	54
1x26	11	52	41	12	51	33	45
1x26	12	14	60	23	8	10	57
1x26	12	20	55	44	1	13	35
1x26	12	38	46	56	29	49	31
1x26	12	60	46	41	17	48	19
1x26	13	19	33	31	40	42	25
1x26	13	50	27	34	8	41	46
1x26	13	8	58	36	32	17	55
1x26	14	50	49	24	3	42	11
1x26	15	39	60	22	44	45	13
1x26	15	43	37	35	53	17	56
1x26	16	35	31	34	42	58	21
1x26	16	8	45	15	13	1	36
1x26	16	9	52	4	58	20	47
1x26	17	23	41	13	37	20	55
1x26	17	27	24	38	11	7	54
1x26	17	3	40	10	18	6	25
1x26	17	55	18	12	22	53	9
1x26	18	31	24	35	15	19	17
1x26	18	54	16	58	27	50	60
1x26	19	4	58	18	39	16	48
1x26	19	42	45	59	56	5	2
1x26	2	20	15	43	60	53	23
1x26	2	3	49	48	37	4	44
1x26	2	38	39	18	1	33	22
1x26	2	48	14	15	16	59	4
1x26	21	13	10	43	17	31	54
1x26	21	40	4	44	31	8	7
1x26	21	41	30	59	25	3	49
1x26	22	19	50	6	18	8	56
1x26	22	33	30	50	42	58	5
1x26	22	4	8	11	28	45	33
1x26	22	45	52	44	25	50	16
1x26	22	56	29	6	18	7	54
1x26	22	56	57	44	46	18	37
1x26	22	8	15	35	48	45	42
1x26	23	53	41	17	58	33	20
1x26	23	9	11	30	29	6	2
1x26	24	18	57	12	25	53	59
1x26	24	5	52	25	43	2	39
1x26	25	13	4	44	3	36	57
1x26	25	19	5	38	27	40	14
1x26	25	29	10	52	3	6	20
1x26	25	30	10	54	43	35	31
1x26	25	31	56	32	54	22	18
1x26	25	51	24	56	40	35	29
1x26	27	59	13	23	39	32	48
1x26	27	7	49	10	43	39	5
1x26	28	2	23	20	17	36	13
1x26	28	38	47	14	10	40	15
1x26	28	52	4	9	46	55	18
1x26	29	43	52	27	59	31	21
1x26	29	48	14	34	37	2	7
1x26	3	41	29	11	20	48	12
1x26	3	59	13	17	31	57	22
1x26	30	52	45	33	37	60	11
1x26	31	21	25	23	7	52	59
1x26	31	39	60	12	13	23	38
1x26	32	58	15	11	19	17	25
1x26	33	10	15	60	43	51	18
1x26	33	12	28	43	35	52	48
1x26	33	15	32	2	55	4	44
1x26	33	36	24	58	9	41	39
1x26	33	39	43	46	50	19	28
1x26	33	6	19	30	20	52	50
1x26	34	46	37	8	19	48	38
1x26	34	8	28	17	43	42	24
1x26	34	9	58	49	42	28	11
1x26	35	19	40	23	37	46	50
1x26	35	3	46	14	6	20	9
1x26	35	4	38	41	50	8	29
1x26	35	40	3	57	7	17	41
1x26	35	41	3	27	20	56	53
1x26	36	10	47	27	57	23	43
1x26	36	19	31	57	40	18	32
1x26	36	53	54	21	39	52	47
1x26	36	6	25	18	15	4	33
1x26	37	19	14	11	44	55	60
1x26	37	22	58	25	21	48	59
1x26	38	35	4	5	8	58	30
1x26	38	55	6	18	34	35	8
1x26	39	37	13	29	45	55	25
1x26	39	38	60	4	56	45	9
1x26	39	54	34	20	6	60	32
1x26	4	25	18	36	19	14	57
1x26	4	37	50	6	1	25	12
1x26	41	5	52	57	39	4	59
1x26	42	15	59	56	7	37	36
1x26	42	56	17	52	21	34	47
1x26	43	10	15	39	47	1	33
1x26	43	16	18	2	35	31	17
1x26	44	32	24	51	53	38	1
1x26	44	42	7	5	11	55	22
1x26	45	28	59	8	18	58	7
1x26	45	51	19	44	34	4	54
1x26	46	29	47	9	43	52	33
1x26	46	50	54	45	48	30	35
1x26	46	9	1	54	25	13	10
1x26	47	49	38	1	57	36	56
1x26	48	18	11	53	43	45	57
1x26	48	34	57	23	3	31	20
1x26	48	9	13	55	18	42	43
1x26	49	43	16	52	42	37	24
1x26	5	11	42	33	45	25	44
1x26	5	12	7	22	48	55	41
1x26	5	45	25	39	57	11	48
1x26	5	53	58	38	25	34	12
1x26	50	27	31	18	44	39	16
1x26	50	35	31	20	14	6	37
1x26	50	4	52	13	3	49	48
1x26	50	42	3	21	51	19	24
1x26	50	6	35	11	27	20	57
1x26	50	8	45	38	9	40	55
1x26	50	9	43	41	2	27	57
1x26	50	9	59	49	22	10	53
1x26	51	16	42	19	7	21	57
1x26	51	3	32	24	45	9	17
1x26	51	6	45	42	59	41	5
1x26	51	60	19	47	52	4	30
1x26	52	31	16	41	20	28	10
1x26	52	46	35	24	50	57	16
1x26	53	12	22	49	41	37	43
1x26	53	29	47	6	30	17	46
1x26	53	48	8	15	60	25	21
1x26	54	3	33	55	46	13	17
1x26	54	30	56	19	35	58	9
1x26	54	34	18	38	7	46	41
1x26	55	11	58	15	6	8	37
1x26	55	32	27	56	43	33	35
1x26	55	38	17	23	22	58	20
1x26	55	43	9	30	20	24	57
1x26	56	20	25	54	19	47	51
1x26	56	42	40	6	22	15	53
1x26	56	43	60	22	38	20	30
1x26	56	44	22	21	35	46	14
1x26	57	19	16	31	29	58	5
1x26	57	53	52	15	4	45	41
1x26	57	54	51	42	13	60	29
1x26	57	9	44	45	10	47	8
1x26	58	4	36	29	16	51	32
1x26	58	49	24	59	36	10	32
1x26	58	52	1	59	43	28	44
1x26	6	2	22	42	15	56	51
1x26	60	42	12	57	53	2	39
1x26	60	55	58	19	29	49	13
1x26	7	10	56	37	57	17	60
1x26	7	25	30	27	56	39	12
1x26	7	38	27	59	16	35	46
1x26	7	51	4	34	52	8	37
1x26	8	1	22	3	56	19	6
1x26	8	24	50	20	14	53	17
1x26	8	44	27	36	45	50	12
1x26	9	29	47	52	41	54	38
1x26	9	38	56	23	29	3	57
1x26	9	42	49	17	39	44	32
1x26	9	43	50	42	41	21	52
1x27	1	14	47	37	42	33	31
1x27	1	20	21	14	4	38	5
1x27	10	21	47	1	13	59	58
1x27	11	33	20	22	1	26	15
1x27	11	54	40	20	50	37	21
1x27	12	14	7	2	13	1	9
1x27	12	46	24	20	45	41	18
1x27	12	56	54	30	49	13	21
1x27	13	19	41	17	12	42	24
1x27	13	2	25	50	48	59	23
1x27	13	20	41	35	52	51	4
1x27	13	39	9	52	48	25	2
1x27	14	35	54	7	50	13	41
1x27	14	41	57	36	59	17	45
1x27	15	12	54	13	26	49	11
1x27	15	43	18	55	52	39	59
1x27	15	5	54	59	39	11	16
1x27	15	51	58	19	39	14	35
1x27	15	54	10	7	55	28	17
1x27	15	55	56	8	46	59	49
1x27	16	15	41	25	2	26	24
1x27	16	21	36	49	39	51	26
1x27	16	38	1	29	48	8	4
1x27	17	21	30	40	23	6	32
1x27	17	25	16	41	46	28	38
1x27	17	32	29	4	34	43	24
1x27	18	15	49	53	50	33	31
1x27	19	15	32	39	36	50	51
1x27	19	31	55	9	16	14	53
1x27	19	37	31	33	53	7	59
1x27	2	10	1	45	39	8	51
1x27	2	29	38	30	20	50	41
1x27	2	9	21	20	34	59	49
1x27	20	22	42	40	49	56	31
1x27	20	34	6	1	12	31	33
1x27	20	42	18	22	30	37	21
1x27	20	48	9	24	19	21	38
1x27	20	52	2	53	56	23	24
1x27	20	58	42	3	55	2	19
1x27	21	28	50	29	13	38	56
1x27	21	38	6	36	9	29	11
1x27	21	57	44	48	29	60	35
1x27	21	59	60	44	46	25	50
1x27	22	40	20	1	35	23	25
1x27	22	7	4	55	44	23	36
1x27	23	13	59	25	6	49	12
1x27	23	33	35	30	18	37	55
1x27	24	35	32	34	60	59	8
1x27	24	55	30	23	28	10	52
1x27	25	11	41	32	37	8	2
1x27	25	18	47	21	56	17	35
1x27	25	35	33	22	38	60	36
1x27	25	39	6	1	29	33	51
1x27	25	56	10	16	51	17	60
1x27	26	23	4	29	8	24	5
1x27	26	55	56	41	2	58	11
1x27	28	10	44	22	31	52	35
1x27	28	47	54	46	14	44	58
1x27	28	56	13	4	39	58	48
1x27	29	46	34	25	1	28	4
1x27	29	7	56	13	51	43	14
1x27	3	40	21	39	30	4	26
1x27	3	55	8	28	19	31	44
1x27	3	57	55	31	32	21	17
1x27	30	2	22	32	36	40	34
1x27	30	22	51	59	55	3	38
1x27	30	59	46	29	21	48	28
1x27	31	25	60	40	26	28	23
1x27	31	5	26	20	43	21	47
1x27	32	17	41	49	5	35	59
1x27	32	18	42	45	9	26	41
1x27	32	25	22	40	37	36	31
1x27	32	33	49	29	12	9	34
1x27	32	38	15	4	57	5	13
1x27	33	24	15	59	29	14	28
1x27	33	31	16	5	22	47	37
1x27	33	9	55	54	58	21	45
1x27	34	13	9	5	40	41	60
1x27	34	38	39	6	28	50	13
1x27	34	60	28	10	45	9	19
1x27	34	8	52	26	4	39	18
1x27	35	20	6	57	28	30	11
1x27	35	43	4	38	41	14	46
1x27	35	59	2	30	29	5	46
1x27	36	28	45	38	13	16	33
1x27	36	55	35	25	57	22	16
1x27	37	5	20	40	42	51	59
1x27	38	4	37	39	8	1	47
1x27	38	52	14	39	51	25	4
1x27	39	46	37	42	14	12	43
1x27	39	51	18	54	32	29	4
1x27	39	54	48	15	45	5	21
1x27	39	55	41	28	10	22	13
1x27	4	10	42	24	54	38	60
1x27	4	53	51	44	10	45	23
1x27	40	4	38	19	26	58	36
1x27	40	53	18	29	54	44	33
1x27	40	57	49	37	8	28	1
1x27	40	58	57	9	59	4	10
1x27	40	59	8	22	15	11	42
1x27	41	15	4	17	14	51	34
1x27	41	31	14	34	46	53	55
1x27	41	56	50	23	44	35	47
1x27	42	11	18	45	50	58	7
1x27	42	39	10	40	50	13	24
1x27	43	11	14	30	34	25	24
1x27	43	58	16	26	35	42	8
1x27	44	32	10	28	30	16	3
1x27	44	43	37	46	35	2	7
1x27	44	49	41	60	57	35	52
1x27	45	41	50	20	31	60	47
1x27	45	44	18	53	14	41	15
1x27	45	60	11	26	2	9	49
1x27	46	10	37	14	49	12	42
1x27	47	10	60	44	13	37	3
1x27	47	16	46	5	10	1	55
1x27	47	26	44	45	1	34	13
1x27	47	8	53	39	25	16	9
1x27	48	20	18	12	57	5	45
1x27	48	49	50	30	33	40	39
1x27	49	57	10	13	15	1	9
1x27	5	30	22	40	37	43	2
1x27	5	57	50	43	13	16	34
1x27	50	34	42	53	47	7	14
1x27	51	58	35	25	33	30	60
1x27	52	23	43	34	38	20	47
1x27	52	50	29	51	33	28	3
1x27	52	7	50	59	38	9	21
1x27	52	9	12	40	1	35	11
1x27	53	17	2	14	42	55	21
1x27	53	37	25	23	35	30	22
1x27	53	51	43	20	36	39	37
1x27	54	10	59	14	1	38	24
1x27	54	16	13	41	53	15	5
1x27	54	28	23	19	14	34	7
1x27	55	16	54	15	25	20	47
1x27	55	5	57	47	34	52	1
1x27	56	36	19	50	41	51	1
1x27	56	46	38	13	58	47	26
1x27	56	50	20	35	52	13	7
1x27	57	21	46	48	32	58	29
1x27	57	44	4	42	31	40	49
1x27	57	58	36	11	8	54	15
1x27	58	45	6	54	26	7	31
1x27	59	32	28	38	4	15	6
1x27	6	37	19	48	55	32	3
1x27	6	4	57	46	9	50	36
1x27	6	9	60	31	57	15	46
1x27	60	24	43	55	34	42	51
1x27	7	15	49	3	55	28	11
1x27	7	2	3	13	34	30	25
1x27	7	21	32	14	23	24	55
1x27	7	22	50	1	23	9	38
1x27	8	31	35	1	41	19	7
1x27	8	32	12	44	9	53	45
1x27	8	55	22	37	35	39	25
1x27	9	10	26	15	11	43	4
1x27	9	22	46	5	56	13	28
1x27	9	44	46	34	29	13	14
1x27	9	8	14	10	11	48	20
1x28	10	11	3	5	2	37	4
1x28	10	29	33	5	15	57	4
1x28	10	41	34	57	17	45	44
1x28	10	46	54	23	60	11	24
1x28	10	59	56	32	40	1	6
1x28	10	60	14	39	35	55	56
1x28	11	16	20	34	26	49	5
1x28	11	53	8	23	34	32	12
1x28	12	21	6	4	22	52	34
1x28	12	22	58	40	44	57	30
1x28	12	38	43	8	37	42	41
1x28	13	14	41	22	38	45	4
1x28	14	31	30	44	6	34	33
1x28	14	54	12	34	60	23	2
1x28	14	56	12	3	23	5	29
1x28	15	24	31	48	16	14	41
1x28	16	22	26	25	20	19	23
1x28	16	24	25	53	49	11	35
1x28	16	40	27	50	47	7	10
1x28	16	44	9	38	55	22	36
1x28	17	2	5	20	27	4	60
1x28	17	44	7	35	31	34	8
1x28	17	49	7	37	40	52	5
1x28	18	55	42	50	8	9	49
1x28	19	11	31	47	2	13	56
1x28	19	22	25	46	52	4	55
1x28	2	23	27	1	10	51	39
1x28	2	9	33	25	53	31	36
1x28	20	13	45	54	3	11	35
1x28	20	15	46	55	7	33	49
1x28	20	16	31	30	9	50	40
1x28	20	17	58	51	57	9	50
1x28	20	29	48	46	47	3	43
1x28	20	32	58	14	6	27	56
1x28	20	43	21	31	3	8	23
1x28	20	56	21	47	45	31	17
1x28	21	14	1	13	54	29	34
1x28	21	18	58	7	55	9	43
1x28	21	27	4	18	1	38	6
1x28	21	35	27	22	36	1	13
1x28	21	50	47	30	51	41	7
1x28	22	27	11	29	16	10	15
1x28	22	42	32	25	33	35	36
1x28	23	20	30	3	45	52	8
1x28	23	37	16	27	48	46	31
1x28	23	55	14	45	39	36	30
1x28	23	55	32	38	12	50	21
1x28	23	7	2	37	14	15	4
1x28	24	38	12	45	56	53	36
1x28	24	39	32	31	6	12	59
1x28	24	43	19	1	12	54	49
1x28	26	16	42	57	13	58	6
1x28	26	18	24	27	5	42	6
1x28	26	31	44	60	43	14	58
1x28	27	22	60	53	38	3	32
1x28	27	34	42	38	56	53	30
1x28	29	20	45	9	43	44	8
1x28	3	18	55	20	14	47	31
1x28	3	7	37	14	57	11	58
1x28	30	40	31	21	25	44	33
1x28	30	5	22	56	31	32	23
1x28	30	5	27	50	43	25	58
1x28	31	22	25	6	40	9	32
1x28	31	42	26	52	6	45	29
1x28	32	25	54	6	34	51	21
1x28	32	43	3	23	22	56	5
1x28	33	12	4	46	2	57	52
1x28	33	53	42	48	57	17	20
1x28	34	15	31	23	42	19	30
1x28	34	16	52	5	8	2	57
1x28	34	57	18	46	8	25	35
1x28	34	59	17	36	38	22	57
1x28	35	15	32	13	56	5	42
1x28	35	20	45	37	53	54	13
1x28	36	33	34	11	41	27	57
1x28	36	54	41	11	7	23	52
1x28	37	29	13	5	32	43	34
1x28	37	42	32	25	36	1	3
1x28	37	43	40	23	44	32	1
1x28	38	11	4	36	31	56	22
1x28	38	44	30	45	35	19	37
1x28	38	56	10	21	18	7	45
1x28	39	15	48	7	27	10	21
1x28	39	4	12	5	29	37	44
1x28	4	13	40	27	3	38	34
1x28	4	3	60	22	39	59	33
1x28	4	55	34	56	15	51	38
1x28	4	56	6	50	58	33	24
1x28	4	8	9	42	37	18	33
1x28	40	24	60	8	14	12	47
1x28	40	57	23	13	1	56	5
1x28	41	10	55	33	17	23	44
1x28	41	24	39	26	20	50	45
1x28	41	46	11	36	8	37	60
1x28	41	52	56	40	19	39	11
1x28	41	9	56	35	32	17	55
1x28	42	1	4	45	16	54	39
1x28	42	15	10	48	45	17	11
1x28	42	30	54	40	13	26	33
1x28	42	38	18	47	46	22	3
1x28	43	10	22	1	3	8	53
1x28	43	10	39	51	60	40	22
1x28	43	23	49	50	13	52	12
1x28	43	34	40	2	45	24	47
1x28	43	38	47	20	29	12	17
1x28	43	60	41	33	2	25	42
1x28	44	18	54	53	5	17	3
1x28	44	48	36	10	37	12	42
1x28	44	5	30	53	57	42	29
1x28	44	52	53	9	40	41	60
1x28	44	53	30	19	46	7	13
1x28	44	56	6	32	27	4	18
1x28	45	15	36	44	60	30	31
1x28	45	2	29	55	41	7	8
1x28	45	24	2	48	8	10	55
1x28	45	44	46	3	7	8	38
1x28	46	16	29	22	10	12	57
1x28	46	5	48	55	30	45	24
1x28	47	18	54	32	37	21	13
1x28	47	21	58	16	57	35	22
1x28	47	22	51	11	53	16	15
1x28	47	50	40	35	45	41	55
1x28	47	51	59	30	36	15	58
1x28	47	8	39	36	31	34	57
1x28	48	6	49	31	47	1	37
1x28	5	30	40	45	10	42	46
1x28	5	31	55	23	36	6	29
1x28	5	31	56	50	26	52	14
1x28	5	4	24	41	43	38	2
1x28	5	48	15	39	18	11	43
1x28	50	32	60	43	7	3	31
1x28	50	6	37	47	43	9	42
1x28	51	13	48	58	40	50	4
1x28	51	17	39	14	50	58	8
1x28	51	23	15	48	16	24	7
1x28	51	39	44	4	57	14	30
1x28	51	47	49	55	24	8	1
1x28	51	48	6	36	2	16	11
1x28	52	11	17	31	36	26	53
1x28	52	22	36	57	2	29	12
1x28	52	48	47	25	50	12	4
1x28	52	55	22	14	60	17	42
1x28	52	55	41	9	38	60	34
1x28	52	57	23	38	18	35	22
1x28	53	23	60	51	54	50	9
1x28	53	26	18	58	34	42	55
1x28	53	9	57	49	45	43	20
1x28	54	11	48	1	39	9	35
1x28	54	20	46	15	8	34	23
1x28	54	30	50	15	5	3	19
1x28	54	52	47	57	42	49	37
1x28	55	40	53	8	37	1	17
1x28	56	29	30	24	19	6	15
1x28	56	30	46	6	16	4	23
1x28	56	35	38	24	11	37	60
1x28	57	27	37	43	40	49	19
1x28	57	32	24	9	15	8	52
1x28	57	58	48	29	49	7	53
1x28	58	25	51	18	19	29	55
1x28	58	42	50	34	20	2	21
1x28	58	43	36	11	21	1	48
1x28	6	34	38	2	49	57	23
1x28	6	34	51	16	48	31	30
1x28	6	59	45	49	42	54	10
1x28	60	25	39	48	29	26	35
1x28	60	37	35	31	11	17	13
1x28	60	51	54	21	50	14	32
1x28	60	53	12	51	21	56	9
1x28	8	31	16	47	17	9	33
1x28	8	44	21	30	20	39	51
1x28	8	51	7	21	13	52	41
1x28	8	52	55	57	31	36	30
1x28	8	59	13	14	21	11	58
1x28	9	10	19	5	59	36	50
1x28	9	17	11	41	26	29	33
1x28	9	22	46	58	41	10	54
1x28	9	23	46	4	47	22	33
1x28	9	29	39	22	50	23	19
1x28	9	43	17	37	42	24	58
1x28	9	56	39	17	59	41	2
1x29	1	2	18	27	51	21	5
1x29	1	37	8	56	9	38	15
1x29	10	19	18	50	44	7	14
1x29	10	27	38	46	11	1	34
1x29	10	39	35	59	25	8	6
1x29	10	41	18	38	34	27	47
1x29	10	44	30	4	48	37	50
1x29	11	22	42	44	18	45	59
1x29	11	56	47	20	48	22	52
1x29	11	57	48	14	58	46	34
1x29	12	23	9	60	52	2	31
1x29	12	37	31	57	54	60	25
1x29	12	38	49	3	57	52	59
1x29	12	56	52	27	39	46	9
1x29	13	17	52	56	23	37	24
1x29	13	3	28	40	45	51	24
1x29	14	43	26	40	9	32	36
1x29	14	55	35	5	15	6	21
1x29	15	4	28	45	48	22	33
1x29	15	51	26	45	54	6	33
1x29	16	20	25	31	56	8	11
1x29	16	21	41	59	51	58	1
1x29	16	24	36	18	34	8	13
1x29	16	28	58	7	60	19	10
1x29	16	46	8	18	11	31	54
1x29	16	55	6	38	57	11	37
1x29	17	35	47	60	3	36	42
1x29	18	20	17	23	30	37	40
1x29	18	58	8	4	49	1	30
1x29	19	55	47	37	11	56	12
1x29	2	50	33	25	52	24	9
1x29	2	59	52	20	36	22	41
1x29	2	9	44	36	56	35	58
1x29	20	15	30	52	4	7	46
1x29	20	34	17	14	40	60	3
1x29	20	39	7	9	57	37	17
1x29	21	18	24	19	17	48	36
1x29	21	28	27	39	59	54	26
1x29	21	54	7	17	34	16	44
1x29	22	14	20	4	32	57	9
1x29	22	24	33	15	13	59	47
1x29	23	5	58	21	37	42	35
1x29	23	59	9	44	56	28	60
1x29	24	11	4	50	14	58	27
1x29	24	34	10	42	51	28	30
1x29	24	53	17	12	19	8	10
1x29	24	57	38	53	13	32	20
1x29	25	3	10	44	23	56	9
1x29	25	9	10	15	30	40	18
1x29	26	1	27	3	44	16	56
1x29	26	10	33	4	20	32	14
1x29	26	18	51	36	44	56	12
1x29	26	2	52	21	56	11	35
1x29	26	28	21	33	46	4	54
1x29	26	36	30	11	45	46	7
1x29	26	38	43	50	44	3	48
1x29	27	10	39	22	36	47	45
1x29	27	23	5	7	12	25	6
1x29	28	14	21	10	30	50	46
1x29	3	22	26	6	25	34	7
1x29	3	27	40	34	53	47	26
1x29	3	38	54	11	51	46	57
1x29	3	60	19	22	58	37	57
1x29	30	17	47	21	32	20	58
1x29	30	3	46	5	9	31	14
1x29	30	39	53	54	8	7	41
1x29	31	27	16	37	7	54	60
1x29	31	28	45	35	41	36	33
1x29	31	46	35	5	3	51	42
1x29	31	57	39	46	33	35	49
1x29	32	12	48	33	30	24	57
1x29	32	25	17	45	6	44	15
1x29	32	28	7	23	53	58	9
1x29	32	38	56	40	59	47	21
1x29	32	50	12	14	26	27	53
1x29	33	20	48	47	5	2	38
1x29	33	28	56	55	18	15	57
1x29	33	4	23	13	44	8	18
1x29	33	7	25	1	57	30	24
1x29	34	18	58	39	47	5	48
1x29	34	45	5	21	44	11	7
1x29	34	52	27	50	42	35	16
1x29	35	32	53	56	44	3	20
1x29	35	34	45	44	30	57	21
1x29	35	55	41	25	43	45	12
1x29	35	6	22	42	32	51	27
1x29	37	17	2	51	50	44	28
1x29	37	32	23	18	35	2	52
1x29	37	52	50	46	21	14	5
1x29	37	52	54	50	28	22	56
1x29	37	55	10	56	46	9	6
1x29	37	58	18	6	20	45	8
1x29	38	14	59	25	4	37	17
1x29	38	3	24	19	50	59	41
1x29	38	31	7	32	57	35	19
1x29	38	47	14	42	48	13	18
1x29	38	59	7	57	9	45	41
1x29	39	21	22	53	33	42	49
1x29	39	21	27	56	33	47	22
1x29	39	42	10	51	44	34	17
1x29	4	32	35	56	16	19	14
1x29	4	42	28	53	38	18	33
1x29	4	50	23	60	59	40	36
1x29	40	24	47	57	13	50	17
1x29	40	37	39	8	42	57	19
1x29	40	43	11	17	24	33	54
1x29	41	1	40	54	28	44	37
1x29	41	40	53	54	52	37	2
1x29	42	15	40	12	56	27	32
1x29	42	3	54	15	2	13	20
1x29	42	34	18	30	17	11	5
1x29	43	12	23	44	42	24	41
1x29	44	20	27	49	16	2	48
1x29	44	41	30	33	42	26	39
1x29	44	57	58	60	50	41	9
1x29	44	58	4	19	10	42	2
1x29	45	14	22	4	57	47	37
1x29	45	35	48	2	50	14	47
1x29	45	46	11	22	55	43	48
1x29	45	49	51	31	14	4	38
1x29	45	7	25	49	16	27	3
1x29	46	52	20	28	26	38	56
1x29	47	1	5	32	40	6	4
1x29	47	11	2	36	19	28	31
1x29	47	14	52	19	58	26	37
1x29	47	8	21	16	24	39	6
1x29	48	24	20	41	33	31	50
1x29	49	17	53	13	4	11	8
1x29	49	22	17	37	51	20	16
1x29	49	31	25	34	12	36	47
1x29	5	11	57	38	32	55	44
1x29	5	18	49	34	56	9	60
1x29	5	23	24	3	18	16	9
1x29	5	30	49	21	35	34	52
1x29	5	38	1	15	31	3	11
1x29	50	34	25	3	9	48	35
1x29	50	49	32	20	40	24	58
1x29	50	6	22	2	3	45	48
1x29	51	14	58	3	4	7	20
1x29	51	17	27	57	20	2	60
1x29	51	19	27	45	31	2	60
1x29	52	13	43	24	18	22	60
1x29	52	14	39	49	57	16	13
1x29	52	16	20	17	33	21	15
1x29	52	21	37	9	41	60	16
1x29	52	43	5	33	1	44	53
1x29	52	9	1	19	28	39	4
1x29	53	42	23	45	19	16	21
1x29	54	1	23	4	8	2	33
1x29	54	4	55	28	12	1	17
1x29	54	51	38	26	43	10	57
1x29	54	53	4	51	32	36	12
1x29	55	37	11	38	40	7	45
1x29	55	50	41	12	39	6	35
1x29	55	56	35	12	23	17	14
1x29	55	59	47	39	24	11	56
1x29	56	2	3	49	33	46	47
1x29	57	36	22	1	35	8	54
1x29	57	42	5	60	44	14	28
1x29	57	44	58	28	35	21	16
1x29	57	47	54	31	50	36	59
1x29	57	56	1	39	10	7	46
1x29	57	56	14	23	31	35	25
1x29	58	26	16	14	56	44	2
1x29	58	49	13	35	43	14	54
1x29	59	12	19	23	1	22	20
1x29	59	16	40	55	5	27	7
1x29	59	17	30	52	46	26	54
1x29	59	17	57	9	58	16	10
1x29	59	45	33	4	18	43	41
1x29	59	46	40	44	5	15	43
1x29	59	5	31	34	12	18	21
1x29	59	8	33	50	57	17	40
1x29	6	17	25	18	44	41	9
1x29	60	13	11	16	52	8	27
1x29	60	25	34	51	50	16	1
1x29	60	57	48	6	18	26	3
1x29	7	19	38	54	10	31	30
1x29	7	23	15	47	56	6	4
1x29	7	27	40	41	3	25	9
1x29	7	52	38	4	11	5	1
1x29	8	12	58	2	53	30	3
1x29	8	36	2	12	38	35	45
1x29	8	41	15	14	49	3	11
1x29	8	56	41	31	50	35	46
1x29	9	45	16	33	57	47	50
1x29	9	52	31	26	53	38	41
1x29	9	60	18	48	25	45	30
1x3	1	33	58	12	35	4	22
1x3	11	10	40	43	20	44	57
1x3	12	18	52	31	51	40	55
1x3	12	20	50	47	14	56	32
1x3	12	24	49	51	39	46	44
1x3	12	38	32	2	8	29	26
1x3	12	45	50	53	23	2	31
1x3	12	9	11	43	30	49	52
1x3	13	39	21	33	44	35	42
1x3	13	54	45	58	1	44	59
1x3	13	60	49	57	51	50	14
1x3	13	9	48	47	20	44	29
1x3	14	24	36	11	6	46	52
1x3	14	34	23	16	40	46	47
1x3	15	16	26	46	38	28	47
1x3	15	2	14	32	30	58	22
1x3	15	40	7	4	5	20	57
1x3	16	29	51	41	40	26	32
1x3	16	31	27	33	56	17	4
1x3	17	23	5	45	18	53	28
1x3	17	51	8	28	18	25	7
1x3	19	17	43	36	46	56	11
1x3	19	21	41	43	35	46	13
1x3	2	20	14	52	5	33	58
1x3	2	21	56	35	13	31	40
1x3	2	32	25	8	54	19	4
1x3	2	51	54	35	13	36	16
1x3	2	57	14	51	6	23	10
1x3	20	56	10	24	21	30	47
1x3	21	22	7	38	17	1	5
1x3	21	35	32	50	44	25	18
1x3	21	38	13	35	26	7	29
1x3	21	43	53	59	32	49	39
1x3	21	53	28	17	7	25	27
1x3	21	54	32	22	57	53	7
1x3	22	11	55	48	60	14	20
1x3	23	10	41	28	29	6	1
1x3	23	40	60	38	4	2	21
1x3	23	44	52	6	55	32	53
1x3	23	55	11	50	58	60	9
1x3	24	10	45	37	47	30	17
1x3	25	20	7	41	40	45	37
1x3	25	41	2	18	60	57	26
1x3	25	48	55	1	15	13	24
1x3	25	48	57	1	19	9	30
1x3	25	56	12	39	21	40	14
1x3	26	19	25	52	1	30	10
1x3	26	23	40	1	24	53	56
1x3	27	51	16	2	19	41	48
1x3	27	57	4	24	1	16	11
1x3	28	1	48	9	18	35	14
1x3	28	29	26	37	43	1	52
1x3	28	40	56	37	25	45	57
1x3	28	52	30	58	12	33	54
1x3	29	37	28	8	23	46	13
1x3	30	40	59	7	58	21	14
1x3	30	54	2	24	44	36	1
1x3	30	8	36	18	56	15	48
1x3	31	21	52	11	19	48	25
1x3	31	38	24	44	7	34	29
1x3	32	33	42	49	31	38	36
1x3	32	44	14	38	23	26	50
1x3	32	45	44	37	30	2	35
1x3	33	23	13	29	12	2	57
1x3	33	37	39	28	31	48	59
1x3	34	26	1	42	53	14	41
1x3	34	47	22	31	18	48	50
1x3	35	49	11	29	18	13	14
1x3	36	56	4	48	17	38	50
1x3	37	28	14	46	59	32	40
1x3	37	52	39	42	32	5	16
1x3	38	29	15	28	9	2	60
1x3	38	5	53	14	40	29	24
1x3	38	52	32	36	42	11	44
1x3	39	41	37	29	26	17	49
1x3	39	57	29	12	38	33	34
1x3	39	58	38	54	59	25	40
1x3	40	6	54	24	36	49	12
1x3	41	14	22	7	52	53	20
1x3	41	15	35	18	60	46	9
1x3	41	19	38	39	7	8	13
1x3	41	28	19	17	33	52	12
1x3	41	47	2	18	4	43	10
1x3	41	57	24	19	10	53	44
1x3	42	24	45	53	43	49	2
1x3	42	29	53	60	34	17	47
1x3	42	38	37	4	15	21	45
1x3	42	43	19	36	4	9	24
1x3	42	8	53	23	48	17	44
1x3	43	47	41	38	34	48	29
1x3	43	5	20	44	58	9	41
1x3	43	7	27	6	12	8	26
1x3	44	20	52	18	10	13	15
1x3	44	35	14	25	16	46	56
1x3	44	4	43	26	46	34	37
1x3	44	58	23	43	33	60	56
1x3	45	30	58	7	55	14	44
1x3	45	35	53	33	19	50	54
1x3	45	36	19	12	43	55	14
1x3	45	38	27	13	31	7	48
1x3	45	8	29	42	19	18	6
1x3	46	36	26	31	56	17	13
1x3	47	10	29	40	44	20	45
1x3	47	42	17	40	27	21	36
1x3	47	48	60	42	49	55	6
1x3	47	52	55	19	58	39	45
1x3	48	12	50	20	30	53	8
1x3	48	20	40	34	17	13	7
1x3	48	55	46	40	51	44	7
1x3	49	27	50	37	40	10	25
1x3	49	40	35	31	1	38	34
1x3	49	53	5	14	60	22	10
1x3	5	28	6	47	13	26	9
1x3	5	30	58	59	29	33	12
1x3	5	31	27	20	13	52	46
1x3	5	33	27	57	22	10	24
1x3	5	49	30	33	18	42	48
1x3	50	35	45	18	48	19	44
1x3	51	16	8	7	45	38	36
1x3	51	41	56	6	21	39	9
1x3	51	42	6	21	23	36	59
1x3	51	47	26	2	9	43	45
1x3	52	14	16	21	6	23	32
1x3	52	6	14	53	42	23	10
1x3	52	9	55	56	45	29	13
1x3	53	23	24	59	57	55	10
1x3	53	26	6	25	52	34	35
1x3	53	45	39	46	36	15	6
1x3	53	48	18	31	15	16	47
1x3	53	48	31	49	44	56	5
1x3	53	54	16	39	15	58	29
1x3	54	24	33	11	25	26	20
1x3	55	26	27	13	22	21	52
1x3	55	38	31	50	42	13	27
1x3	55	40	32	60	20	29	14
1x3	55	58	39	2	23	60	42
1x3	56	12	2	17	46	50	19
1x3	56	23	51	39	37	41	46
1x3	56	46	54	6	47	43	7
1x3	57	1	45	17	19	60	48
1x3	57	30	59	7	2	49	29
1x3	57	43	47	30	13	27	2
1x3	57	47	11	52	26	19	8
1x3	58	25	57	41	49	26	50
1x3	58	37	26	45	28	59	32
1x3	58	8	10	22	7	29	47
1x3	58	9	33	53	43	39	50
1x3	59	15	13	45	24	44	8
1x3	59	16	28	53	7	9	38
1x3	59	22	56	30	27	58	12
1x3	59	31	16	60	52	17	25
1x3	6	10	60	38	59	13	2
1x3	6	14	18	21	19	35	9
1x3	6	57	11	54	38	51	22
1x3	60	23	20	11	59	25	7
1x3	60	29	39	42	58	53	9
1x3	7	18	49	40	22	28	56
1x3	7	56	17	14	54	45	5
1x3	8	11	44	12	60	39	1
1x3	8	25	49	42	33	46	21
1x3	8	46	16	39	31	53	49
1x3	9	28	40	43	1	7	17
1x3	9	38	59	41	10	13	54
1x3	9	4	55	8	10	15	48
1x3	9	55	30	37	42	25	40
1x3	9	56	38	13	21	30	43
1x30	1	24	25	53	56	3	46
1x30	1	40	33	9	3	22	31
1x30	1	40	38	58	23	50	37
1x30	1	52	31	43	35	25	48
1x30	1	7	34	29	40	41	60
1x30	10	14	36	54	6	32	3
1x30	10	20	40	3	44	7	22
1x30	10	39	32	51	49	35	9
1x30	10	43	11	12	7	41	40
1x30	10	53	19	52	18	41	8
1x30	12	33	23	36	57	42	13
1x30	12	39	8	27	31	7	24
1x30	12	43	48	36	54	41	55
1x30	12	54	19	7	49	48	38
1x30	12	60	59	37	58	22	11
1x30	13	39	45	24	55	32	51
1x30	14	25	6	41	39	40	17
1x30	14	46	2	39	29	37	6
1x30	15	21	20	13	18	40	28
1x30	15	23	47	54	14	4	12
1x30	16	41	37	54	25	38	34
1x30	16	41	53	7	54	14	38
1x30	17	19	40	44	56	35	50
1x30	17	2	56	49	60	20	4
1x30	17	34	59	39	45	7	33
1x30	17	58	13	11	59	24	31
1x30	17	9	60	20	37	46	16
1x30	18	1	57	42	22	10	28
1x30	18	35	3	55	39	22	60
1x30	18	41	4	3	8	58	9
1x30	18	44	54	28	27	59	42
1x30	19	4	49	48	51	52	35
1x30	19	56	4	31	57	48	52
1x30	2	24	27	4	13	10	9
1x30	2	37	19	49	41	10	38
1x30	2	44	55	1	49	17	21
1x30	2	47	45	7	28	5	31
1x30	20	39	36	60	3	15	11
1x30	20	51	52	55	29	25	16
1x30	20	7	31	43	15	4	25
1x30	21	2	31	24	54	29	39
1x30	21	34	47	36	3	10	46
1x30	22	26	46	42	4	14	8
1x30	23	37	27	34	42	55	35
1x30	23	39	43	8	40	12	10
1x30	23	45	29	25	21	9	20
1x30	24	29	23	9	21	60	6
1x30	24	46	26	2	1	50	11
1x30	25	28	43	4	41	36	34
1x30	25	32	24	10	21	59	35
1x30	25	8	23	19	10	60	24
1x30	26	19	12	45	54	52	44
1x30	26	46	10	7	52	17	31
1x30	27	39	18	44	16	7	42
1x30	28	1	37	52	11	17	22
1x30	28	31	49	35	45	51	3
1x30	28	33	12	35	1	15	43
1x30	29	1	22	58	20	33	48
1x30	29	20	15	54	22	27	41
1x30	29	21	39	18	48	50	60
1x30	29	22	31	16	20	38	46
1x30	29	35	18	50	39	2	5
1x30	29	44	18	25	41	60	8
1x30	29	48	7	50	52	35	55
1x30	29	51	35	40	37	22	33
1x30	29	9	23	39	15	32	51
1x30	3	15	25	24	40	5	2
1x30	3	51	48	31	20	43	23
1x30	3	8	14	23	15	35	36
1x30	31	16	48	4	23	45	6
1x30	31	18	42	47	23	52	57
1x30	31	47	58	6	32	33	59
1x30	31	7	50	41	56	9	8
1x30	32	1	29	45	16	42	56
1x30	32	41	28	48	19	53	59
1x30	32	47	45	9	14	37	25
1x30	32	53	29	1	10	37	58
1x30	33	14	31	59	10	1	54
1x30	34	3	45	10	46	31	39
1x30	34	45	27	29	33	35	36
1x30	34	50	18	58	3	6	28
1x30	34	54	32	56	21	16	42
1x30	34	9	52	18	36	10	12
1x30	35	17	22	46	34	26	33
1x30	35	24	53	42	60	49	26
1x30	35	37	44	26	60	18	41
1x30	35	43	56	47	26	32	41
1x30	35	54	10	6	31	55	47
1x30	36	16	49	20	57	14	56
1x30	36	57	16	11	43	33	29
1x30	37	35	51	12	16	31	24
1x30	37	47	56	38	34	7	46
1x30	37	5	31	60	21	11	36
1x30	39	45	8	44	13	60	28
1x30	39	57	2	4	58	10	5
1x30	4	8	56	6	1	39	32
1x30	40	19	44	16	2	23	59
1x30	40	27	6	47	45	60	29
1x30	40	4	50	20	51	8	56
1x30	40	49	32	48	29	2	35
1x30	41	19	49	52	17	53	25
1x30	41	25	57	58	3	39	54
1x30	41	5	28	34	43	26	49
1x30	41	53	10	46	57	26	25
1x30	42	26	17	27	3	38	7
1x30	42	40	44	12	23	8	56
1x30	43	12	29	47	16	38	55
1x30	43	56	52	10	17	25	24
1x30	44	11	25	58	32	24	5
1x30	44	11	31	60	50	40	4
1x30	44	37	49	22	60	34	40
1x30	45	20	11	32	16	46	27
1x30	45	28	14	36	21	16	38
1x30	45	42	20	57	1	38	37
1x30	45	9	47	38	58	57	21
1x30	46	37	6	39	53	15	34
1x30	47	11	9	31	10	8	29
1x30	47	31	60	6	45	41	27
1x30	47	46	3	60	41	44	24
1x30	47	55	58	10	4	14	44
1x30	48	18	38	19	6	11	39
1x30	49	7	20	16	36	29	57
1x30	5	10	45	29	33	56	46
1x30	5	2	8	27	31	25	50
1x30	5	35	40	24	25	15	33
1x30	5	38	20	19	58	37	13
1x30	5	42	10	60	14	46	13
1x30	5	58	3	47	41	25	2
1x30	50	20	36	5	52	43	41
1x30	50	27	25	51	43	29	34
1x30	50	49	2	56	23	33	17
1x30	50	58	10	16	39	14	8
1x30	50	58	57	40	44	9	13
1x30	51	12	15	44	40	59	49
1x30	51	18	58	28	6	42	1
1x30	51	27	15	43	28	45	8
1x30	51	44	46	6	9	25	32
1x30	51	50	3	59	7	57	25
1x30	52	7	15	29	18	14	19
1x30	53	10	25	40	17	54	19
1x30	53	20	16	27	11	55	15
1x30	53	8	22	59	42	55	33
1x30	54	33	32	18	22	19	47
1x30	54	39	2	16	49	12	36
1x30	54	43	3	15	47	37	7
1x30	54	5	19	49	31	2	56
1x30	55	13	21	51	41	4	45
1x30	55	46	1	25	18	27	21
1x30	55	51	39	33	14	22	18
1x30	55	9	25	15	60	29	57
1x30	56	34	11	12	37	1	43
1x30	56	34	40	52	7	3	23
1x30	56	42	32	5	3	11	10
1x30	56	5	39	38	60	31	54
1x30	56	57	42	6	3	5	50
1x30	56	7	22	51	1	15	42
1x30	57	7	36	38	17	49	45
1x30	58	25	3	33	51	38	22
1x30	58	42	11	38	3	37	54
1x30	58	56	35	46	51	22	24
1x30	59	33	39	18	53	37	11
1x30	59	33	48	20	7	15	31
1x30	6	21	27	35	34	60	5
1x30	6	28	13	50	38	43	19
1x30	6	5	21	1	17	44	42
1x30	60	12	28	48	1	42	10
1x30	60	32	49	43	51	46	57
1x30	60	41	34	20	16	28	37
1x30	60	59	2	29	22	43	37
1x30	7	50	19	49	20	27	36
1x30	7	6	14	10	51	12	42
1x30	8	16	39	21	46	53	54
1x30	8	32	7	35	57	1	54
1x30	8	34	32	23	56	22	39
1x30	8	35	27	21	39	60	41
1x30	8	38	22	60	51	46	7
1x30	8	58	31	12	29	41	23
1x30	9	18	24	23	28	11	27
1x30	9	33	1	43	11	55	28
1x30	9	5	35	47	37	50	38
1x30	9	58	25	36	35	23	48
1x31	1	30	21	33	23	56	57
1x31	1	36	43	37	34	46	54
1x31	1	7	21	32	20	54	49
1x31	11	40	1	12	16	45	28
1x31	12	40	4	8	1	56	35
1x31	12	9	16	19	42	7	40
1x31	13	12	45	34	24	40	55
1x31	13	45	34	24	48	20	36
1x31	13	9	49	3	53	42	5
1x31	14	13	6	50	54	46	45
1x31	14	43	33	51	8	52	10
1x31	14	51	19	26	52	45	4
1x31	14	59	41	44	40	25	58
1x31	15	19	2	52	10	18	17
1x31	16	32	36	44	29	15	10
1x31	16	58	56	29	43	10	42
1x31	17	51	23	8	14	2	38
1x31	17	54	32	57	33	26	41
1x31	18	12	9	19	16	58	45
1x31	18	53	30	2	1	43	5
1x31	19	4	23	13	33	38	49
1x31	2	10	53	28	45	38	40
1x31	2	19	12	41	21	24	57
1x31	2	35	48	46	50	14	24
1x31	2	52	32	12	58	3	44
1x31	20	12	58	11	45	21	29
1x31	20	16	54	46	29	32	18
1x31	20	22	2	25	50	55	49
1x31	20	33	4	18	11	6	30
1x31	20	52	6	23	3	14	38
1x31	20	6	28	23	56	22	41
1x31	20	7	50	13	24	15	28
1x31	21	32	43	23	54	35	27
1x31	21	33	16	59	52	47	49
1x31	22	33	54	30	53	43	21
1x31	22	37	20	5	39	15	53
1x31	22	51	29	38	7	24	59
1x31	22	60	2	59	6	8	34
1x31	23	34	43	45	20	42	53
1x31	23	4	40	33	36	50	43
1x31	23	48	12	55	4	21	42
1x31	24	1	40	6	44	28	10
1x31	24	4	8	9	47	53	25
1x31	25	20	9	10	59	30	36
1x31	25	34	48	45	16	33	42
1x31	25	44	42	11	33	58	16
1x31	25	9	48	58	50	36	13
1x31	26	14	53	42	60	46	34
1x31	26	54	5	29	37	6	27
1x31	27	11	58	30	21	16	9
1x31	27	45	17	9	58	41	26
1x31	27	47	13	38	5	56	21
1x31	28	47	9	12	43	34	29
1x31	28	51	57	50	42	24	8
1x31	28	56	27	8	45	60	14
1x31	29	3	23	21	49	12	53
1x31	29	44	41	32	55	17	37
1x31	29	50	33	21	2	35	37
1x31	3	15	11	9	47	39	51
1x31	3	18	48	7	11	36	20
1x31	3	26	34	59	7	8	47
1x31	3	40	55	11	4	45	6
1x31	3	57	39	33	11	45	29
1x31	3	6	51	7	55	44	29
1x31	3	8	17	37	46	38	41
1x31	30	4	3	43	52	9	13
1x31	30	53	60	39	6	25	5
1x31	30	57	39	15	9	16	14
1x31	32	29	16	50	18	23	30
1x31	32	55	24	51	7	46	36
1x31	33	10	42	37	15	53	23
1x31	33	30	45	53	60	48	39
1x31	33	36	18	6	16	11	12
1x31	33	57	51	3	58	35	36
1x31	33	7	38	39	8	57	46
1x31	34	28	11	52	22	40	32
1x31	34	49	18	50	42	53	28
1x31	34	57	56	28	43	33	3
1x31	35	44	21	8	26	11	2
1x31	35	47	12	22	48	27	26
1x31	36	18	27	7	5	19	26
1x31	36	19	20	18	12	43	6
1x31	36	28	46	16	47	5	52
1x31	36	30	26	35	28	41	57
1x31	37	16	13	50	45	18	48
1x31	37	41	28	49	51	13	38
1x31	37	44	21	54	12	19	18
1x31	37	52	16	40	21	24	56
1x31	38	42	34	53	12	21	56
1x31	38	52	19	40	12	32	35
1x31	39	1	40	11	16	34	23
1x31	39	57	26	28	42	10	50
1x31	4	29	49	7	59	40	36
1x31	4	43	10	17	51	48	50
1x31	40	46	24	16	35	53	15
1x31	41	12	29	58	16	55	33
1x31	41	48	15	23	28	27	57
1x31	41	57	33	38	50	10	1
1x31	42	35	15	45	48	26	46
1x31	42	49	18	51	55	17	24
1x31	42	56	2	21	12	45	22
1x31	42	58	26	50	36	49	12
1x31	42	59	1	39	19	20	49
1x31	44	14	52	58	47	22	26
1x31	44	53	37	58	11	23	60
1x31	44	54	39	55	28	13	56
1x31	44	55	48	12	23	45	56
1x31	44	58	33	17	22	52	57
1x31	45	11	40	16	51	25	56
1x31	45	2	41	26	52	38	55
1x31	45	53	54	24	44	9	32
1x31	46	13	4	20	38	44	41
1x31	46	16	34	53	26	27	48
1x31	47	24	38	37	12	10	46
1x31	47	45	42	57	32	15	24
1x31	48	27	21	1	32	29	5
1x31	48	30	37	33	11	42	13
1x31	48	33	6	23	8	29	10
1x31	48	55	36	13	42	58	5
1x31	49	47	10	59	9	17	3
1x31	49	48	54	52	42	51	18
1x31	5	10	32	7	33	8	48
1x31	5	21	10	50	27	34	15
1x31	5	51	13	44	36	15	37
1x31	50	24	27	36	57	52	5
1x31	50	60	7	14	51	33	9
1x31	50	9	10	37	38	16	32
1x31	51	25	44	55	33	48	49
1x31	51	26	53	58	55	56	41
1x31	51	9	10	17	41	33	37
1x31	52	11	45	48	46	38	51
1x31	52	3	21	53	4	28	47
1x31	52	55	41	4	34	18	30
1x31	53	18	36	5	38	44	48
1x31	53	55	20	50	6	15	7
1x31	53	58	25	21	55	5	50
1x31	54	17	1	44	23	3	27
1x31	55	20	53	14	39	54	43
1x31	56	2	44	14	19	35	11
1x31	56	23	60	46	51	5	53
1x31	56	34	20	57	23	43	25
1x31	56	39	50	18	38	47	43
1x31	57	19	14	1	13	54	55
1x31	57	36	46	60	49	22	21
1x31	57	49	43	15	35	40	36
1x31	57	5	22	53	35	60	42
1x31	58	2	18	47	27	46	54
1x31	58	20	48	13	59	15	60
1x31	58	28	32	29	59	21	35
1x31	58	43	28	8	60	46	39
1x31	59	2	57	20	35	56	22
1x31	59	5	7	41	32	44	38
1x31	6	26	36	42	50	9	12
1x31	6	36	16	60	43	41	56
1x31	6	48	46	54	37	58	28
1x31	6	58	54	24	21	52	40
1x31	6	9	19	57	59	13	53
1x31	60	53	16	18	23	36	35
1x31	7	17	45	28	55	27	29
1x31	7	4	56	49	53	32	38
1x31	7	43	57	47	54	6	15
1x31	7	60	48	59	55	15	49
1x31	8	34	44	14	46	25	32
1x31	8	52	19	49	9	42	47
1x31	9	3	42	18	47	37	8
1x31	9	4	52	3	23	13	21
1x31	9	60	5	46	4	16	45
1x32	1	21	7	17	59	58	19
1x32	1	43	53	16	37	56	57
1x32	1	5	22	2	42	43	57
1x32	10	19	18	24	31	26	27
1x32	10	31	9	33	34	16	25
1x32	10	4	24	40	56	1	22
1x32	10	51	11	57	58	2	14
1x32	10	55	33	58	54	23	38
1x32	10	6	47	56	39	53	1
1x32	11	10	21	38	14	26	5
1x32	11	10	52	38	21	35	41
1x32	11	26	25	6	16	48	31
1x32	11	45	42	57	25	23	17
1x32	11	60	57	22	15	20	23
1x32	12	16	53	46	42	25	31
1x32	12	19	23	3	56	36	10
1x32	12	20	17	4	25	48	31
1x32	12	23	34	16	14	58	51
1x32	12	5	34	44	19	40	21
1x32	12	60	10	41	20	34	53
1x32	13	10	50	46	11	15	57
1x32	13	14	38	58	29	1	48
1x32	13	14	58	42	60	43	16
1x32	13	20	18	38	54	57	21
1x32	13	49	33	36	43	7	12
1x32	14	13	55	22	5	50	36
1x32	14	2	45	34	56	21	23
1x32	14	40	2	13	33	23	27
1x32	14	44	59	24	42	30	46
1x32	14	51	22	38	49	53	43
1x32	15	10	12	28	40	56	29
1x32	15	37	9	4	48	24	54
1x32	15	40	14	59	4	2	20
1x32	15	46	59	43	19	11	33
1x32	16	10	7	28	34	20	26
1x32	16	18	59	25	58	21	8
1x32	16	40	26	36	48	47	21
1x32	16	9	59	31	27	34	33
1x32	17	26	30	19	6	24	2
1x32	17	46	54	44	39	31	24
1x32	17	5	25	56	35	30	7
1x32	19	11	60	25	27	44	13
1x32	19	56	25	58	13	26	50
1x32	2	15	18	57	52	6	10
1x32	2	26	53	20	49	43	48
1x32	2	47	48	17	15	27	40
1x32	2	9	14	6	35	50	36
1x32	20	16	45	39	60	59	27
1x32	20	52	13	17	2	12	5
1x32	21	15	5	43	24	13	26
1x32	21	34	17	52	45	27	8
1x32	21	4	27	34	11	31	30
1x32	22	12	49	8	18	48	16
1x32	22	19	60	31	36	47	20
1x32	22	33	46	45	39	48	25
1x32	22	38	13	11	44	58	27
1x32	22	39	28	34	37	7	41
1x32	22	58	59	36	5	10	55
1x32	23	19	36	2	55	21	41
1x32	24	15	37	55	20	54	30
1x32	24	36	60	14	46	2	11
1x32	24	48	29	49	20	18	50
1x32	24	50	54	14	46	11	44
1x32	24	60	44	36	43	20	45
1x32	25	23	9	44	56	50	54
1x32	25	52	26	5	14	58	37
1x32	26	14	4	31	6	5	54
1x32	26	21	55	4	24	47	33
1x32	26	27	6	49	19	58	4
1x32	27	39	56	16	38	40	30
1x32	27	42	19	14	11	47	7
1x32	27	47	5	9	48	50	59
1x32	27	8	29	39	52	16	43
1x32	28	31	54	45	53	47	8
1x32	28	38	35	53	46	51	55
1x32	29	49	19	10	52	38	30
1x32	29	56	8	5	39	60	12
1x32	3	18	45	59	41	35	13
1x32	30	50	45	29	21	35	47
1x32	31	19	56	42	46	25	21
1x32	31	34	59	21	22	45	44
1x32	31	49	19	34	16	37	18
1x32	31	59	53	21	41	25	57
1x32	33	15	4	47	45	55	57
1x32	33	34	26	8	24	45	1
1x32	34	13	58	50	17	24	26
1x32	34	15	18	5	31	9	28
1x32	34	19	9	26	6	22	4
1x32	34	21	9	29	22	5	8
1x32	34	5	53	14	22	57	7
1x32	34	52	58	60	17	56	39
1x32	34	6	26	5	25	7	44
1x32	35	26	27	56	50	60	36
1x32	35	4	3	58	55	48	29
1x32	35	44	40	15	10	30	48
1x32	36	18	53	5	13	19	49
1x32	36	58	42	56	31	8	20
1x32	36	6	39	38	8	15	35
1x32	37	28	41	14	30	59	49
1x32	37	30	22	20	38	53	43
1x32	37	38	52	33	12	19	11
1x32	37	54	15	1	55	36	47
1x32	37	56	29	41	52	53	50
1x32	37	7	28	58	30	46	25
1x32	38	16	36	19	24	52	17
1x32	38	4	5	56	45	46	21
1x32	39	27	29	13	10	60	54
1x32	39	29	50	58	19	48	30
1x32	39	42	9	28	52	17	55
1x32	40	14	28	54	39	4	18
1x32	40	43	29	6	55	42	41
1x32	40	51	47	7	19	11	48
1x32	41	3	27	21	50	52	44
1x32	41	7	2	20	25	37	50
1x32	42	26	57	37	10	33	59
1x32	42	54	46	33	6	40	2
1x32	43	2	25	37	56	10	41
1x32	43	30	29	4	35	50	26
1x32	43	50	52	20	8	23	29
1x32	44	42	13	4	19	31	2
1x32	45	18	20	34	56	52	12
1x32	46	45	48	19	42	50	56
1x32	46	57	28	4	7	36	51
1x32	47	3	33	49	31	52	4
1x32	47	41	40	48	37	4	45
1x32	47	42	17	46	26	60	30
1x32	47	55	1	35	43	29	50
1x32	48	13	10	43	52	60	28
1x32	48	26	25	33	43	56	7
1x32	48	27	26	19	6	42	54
1x32	48	60	16	24	52	10	20
1x32	48	8	45	47	1	35	6
1x32	49	10	11	27	37	56	39
1x32	49	19	9	24	20	29	53
1x32	49	23	25	50	46	55	34
1x32	49	39	34	59	48	43	23
1x32	49	54	3	51	9	5	27
1x32	5	1	21	8	25	40	9
1x32	5	36	2	33	45	4	11
1x32	5	36	7	47	50	9	28
1x32	50	2	14	16	34	37	40
1x32	50	31	2	40	34	30	6
1x32	52	2	29	1	12	51	20
1x32	52	21	5	35	22	30	27
1x32	52	23	60	49	54	41	44
1x32	52	46	56	37	22	58	55
1x32	53	21	52	36	51	34	29
1x32	53	35	34	2	58	42	20
1x32	53	39	45	6	37	4	52
1x32	53	49	34	15	6	48	18
1x32	53	51	13	3	59	15	22
1x32	54	37	38	60	52	7	49
1x32	54	9	8	11	46	53	5
1x32	55	16	23	20	31	47	11
1x32	55	53	27	15	50	9	44
1x32	56	10	44	18	15	57	13
1x32	56	10	58	7	20	40	18
1x32	56	31	1	49	20	43	2
1x32	56	42	26	3	12	11	52
1x32	56	45	37	19	28	29	47
1x32	56	52	18	13	12	49	17
1x32	56	52	43	44	47	54	45
1x32	56	54	7	3	47	17	15
1x32	57	58	56	18	6	40	19
1x32	57	60	4	9	40	39	8
1x32	58	13	35	27	25	21	51
1x32	58	3	59	37	40	15	24
1x32	58	5	16	59	34	44	28
1x32	58	51	7	8	46	10	24
1x32	59	1	22	7	4	19	57
1x32	59	13	7	9	40	33	14
1x32	59	14	10	45	13	25	29
1x32	59	16	52	60	4	40	33
1x32	59	18	13	39	52	57	4
1x32	59	48	35	12	47	16	7
1x32	6	13	9	28	49	2	60
1x32	6	40	18	5	26	7	2
1x32	6	45	40	16	42	29	22
1x32	60	13	58	52	47	24	29
1x32	60	34	14	25	10	56	42
1x32	7	15	37	45	2	41	4
1x32	7	16	56	28	52	3	31
1x32	8	41	33	43	22	13	10
1x32	9	24	18	21	43	34	54
1x32	9	5	24	36	35	23	60
1x33	1	34	11	41	54	31	8
1x33	1	56	6	34	3	10	18
1x33	1	60	48	53	9	13	31
1x33	1	9	59	7	2	3	4
1x33	11	14	40	34	36	48	23
1x33	11	59	4	54	49	17	55
1x33	13	45	60	57	15	14	53
1x33	13	47	38	25	40	46	52
1x33	13	48	29	50	58	51	23
1x33	14	24	38	32	54	13	41
1x33	14	29	13	53	43	45	16
1x33	14	43	3	22	15	32	13
1x33	14	51	48	52	37	36	8
1x33	15	23	43	2	42	32	54
1x33	15	45	20	51	6	59	22
1x33	15	60	1	42	36	49	10
1x33	16	13	27	44	39	31	11
1x33	16	17	5	60	30	4	45
1x33	16	4	10	46	14	54	6
1x33	16	5	48	6	27	53	40
1x33	16	53	27	11	7	49	13
1x33	17	22	19	3	5	26	4
1x33	17	47	6	2	53	54	59
1x33	17	5	57	1	45	58	20
1x33	17	53	6	28	44	52	60
1x33	17	54	6	15	46	3	7
1x33	17	57	40	8	35	11	26
1x33	18	49	16	36	7	17	3
1x33	19	38	2	29	52	34	26
1x33	2	13	37	19	7	23	52
1x33	2	25	46	48	36	3	55
1x33	2	30	28	26	9	35	29
1x33	20	11	24	29	35	9	25
1x33	20	19	4	21	52	3	49
1x33	20	39	35	38	16	12	10
1x33	20	44	32	36	2	15	29
1x33	20	5	27	7	35	46	47
1x33	20	51	12	40	56	14	35
1x33	21	51	29	59	57	4	41
1x33	21	56	36	37	59	6	26
1x33	22	51	23	16	5	31	49
1x33	23	4	8	44	14	27	51
1x33	24	39	17	12	26	29	23
1x33	24	42	51	3	18	39	57
1x33	25	4	60	9	38	42	12
1x33	25	53	5	47	17	36	15
1x33	26	1	44	19	45	48	8
1x33	26	59	7	21	15	45	25
1x33	27	3	8	48	58	25	34
1x33	27	55	46	24	5	48	2
1x33	28	3	4	36	51	14	32
1x33	28	32	40	21	8	25	35
1x33	28	54	47	22	27	10	8
1x33	28	58	10	34	12	55	44
1x33	29	11	52	3	21	35	34
1x33	29	22	60	43	52	4	38
1x33	29	23	48	7	5	20	43
1x33	29	25	1	9	44	53	11
1x33	29	31	25	30	3	16	42
1x33	29	52	25	1	54	36	14
1x33	29	60	2	11	10	46	50
1x33	29	60	39	12	57	43	31
1x33	3	1	50	21	59	39	55
1x33	3	46	24	37	22	14	8
1x33	3	8	44	11	15	18	50
1x33	30	1	7	6	43	12	52
1x33	30	11	9	54	15	40	45
1x33	30	2	17	27	13	40	43
1x33	30	31	39	47	58	54	22
1x33	31	11	51	32	5	25	27
1x33	31	12	56	1	41	44	8
1x33	31	23	42	15	37	14	53
1x33	31	53	12	44	24	41	26
1x33	32	19	2	50	10	5	38
1x33	32	2	26	25	4	52	40
1x33	32	48	31	39	46	57	3
1x33	34	1	30	17	3	7	32
1x33	34	27	46	14	60	25	4
1x33	34	45	20	28	40	31	47
1x33	35	26	50	20	56	1	22
1x33	35	41	4	54	59	24	15
1x33	36	13	46	55	2	40	23
1x33	36	30	45	53	55	51	18
1x33	36	43	12	30	55	34	38
1x33	37	4	59	40	15	3	42
1x33	37	47	15	26	28	11	21
1x33	37	52	40	24	53	56	22
1x33	38	24	52	21	35	43	30
1x33	38	25	43	19	59	29	17
1x33	38	31	12	49	26	58	3
1x33	38	34	40	28	14	36	48
1x33	39	29	49	8	45	30	18
1x33	4	12	55	2	25	60	49
1x33	4	38	13	46	6	25	5
1x33	4	9	16	53	15	23	59
1x33	40	24	27	53	57	8	9
1x33	40	34	32	43	22	26	11
1x33	41	12	8	3	35	7	10
1x33	41	13	47	20	17	44	15
1x33	41	34	14	46	7	12	35
1x33	41	42	15	29	57	48	50
1x33	41	50	35	9	29	36	37
1x33	41	6	5	59	40	14	26
1x33	42	13	11	49	1	45	22
1x33	42	35	21	19	43	52	41
1x33	43	21	6	24	60	27	48
1x33	44	1	11	27	38	59	47
1x33	44	12	14	59	50	39	20
1x33	44	17	59	6	45	15	51
1x33	44	30	8	21	28	49	43
1x33	44	37	35	48	3	21	53
1x33	45	17	48	9	24	23	26
1x33	45	5	39	27	16	6	40
1x33	46	43	13	20	23	59	8
1x33	46	52	47	8	17	23	55
1x33	46	6	55	34	28	17	37
1x33	47	7	12	46	2	45	35
1x33	48	31	43	2	24	4	25
1x33	48	52	32	21	8	59	36
1x33	48	7	46	51	5	8	36
1x33	49	19	5	22	3	27	21
1x33	5	12	6	8	22	36	59
1x33	5	13	46	20	3	10	9
1x33	50	16	28	29	34	60	31
1x33	50	20	11	4	57	21	27
1x33	51	26	24	3	42	9	6
1x33	52	18	60	55	23	30	40
1x33	52	19	50	51	18	1	28
1x33	52	50	47	56	42	26	36
1x33	53	24	38	52	17	39	15
1x33	53	39	42	38	13	32	36
1x33	54	41	49	27	37	26	47
1x33	54	43	22	56	41	18	36
1x33	55	22	7	12	24	21	45
1x33	55	24	40	32	46	47	30
1x33	56	26	52	55	20	19	27
1x33	56	6	36	44	52	25	2
1x33	57	22	51	26	13	50	4
1x33	57	26	22	30	60	35	27
1x33	58	53	23	57	45	10	6
1x33	6	11	19	23	25	59	34
1x33	6	22	58	21	38	39	10
1x33	6	27	25	34	9	19	17
1x33	60	29	36	11	10	35	58
1x33	7	4	20	27	8	10	59
1x33	8	20	12	41	35	31	5
1x33	8	21	35	45	53	57	48
1x33	8	22	50	56	13	53	15
1x33	8	41	13	60	14	55	16
1x33	8	53	25	9	13	58	23
1x33	9	27	36	2	43	48	29
1x33	9	56	4	57	50	47	42
1x34	1	24	20	29	32	36	6
1x34	1	27	12	16	15	29	17
1x34	1	7	6	12	31	37	53
1x34	10	16	39	53	50	52	5
1x34	10	32	33	45	23	38	30
1x34	10	33	12	51	37	41	38
1x34	10	6	31	32	54	14	5
1x34	10	6	33	5	14	60	39
1x34	11	20	53	24	41	48	17
1x34	11	41	46	40	26	8	29
1x34	11	57	10	39	56	21	37
1x34	12	40	38	10	20	9	28
1x34	13	10	32	46	7	35	8
1x34	13	17	41	23	16	29	42
1x34	13	52	29	36	32	19	48
1x34	15	29	33	1	56	2	38
1x34	15	30	19	1	22	3	32
1x34	15	32	53	55	6	37	46
1x34	15	51	47	5	60	13	44
1x34	15	60	51	8	43	53	57
1x34	16	18	35	21	53	26	44
1x34	16	23	35	10	50	18	13
1x34	16	55	51	41	5	58	56
1x34	16	56	6	11	29	10	31
1x34	17	25	8	31	37	39	12
1x34	17	35	46	51	4	47	48
1x34	17	46	5	38	27	50	47
1x34	17	57	59	38	50	60	10
1x34	18	57	22	9	60	33	47
1x34	19	10	40	26	52	55	8
1x34	19	15	46	1	7	48	17
1x34	19	45	1	18	12	27	41
1x34	19	47	4	36	43	57	49
1x34	2	51	58	27	13	32	42
1x34	20	55	19	9	38	10	52
1x34	20	59	14	29	19	8	30
1x34	21	14	7	43	37	2	24
1x34	21	33	32	37	54	11	44
1x34	21	39	20	55	47	56	58
1x34	21	49	33	60	2	47	12
1x34	21	49	48	41	19	58	39
1x34	21	52	27	6	55	25	16
1x34	21	52	30	36	23	15	12
1x34	22	1	47	54	33	15	59
1x34	22	33	45	21	44	5	38
1x34	22	40	44	1	27	36	21
1x34	23	48	10	40	6	60	35
1x34	24	23	44	29	55	18	33
1x34	24	25	21	1	50	3	45
1x34	24	48	18	13	39	3	53
1x34	25	1	18	39	16	59	46
1x34	25	14	1	4	21	19	59
1x34	25	14	53	5	15	7	26
1x34	25	23	47	8	31	48	27
1x34	26	14	3	7	42	60	50
1x34	26	27	55	11	47	6	9
1x34	26	32	3	15	44	1	2
1x34	26	58	31	32	19	6	11
1x34	26	8	33	28	22	15	54
1x34	27	14	30	60	25	39	20
1x34	27	29	6	51	31	57	8
1x34	27	30	15	58	6	3	57
1x34	27	55	36	48	49	33	14
1x34	27	9	47	11	1	60	28
1x34	28	11	59	60	41	51	43
1x34	28	13	41	10	36	25	48
1x34	28	17	8	23	24	16	52
1x34	28	21	44	15	30	59	10
1x34	28	24	52	38	6	59	54
1x34	28	35	30	40	25	26	21
1x34	28	52	26	46	18	30	11
1x34	29	15	19	41	60	32	24
1x34	29	38	22	7	9	11	26
1x34	29	40	36	54	42	25	27
1x34	3	53	49	12	26	47	16
1x34	3	60	16	17	33	55	28
1x34	30	15	60	51	41	42	33
1x34	30	21	48	25	37	8	52
1x34	31	10	15	12	60	48	21
1x34	31	29	57	10	48	2	5
1x34	31	59	36	49	53	44	2
1x34	32	43	39	28	25	31	13
1x34	32	47	20	30	29	10	17
1x34	33	44	46	58	3	14	27
1x34	35	16	13	33	37	12	23
1x34	35	48	16	26	36	15	50
1x34	36	45	12	3	11	18	22
1x34	37	14	19	59	25	8	3
1x34	37	20	19	48	51	46	6
1x34	37	39	56	8	43	45	35
1x34	37	59	18	28	29	52	11
1x34	38	25	26	27	33	56	45
1x34	38	47	13	4	31	19	11
1x34	38	47	23	4	3	22	2
1x34	39	4	58	2	46	15	52
1x34	39	40	10	33	21	13	53
1x34	4	13	50	31	11	5	8
1x34	4	29	55	20	16	37	54
1x34	4	35	38	22	14	45	59
1x34	4	52	53	16	42	56	1
1x34	4	6	19	56	23	53	5
1x34	40	28	8	22	48	55	49
1x34	40	44	22	7	47	37	30
1x34	40	52	4	13	19	32	27
1x34	40	57	45	44	27	22	46
1x34	42	39	8	4	7	58	12
1x34	42	48	36	37	2	45	40
1x34	43	56	60	27	41	44	54
1x34	44	18	35	51	47	20	50
1x34	44	20	41	50	31	59	45
1x34	44	32	55	11	47	28	12
1x34	44	33	40	5	12	41	3
1x34	44	48	7	45	10	4	42
1x34	44	9	36	27	30	19	5
1x34	45	14	19	1	16	35	40
1x34	45	59	52	54	9	11	43
1x34	46	14	18	13	43	20	44
1x34	46	17	60	11	10	52	19
1x34	46	6	54	31	57	50	14
1x34	47	19	60	33	16	30	3
1x34	47	41	53	33	44	39	13
1x34	48	13	14	3	38	54	32
1x34	48	52	20	24	25	16	9
1x34	49	25	12	59	54	20	36
1x34	5	11	48	12	1	38	14
1x34	5	41	55	23	22	20	11
1x34	5	58	30	14	52	47	2
1x34	5	58	42	43	50	40	17
1x34	50	56	26	31	37	25	44
1x34	51	2	44	4	6	22	48
1x34	51	56	55	60	10	14	25
1x34	51	6	32	39	45	56	44
1x34	52	14	2	32	37	39	7
1x34	52	19	42	23	55	13	37
1x34	52	37	57	47	17	51	2
1x34	52	39	21	49	33	30	6
1x34	52	60	8	12	43	16	4
1x34	53	42	28	58	24	9	3
1x34	54	12	44	18	30	40	49
1x34	54	22	17	10	20	23	38
1x34	54	32	36	26	21	39	6
1x34	54	38	35	15	13	26	58
1x34	54	51	45	23	32	41	36
1x34	55	20	52	49	45	2	33
1x34	55	57	48	52	45	47	27
1x34	56	51	16	9	1	29	50
1x34	56	51	28	26	43	45	17
1x34	56	6	40	41	27	48	49
1x34	57	19	16	5	59	24	17
1x34	57	59	47	8	48	11	7
1x34	58	1	10	35	24	23	9
1x34	58	12	36	15	13	53	57
1x34	58	19	45	3	38	55	29
1x34	58	23	22	11	51	52	18
1x34	58	48	53	44	36	54	52
1x34	59	51	6	3	5	36	19
1x34	59	6	33	50	46	25	28
1x34	6	1	22	58	44	9	23
1x34	6	10	7	57	52	38	21
1x34	6	3	60	22	10	2	59
1x34	6	43	21	54	27	14	1
1x34	6	44	56	9	16	7	53
1x34	6	55	43	36	33	50	44
1x34	60	11	41	10	42	36	52
1x34	60	23	41	53	32	19	42
1x34	7	13	51	39	4	41	49
1x34	7	37	59	56	24	18	2
1x34	7	43	8	21	26	9	3
1x34	7	55	16	2	17	20	54
1x34	7	55	48	23	37	56	49
1x34	8	42	41	1	39	5	38
1x34	8	44	24	25	4	45	15
1x34	8	5	35	27	31	45	13
1x34	9	15	3	39	33	12	43
1x34	9	18	42	17	28	27	56
1x34	9	19	23	51	45	28	42
1x34	9	22	50	53	48	33	45
1x35	1	22	7	55	9	26	15
1x35	1	29	30	49	50	42	52
1x35	1	45	56	51	52	53	26
1x35	1	55	33	51	57	40	31
1x35	1	56	14	32	20	7	3
1x35	10	33	48	18	24	36	47
1x35	10	37	38	55	17	27	31
1x35	10	45	29	47	11	36	44
1x35	10	6	43	8	22	30	15
1x35	11	18	53	57	54	60	39
1x35	11	51	26	49	20	27	36
1x35	11	9	41	6	39	54	17
1x35	12	26	20	19	33	39	27
1x35	12	32	27	21	38	58	18
1x35	12	50	4	58	39	46	1
1x35	12	6	36	52	40	20	60
1x35	13	43	18	32	59	9	23
1x35	14	12	3	19	59	30	1
1x35	14	13	55	41	3	27	2
1x35	14	7	32	22	5	27	48
1x35	15	39	18	23	29	40	8
1x35	15	8	43	18	44	26	36
1x35	16	5	18	52	4	6	41
1x35	16	6	34	23	22	38	50
1x35	17	47	51	4	22	39	41
1x35	18	17	12	1	2	44	54
1x35	18	22	37	10	5	55	17
1x35	18	28	47	19	42	2	12
1x35	18	36	48	17	55	49	58
1x35	18	41	59	20	48	23	33
1x35	19	36	8	11	48	49	32
1x35	2	18	53	1	51	54	16
1x35	2	31	17	56	4	60	34
1x35	2	34	38	18	23	52	24
1x35	2	57	14	44	60	22	43
1x35	2	8	9	22	30	37	27
1x35	20	50	27	48	58	5	54
1x35	20	54	17	52	16	28	9
1x35	20	6	49	2	9	31	34
1x35	21	12	34	10	40	56	37
1x35	21	20	24	17	4	37	27
1x35	21	24	28	1	3	39	32
1x35	21	32	47	43	58	31	33
1x35	21	43	33	1	44	16	59
1x35	21	45	54	8	56	59	20
1x35	21	58	5	54	12	52	33
1x35	21	9	34	2	41	51	3
1x35	22	16	47	28	50	3	27
1x35	22	33	24	46	18	21	50
1x35	22	38	47	52	1	5	32
1x35	23	22	57	18	34	2	38
1x35	23	37	11	18	36	6	38
1x35	23	40	31	13	55	10	47
1x35	24	17	25	55	8	41	45
1x35	24	27	57	21	59	33	51
1x35	24	41	13	27	60	37	4
1x35	24	50	57	6	37	36	56
1x35	25	28	50	59	6	30	7
1x35	25	54	56	32	23	16	24
1x35	26	32	14	51	40	22	8
1x35	26	34	48	44	17	28	9
1x35	26	40	42	28	19	41	60
1x35	26	7	48	59	39	14	40
1x35	27	22	14	16	38	50	59
1x35	27	28	39	49	17	8	55
1x35	27	42	24	13	17	30	32
1x35	27	43	15	23	49	29	11
1x35	27	60	55	2	7	33	23
1x35	28	51	27	36	45	29	22
1x35	29	17	27	16	28	57	38
1x35	29	25	1	42	37	49	46
1x35	29	37	15	4	7	17	55
1x35	29	40	12	18	5	53	38
1x35	29	55	39	30	44	1	60
1x35	3	1	22	42	45	56	29
1x35	3	1	5	31	41	7	58
1x35	3	2	16	24	55	14	7
1x35	3	28	15	55	22	37	4
1x35	3	34	20	43	45	9	40
1x35	3	36	7	51	43	27	45
1x35	3	39	46	24	43	41	4
1x35	30	1	55	52	12	56	42
1x35	30	22	4	37	41	56	13
1x35	30	46	53	6	11	40	23
1x35	31	7	55	8	49	48	18
1x35	32	27	46	10	30	59	56
1x35	33	12	28	11	18	29	5
1x35	33	12	3	52	19	42	4
1x35	34	33	24	32	49	39	42
1x35	34	36	4	55	23	2	14
1x35	36	11	22	56	24	57	17
1x35	37	42	22	50	17	8	10
1x35	37	45	49	29	23	22	30
1x35	37	47	11	26	54	17	59
1x35	37	8	30	53	45	34	10
1x35	37	8	32	34	26	20	10
1x35	39	10	4	19	23	41	37
1x35	4	21	39	38	51	43	11
1x35	4	31	59	9	8	56	54
1x35	4	37	9	14	16	13	39
1x35	4	39	10	42	13	16	18
1x35	4	45	20	60	18	48	41
1x35	4	52	33	15	2	18	27
1x35	4	53	55	14	8	5	17
1x35	40	49	19	45	21	12	41
1x35	40	7	48	57	13	47	56
1x35	41	11	16	44	43	53	55
1x35	41	25	26	54	3	1	50
1x35	41	59	11	3	29	13	22
1x35	42	28	6	59	53	44	8
1x35	42	36	53	17	11	28	5
1x35	42	58	4	9	15	16	8
1x35	43	13	34	32	38	23	15
1x35	43	18	47	38	21	10	46
1x35	43	22	40	2	39	38	4
1x35	43	47	50	28	45	36	15
1x35	44	11	48	18	58	54	8
1x35	44	16	40	1	20	52	26
1x35	44	22	32	40	21	15	60
1x35	44	56	43	37	6	27	4
1x35	44	60	47	26	33	9	29
1x35	44	8	51	32	34	19	57
1x35	45	1	52	26	5	59	14
1x35	45	27	10	41	22	8	5
1x35	45	34	17	15	20	37	55
1x35	45	36	28	39	49	47	22
1x35	45	38	60	12	2	27	53
1x35	45	8	55	32	42	57	26
1x35	46	49	31	1	11	33	13
1x35	47	1	29	21	57	18	6
1x35	48	22	41	60	57	26	16
1x35	48	40	53	25	50	15	38
1x35	49	26	54	45	21	14	2
1x35	49	43	12	19	4	27	10
1x35	49	46	3	23	31	36	27
1x35	49	56	44	17	18	34	5
1x35	50	27	31	24	46	7	9
1x35	50	54	56	47	31	44	7
1x35	51	13	48	4	19	53	27
1x35	51	19	13	38	12	9	53
1x35	53	27	7	55	15	23	5
1x35	53	38	45	15	47	9	12
1x35	53	5	19	43	49	36	18
1x35	54	30	58	19	8	33	16
1x35	54	42	48	55	27	59	32
1x35	54	7	24	11	30	32	18
1x35	54	8	2	26	60	14	19
1x35	55	60	16	4	24	44	7
1x35	56	28	7	50	39	4	34
1x35	57	13	32	40	16	46	51
1x35	57	24	27	36	1	5	4
1x35	57	34	44	37	51	29	45
1x35	57	44	59	29	16	51	46
1x35	57	45	27	1	43	24	21
1x35	58	11	7	26	20	36	45
1x35	58	19	59	12	4	20	32
1x35	58	39	15	42	12	44	3
1x35	58	60	5	18	59	16	21
1x35	58	9	44	38	29	59	22
1x35	59	17	21	1	7	4	6
1x35	6	21	19	42	30	1	59
1x35	6	27	55	45	36	32	9
1x35	60	13	54	10	59	44	56
1x35	60	25	31	8	16	3	30
1x35	60	26	41	34	49	17	1
1x35	60	30	18	29	23	52	20
1x35	7	16	60	40	14	3	21
1x35	7	20	60	52	48	40	56
1x35	7	23	10	36	29	49	30
1x35	7	23	46	30	8	39	20
1x35	7	55	28	41	59	42	58
1x35	8	15	11	31	46	39	42
1x35	8	23	17	47	11	43	7
1x35	9	1	18	39	11	10	19
1x35	9	37	55	59	60	24	2
1x35	9	4	14	8	12	10	54
1x35	9	56	11	15	19	12	57
1x36	1	2	43	54	15	26	14
1x36	1	26	3	24	60	9	37
1x36	1	30	13	58	59	38	20
1x36	1	33	8	17	40	46	12
1x36	1	54	35	18	27	37	17
1x36	10	5	6	32	15	40	22
1x36	11	40	8	22	50	10	32
1x36	11	50	60	31	6	12	2
1x36	11	52	47	60	56	23	44
1x36	12	22	45	17	14	56	21
1x36	12	3	44	55	30	37	25
1x36	13	14	56	29	31	48	44
1x36	13	48	38	14	27	22	8
1x36	13	51	42	52	24	5	11
1x36	14	44	40	2	11	52	49
1x36	14	52	13	37	59	18	43
1x36	15	27	35	54	1	3	46
1x36	16	34	28	27	4	47	21
1x36	17	24	11	51	15	38	18
1x36	17	54	22	18	27	56	7
1x36	18	3	28	12	53	10	30
1x36	18	38	22	54	23	48	25
1x36	19	11	4	1	5	48	22
1x36	19	15	59	50	2	31	34
1x36	19	2	26	25	28	21	39
1x36	19	40	60	35	5	49	20
1x36	2	25	59	56	6	19	58
1x36	2	46	9	39	5	6	41
1x36	2	52	31	1	47	35	59
1x36	2	6	37	49	4	40	11
1x36	20	54	1	11	41	53	51
1x36	21	10	9	8	43	37	20
1x36	21	39	25	33	56	48	9
1x36	21	55	31	14	7	39	8
1x36	21	56	27	20	18	55	9
1x36	23	53	26	15	3	30	19
1x36	23	55	21	10	45	4	60
1x36	23	60	28	7	35	38	51
1x36	24	12	59	39	30	58	40
1x36	24	15	26	20	30	23	41
1x36	24	41	9	40	52	15	58
1x36	24	8	22	11	4	60	16
1x36	25	11	45	13	28	59	17
1x36	25	31	54	4	43	55	8
1x36	25	33	20	23	39	34	1
1x36	25	34	52	1	21	20	11
1x36	25	52	17	16	56	39	22
1x36	26	33	60	46	31	53	2
1x36	26	40	4	24	33	16	7
1x36	27	11	16	20	8	46	29
1x36	27	35	59	56	30	41	3
1x36	27	4	31	12	28	55	49
1x36	27	52	11	50	57	32	43
1x36	28	2	32	45	56	3	50
1x36	28	29	47	16	20	43	25
1x36	28	35	52	47	50	43	11
1x36	28	58	15	11	40	3	6
1x36	29	16	55	46	44	13	33
1x36	29	3	6	26	39	18	27
1x36	29	4	22	52	48	16	18
1x36	29	55	60	3	21	46	56
1x36	3	41	13	12	34	27	14
1x36	3	59	11	51	13	60	43
1x36	32	44	43	35	26	42	22
1x36	32	5	53	40	60	13	2
1x36	32	50	20	14	19	40	21
1x36	33	2	17	42	22	19	23
1x36	33	2	44	23	60	1	53
1x36	34	11	4	5	43	55	8
1x36	34	4	3	57	19	40	31
1x36	34	46	57	22	23	51	14
1x36	35	59	6	46	56	40	1
1x36	37	35	27	9	18	56	53
1x36	37	38	4	43	1	41	42
1x36	38	25	16	39	49	55	34
1x36	38	7	32	17	59	33	11
1x36	39	56	60	32	10	1	48
1x36	39	6	28	42	29	2	58
1x36	4	26	3	15	29	38	19
1x36	4	48	53	51	24	35	55
1x36	4	50	19	51	34	16	54
1x36	41	1	26	44	38	49	50
1x36	41	20	22	31	42	32	15
1x36	41	25	58	22	40	53	60
1x36	41	31	14	57	10	21	45
1x36	42	1	55	53	52	39	54
1x36	43	40	58	2	59	52	32
1x36	43	47	20	58	16	48	10
1x36	43	57	16	9	54	18	31
1x36	44	24	27	47	28	48	15
1x36	45	25	21	56	9	8	4
1x36	45	32	3	34	26	20	56
1x36	45	8	28	9	37	14	55
1x36	46	10	16	19	41	58	60
1x36	46	34	33	9	26	42	56
1x36	47	1	54	18	4	27	8
1x36	47	11	28	6	55	12	51
1x36	47	7	41	15	30	58	12
1x36	47	7	59	58	9	28	12
1x36	48	18	15	32	19	45	12
1x36	48	25	40	20	51	14	3
1x36	48	37	17	41	7	56	30
1x36	48	43	54	47	19	23	32
1x36	48	44	13	16	4	29	46
1x36	48	44	9	23	27	28	49
1x36	48	54	46	19	28	7	31
1x36	49	44	14	9	60	54	50
1x36	49	57	45	50	48	27	12
1x36	49	59	26	37	45	42	4
1x36	5	31	29	26	6	14	57
1x36	5	33	31	53	23	48	43
1x36	5	55	3	12	56	50	22
1x36	50	12	15	9	17	28	7
1x36	50	15	25	22	42	49	40
1x36	50	26	14	13	47	29	51
1x36	50	47	1	8	5	52	9
1x36	51	45	25	22	23	29	13
1x36	51	47	27	5	1	59	6
1x36	51	8	6	7	37	57	4
1x36	52	10	51	48	8	23	28
1x36	52	20	40	14	25	21	28
1x36	52	21	3	23	24	38	9
1x36	52	30	17	35	14	19	60
1x36	52	31	9	29	49	57	34
1x36	52	35	20	51	8	56	7
1x36	52	37	20	38	8	54	56
1x36	52	41	35	55	28	43	7
1x36	53	48	45	30	5	7	44
1x36	54	33	34	10	7	51	28
1x36	54	47	3	24	7	26	13
1x36	54	58	19	41	5	49	21
1x36	55	59	45	22	11	26	54
1x36	56	31	44	39	21	27	32
1x36	56	55	32	28	14	21	37
1x36	57	12	43	19	30	58	10
1x36	57	19	27	26	37	2	47
1x36	57	2	44	19	5	18	28
1x36	57	25	52	7	30	60	32
1x36	57	44	13	2	16	28	17
1x36	57	53	26	55	23	25	24
1x36	57	6	4	54	37	1	17
1x36	58	24	14	19	50	40	30
1x36	58	4	53	55	45	28	41
1x36	59	15	24	29	57	51	18
1x36	59	4	45	57	53	26	48
1x36	6	32	53	5	43	37	17
1x36	60	48	52	25	58	26	31
1x36	60	56	34	52	55	31	14
1x36	7	13	15	21	48	26	51
1x36	7	25	26	10	33	56	13
1x36	8	14	47	53	9	51	59
1x36	8	31	25	23	47	17	28
1x36	8	38	15	27	18	4	43
1x37	1	21	16	3	7	10	20
1x37	1	28	13	7	39	40	8
1x37	1	32	44	55	20	56	51
1x37	1	32	45	25	24	34	8
1x37	1	4	17	27	50	13	42
1x37	1	40	46	57	9	44	20
1x37	1	41	17	50	4	49	57
1x37	10	17	47	56	33	9	11
1x37	11	57	56	51	13	36	53
1x37	11	6	55	52	44	50	53
1x37	12	2	28	46	39	57	7
1x37	12	4	6	15	19	51	8
1x37	12	41	51	16	31	5	35
1x37	12	56	26	24	38	15	32
1x37	13	14	52	11	31	54	1
1x37	13	53	8	1	54	60	17
1x37	14	13	36	50	53	26	42
1x37	14	42	32	12	48	26	41
1x37	15	26	54	14	25	8	20
1x37	15	36	8	46	54	17	22
1x37	16	14	12	43	25	46	27
1x37	16	25	12	46	36	33	45
1x37	16	39	6	56	57	20	31
1x37	16	49	55	21	24	8	45
1x37	16	5	49	1	52	33	35
1x37	17	12	31	45	35	23	18
1x37	17	18	58	11	42	53	30
1x37	17	46	54	34	24	5	22
1x37	18	20	36	9	28	3	49
1x37	18	47	8	19	35	28	10
1x37	18	48	49	54	50	4	52
1x37	19	21	48	38	11	5	10
1x37	19	44	57	22	31	20	15
1x37	19	56	52	39	21	36	41
1x37	2	23	15	31	9	11	43
1x37	2	47	6	20	60	10	35
1x37	20	15	46	58	33	7	25
1x37	20	56	58	46	33	40	29
1x37	22	26	34	23	49	29	31
1x37	22	41	1	38	32	53	35
1x37	23	31	43	10	12	22	50
1x37	23	39	32	34	44	7	13
1x37	23	53	34	32	52	13	39
1x37	23	60	58	2	44	39	10
1x37	24	16	18	15	51	36	60
1x37	24	46	19	51	39	57	18
1x37	24	5	30	17	34	44	39
1x37	24	7	51	44	20	9	5
1x37	25	15	23	40	24	56	4
1x37	25	60	57	3	19	35	27
1x37	26	35	11	33	34	21	4
1x37	26	39	8	30	22	51	56
1x37	27	19	6	54	46	33	32
1x37	27	43	45	52	18	28	6
1x37	28	31	47	22	35	39	57
1x37	28	34	16	22	47	59	23
1x37	28	45	33	22	11	14	60
1x37	28	50	52	32	13	5	24
1x37	29	18	40	16	25	46	56
1x37	29	19	8	10	49	5	33
1x37	29	25	13	9	20	4	58
1x37	29	36	2	50	39	19	4
1x37	29	40	12	20	53	11	56
1x37	29	43	9	48	12	57	21
1x37	29	53	2	8	18	23	42
1x37	29	8	59	7	16	39	27
1x37	3	12	50	56	25	1	17
1x37	3	20	11	2	44	17	1
1x37	3	57	48	28	41	13	42
1x37	30	43	1	9	40	33	41
1x37	31	36	33	52	29	51	14
1x37	32	21	40	17	56	58	28
1x37	33	11	24	27	28	45	46
1x37	33	19	32	16	46	18	52
1x37	33	21	45	6	56	14	58
1x37	33	6	14	44	16	60	52
1x37	34	44	42	49	13	1	22
1x37	35	43	7	13	50	22	1
1x37	35	54	42	50	48	60	8
1x37	36	11	24	34	59	29	6
1x37	36	19	11	17	24	35	7
1x37	36	23	15	27	25	55	45
1x37	36	31	21	11	25	45	32
1x37	36	32	21	42	30	20	56
1x37	36	47	7	9	20	58	49
1x37	36	50	41	14	53	34	2
1x37	36	57	48	29	46	39	43
1x37	36	60	43	41	51	12	7
1x37	38	2	7	47	21	8	44
1x37	38	21	11	42	39	55	35
1x37	38	58	6	36	42	43	4
1x37	39	1	48	27	50	45	38
1x37	39	20	54	6	13	47	32
1x37	39	21	50	20	56	6	43
1x37	39	46	11	29	45	47	49
1x37	39	9	52	54	20	8	53
1x37	4	49	9	60	48	58	36
1x37	4	59	24	35	31	47	45
1x37	40	13	19	53	50	26	9
1x37	40	29	33	11	17	22	60
1x37	40	43	31	32	49	26	28
1x37	41	38	42	54	51	20	50
1x37	41	45	40	35	25	54	19
1x37	41	49	19	33	11	51	45
1x37	41	56	26	47	39	36	15
1x37	41	59	22	29	11	7	52
1x37	41	59	24	58	17	20	40
1x37	42	19	20	21	8	9	13
1x37	42	35	25	21	51	27	45
1x37	42	39	16	32	34	15	50
1x37	43	34	19	46	30	8	4
1x37	43	47	21	58	59	53	7
1x37	43	6	47	3	45	15	29
1x37	44	18	2	4	27	19	13
1x37	44	27	18	24	53	2	11
1x37	44	29	56	25	9	49	17
1x37	45	25	48	24	16	33	8
1x37	46	42	25	20	55	38	5
1x37	46	48	54	21	53	39	45
1x37	46	51	53	1	58	23	22
1x37	47	20	26	51	57	8	55
1x37	47	54	34	46	2	16	55
1x37	49	15	45	19	50	53	31
1x37	49	16	42	60	52	25	43
1x37	49	30	36	57	8	50	39
1x37	49	35	24	57	10	58	36
1x37	49	44	32	56	8	57	4
1x37	5	46	33	56	45	53	32
1x37	5	58	36	34	57	7	43
1x37	5	60	38	51	40	39	9
1x37	50	17	33	46	47	10	45
1x37	50	42	10	53	4	9	57
1x37	50	53	18	35	27	42	51
1x37	50	54	35	5	20	10	30
1x37	51	15	33	44	39	26	27
1x37	51	33	46	18	60	29	23
1x37	51	57	21	19	27	48	54
1x37	52	12	3	54	55	2	6
1x37	52	16	10	36	31	14	11
1x37	52	49	42	10	58	9	11
1x37	52	9	51	41	60	57	49
1x37	53	27	42	4	38	59	49
1x37	53	51	48	57	42	5	45
1x37	53	7	16	34	10	15	4
1x37	56	12	18	20	28	9	3
1x37	56	21	60	36	53	7	27
1x37	56	22	6	55	1	25	30
1x37	56	57	14	1	40	9	49
1x37	57	12	3	45	1	23	35
1x37	57	14	48	29	24	35	18
1x37	57	21	52	56	25	11	32
1x37	57	49	39	32	43	29	23
1x37	57	53	52	10	6	27	16
1x37	58	11	38	39	18	35	13
1x37	58	16	55	13	51	47	15
1x37	59	20	32	19	52	16	33
1x37	59	9	60	14	31	34	39
1x37	6	34	36	41	25	47	18
1x37	6	41	7	44	55	42	15
1x37	6	51	13	32	15	46	40
1x37	60	28	9	44	43	20	46
1x37	60	30	35	53	28	17	50
1x37	60	38	42	44	23	43	27
1x37	7	31	48	14	9	49	39
1x37	7	48	14	53	44	42	54
1x37	7	57	2	1	41	33	51
1x37	7	6	23	10	33	12	59
1x37	8	26	53	9	43	32	12
1x37	8	57	10	38	9	48	30
1x37	9	25	33	46	57	44	26
1x37	9	34	5	40	54	45	18
1x37	9	51	20	45	46	29	56
1x38	1	14	30	21	6	11	23
1x38	1	56	15	39	58	9	5
1x38	1	7	22	52	53	34	19
1x38	1	7	46	52	30	31	55
1x38	10	2	13	57	37	5	30
1x38	10	20	22	12	30	11	53
1x38	10	42	27	6	4	25	13
1x38	10	42	33	27	28	51	37
1x38	10	55	35	13	9	19	56
1x38	11	2	13	1	20	57	53
1x38	11	51	27	52	41	33	2
1x38	11	59	32	46	58	54	48
1x38	12	1	18	15	53	57	46
1x38	12	17	56	59	16	32	24
1x38	13	35	6	29	14	43	34
1x38	13	53	24	1	11	52	30
1x38	14	40	16	34	52	23	53
1x38	14	56	39	4	12	55	5
1x38	15	11	10	47	6	43	48
1x38	15	3	49	40	6	55	22
1x38	15	9	34	47	25	21	51
1x38	17	10	46	35	36	31	29
1x38	17	19	5	7	12	30	13
1x38	17	24	36	4	5	47	30
1x38	17	26	50	22	18	49	44
1x38	17	42	12	27	58	37	24
1x38	18	33	16	31	49	21	37
1x38	18	34	35	53	12	30	49
1x38	18	43	5	17	53	52	56
1x38	18	58	39	36	19	48	3
1x38	2	49	8	7	20	15	39
1x38	2	53	50	43	22	32	51
1x38	2	60	16	59	21	22	7
1x38	20	14	13	42	53	8	18
1x38	20	22	52	1	46	32	60
1x38	21	22	30	59	9	49	8
1x38	21	24	3	30	55	4	58
1x38	21	37	29	7	56	31	34
1x38	22	28	48	23	7	9	58
1x38	22	58	39	3	49	18	40
1x38	22	8	31	60	29	13	49
1x38	23	56	12	39	59	41	8
1x38	23	6	4	32	13	36	2
1x38	24	1	20	37	3	10	44
1x38	24	40	2	46	22	57	21
1x38	24	40	55	54	52	34	58
1x38	24	41	51	28	46	52	17
1x38	25	21	46	31	45	58	17
1x38	25	22	40	49	34	31	58
1x38	25	45	59	31	21	56	9
1x38	25	50	12	47	5	29	22
1x38	25	6	44	48	29	20	60
1x38	26	14	13	48	23	17	9
1x38	27	37	12	29	20	51	15
1x38	27	47	16	12	53	44	28
1x38	27	60	57	5	20	9	33
1x38	28	32	19	7	24	51	14
1x38	29	35	24	28	3	40	22
1x38	29	52	36	2	5	34	49
1x38	3	2	13	29	58	9	23
1x38	3	50	57	12	33	13	5
1x38	30	15	47	26	8	49	57
1x38	30	33	5	3	12	54	22
1x38	30	43	59	24	23	17	18
1x38	30	5	4	10	21	52	22
1x38	30	55	29	40	58	33	1
1x38	30	8	16	34	7	4	45
1x38	31	10	7	50	23	25	12
1x38	31	12	3	55	44	15	40
1x38	31	14	52	9	36	19	33
1x38	31	3	50	36	26	5	24
1x38	32	40	17	48	55	35	12
1x38	32	44	53	49	24	10	14
1x38	32	60	56	21	23	1	50
1x38	33	25	4	58	12	18	11
1x38	33	47	48	46	52	1	5
1x38	33	51	20	11	31	49	28
1x38	33	6	1	22	28	29	45
1x38	34	15	59	60	30	23	17
1x38	34	33	12	60	42	30	47
1x38	34	40	36	31	39	23	41
1x38	34	45	5	40	26	48	31
1x38	35	40	5	15	30	23	6
1x38	35	49	6	14	54	5	47
1x38	35	52	27	49	4	16	20
1x38	36	2	50	41	53	58	3
1x38	36	42	34	31	30	17	41
1x38	36	44	18	60	23	41	55
1x38	36	8	35	59	45	54	28
1x38	37	34	5	13	6	27	29
1x38	37	60	8	57	28	31	53
1x38	39	41	52	36	12	1	51
1x38	39	50	44	1	31	24	22
1x38	4	18	35	53	5	2	40
1x38	4	28	18	33	1	53	51
1x38	4	3	40	41	15	17	33
1x38	4	59	7	12	9	27	28
1x38	4	7	12	29	54	13	22
1x38	40	35	15	26	10	3	30
1x38	40	42	22	49	57	10	23
1x38	40	43	32	3	18	45	47
1x38	41	9	36	56	55	31	52
1x38	42	13	20	41	48	25	26
1x38	42	2	35	18	5	34	36
1x38	42	30	19	7	41	29	3
1x38	42	32	27	30	21	6	9
1x38	42	36	24	11	44	49	16
1x38	43	14	55	31	16	50	9
1x38	43	15	47	7	27	22	59
1x38	43	25	12	47	35	24	54
1x38	43	4	5	19	33	3	21
1x38	43	49	55	2	56	53	36
1x38	43	9	42	26	2	10	28
1x38	44	1	41	18	17	11	10
1x38	44	2	27	42	54	17	29
1x38	44	33	5	31	49	25	58
1x38	44	54	14	25	55	53	24
1x38	44	54	23	5	13	22	24
1x38	45	22	46	11	13	15	35
1x38	45	27	49	17	50	14	20
1x38	45	3	23	1	44	31	28
1x38	45	50	22	26	4	53	17
1x38	46	23	51	13	19	32	58
1x38	46	27	54	50	45	2	31
1x38	46	50	33	52	56	19	18
1x38	46	55	8	50	20	21	44
1x38	47	13	10	44	51	21	3
1x38	47	14	49	45	11	1	16
1x38	47	57	28	14	55	6	51
1x38	48	19	26	59	39	60	33
1x38	48	22	42	34	58	4	20
1x38	48	24	56	35	41	28	52
1x38	48	30	49	8	6	11	20
1x38	49	47	45	11	16	7	51
1x38	49	48	24	46	36	34	12
1x38	49	51	53	55	48	16	2
1x38	49	8	37	56	50	13	43
1x38	5	16	50	14	59	51	52
1x38	5	25	7	43	59	4	41
1x38	5	43	31	27	11	26	29
1x38	50	41	42	32	34	29	16
1x38	51	46	47	37	35	19	52
1x38	51	55	50	3	27	23	43
1x38	51	55	57	31	13	23	22
1x38	52	55	27	53	58	33	39
1x38	53	29	31	6	22	49	33
1x38	53	34	41	43	32	59	5
1x38	53	37	57	32	33	24	36
1x38	53	41	35	58	21	56	1
1x38	53	51	30	10	58	54	43
1x38	53	60	8	41	10	14	5
1x38	54	1	37	40	46	6	26
1x38	54	13	17	4	35	34	14
1x38	54	58	31	60	30	20	37
1x38	55	10	59	27	21	36	49
1x38	56	52	1	57	58	22	10
1x38	57	19	26	8	33	48	44
1x38	57	35	48	31	37	21	7
1x38	57	6	13	43	29	9	50
1x38	57	6	2	51	33	36	14
1x38	58	37	16	51	18	26	59
1x38	58	39	16	46	12	13	8
1x38	59	55	19	50	31	54	3
1x38	59	58	50	39	21	28	1
1x38	6	22	31	9	47	17	7
1x38	6	27	59	54	42	10	53
1x38	6	50	51	33	49	31	26
1x38	60	17	25	28	5	21	42
1x38	60	27	34	36	5	16	22
1x38	60	47	2	43	17	49	50
1x38	7	39	13	52	8	1	36
1x38	7	39	17	28	55	1	52
1x38	8	17	45	48	27	42	21
1x38	8	35	37	52	59	22	34
1x38	9	22	37	23	60	11	49
1x38	9	3	29	6	47	39	8
1x38	9	34	43	22	28	32	3
1x39	1	33	30	50	29	55	45
1x39	1	36	29	24	20	5	57
1x39	10	17	41	58	50	2	22
1x39	10	36	34	58	15	41	33
1x39	10	44	34	13	45	27	32
1x39	10	52	27	25	48	60	14
1x39	10	55	56	35	22	21	33
1x39	11	2	45	24	22	6	30
1x39	11	4	7	29	18	41	59
1x39	11	48	6	29	43	15	44
1x39	12	50	1	29	40	19	58
1x39	12	60	10	8	45	48	49
1x39	13	30	23	48	21	53	54
1x39	13	52	40	54	46	41	3
1x39	13	53	4	54	44	7	31
1x39	14	42	24	23	38	7	46
1x39	14	48	52	25	17	7	58
1x39	14	50	7	28	12	17	36
1x39	14	57	6	13	41	29	56
1x39	15	12	28	5	11	35	29
1x39	15	3	57	30	12	58	20
1x39	15	31	51	59	60	5	34
1x39	15	5	1	14	56	17	42
1x39	15	60	38	21	27	20	12
1x39	15	7	34	43	1	19	8
1x39	16	12	6	44	27	33	35
1x39	16	27	55	12	44	22	32
1x39	16	5	42	14	35	13	10
1x39	17	51	42	9	57	4	35
1x39	17	59	31	6	33	1	26
1x39	18	13	1	9	57	23	44
1x39	18	15	54	22	58	38	57
1x39	18	24	1	38	16	43	29
1x39	18	35	1	45	15	13	24
1x39	18	37	17	19	57	4	14
1x39	18	48	2	30	54	26	17
1x39	18	5	25	32	33	60	21
1x39	19	25	4	49	5	57	56
1x39	2	15	45	35	29	40	56
1x39	2	16	3	13	15	56	33
1x39	2	21	43	32	40	44	18
1x39	20	18	23	43	42	24	36
1x39	20	47	10	1	9	53	5
1x39	20	5	41	48	36	47	34
1x39	20	6	57	19	45	42	8
1x39	20	7	35	51	29	34	40
1x39	21	6	9	58	29	60	52
1x39	22	8	7	51	30	35	47
1x39	23	2	3	21	42	17	45
1x39	23	41	42	22	29	16	55
1x39	24	12	40	32	38	19	59
1x39	24	27	56	34	20	44	8
1x39	24	31	51	46	4	19	8
1x39	24	4	5	59	36	23	7
1x39	24	40	11	31	12	38	58
1x39	24	42	22	9	6	54	19
1x39	24	44	21	33	16	14	58
1x39	25	2	6	36	24	59	31
1x39	25	54	33	5	31	35	3
1x39	25	57	4	37	11	58	51
1x39	26	18	53	36	4	15	42
1x39	26	5	2	18	16	22	23
1x39	28	12	2	42	43	35	1
1x39	28	16	50	43	47	22	17
1x39	28	3	4	12	37	42	58
1x39	28	51	48	46	32	12	6
1x39	28	57	29	50	32	2	47
1x39	29	10	57	6	52	9	20
1x39	3	10	22	12	19	41	11
1x39	3	36	28	54	58	20	48
1x39	3	52	13	14	50	47	1
1x39	30	10	4	27	31	19	55
1x39	30	43	44	46	32	53	26
1x39	32	23	27	20	38	52	15
1x39	32	45	35	16	41	18	5
1x39	32	48	26	45	54	9	14
1x39	32	51	13	58	21	16	43
1x39	32	54	26	50	46	12	55
1x39	32	55	48	47	29	1	50
1x39	33	17	41	51	47	56	18
1x39	33	34	59	29	21	20	51
1x39	33	40	34	26	60	18	41
1x39	33	55	14	4	6	59	51
1x39	33	55	23	13	51	5	31
1x39	33	9	41	26	3	50	58
1x39	34	14	5	28	17	30	12
1x39	35	14	47	25	3	19	49
1x39	35	15	40	51	53	31	12
1x39	35	4	18	16	52	6	17
1x39	36	28	18	5	21	60	20
1x39	36	30	26	56	51	11	41
1x39	36	41	49	12	37	3	28
1x39	36	54	24	10	22	19	2
1x39	36	9	24	12	6	10	22
1x39	37	13	29	44	4	22	43
1x39	37	13	51	26	41	6	60
1x39	37	26	17	23	7	9	8
1x39	37	40	10	7	30	45	1
1x39	37	58	4	57	8	12	36
1x39	38	10	26	40	55	9	56
1x39	38	27	42	33	44	53	46
1x39	4	2	60	28	38	10	3
1x39	4	43	11	8	10	46	31
1x39	40	43	55	1	9	13	15
1x39	40	47	10	24	12	27	22
1x39	41	26	20	58	37	2	28
1x39	41	31	32	58	17	25	45
1x39	42	11	45	23	56	36	53
1x39	42	2	3	14	49	38	13
1x39	42	7	54	31	33	26	20
1x39	43	11	51	22	31	17	41
1x39	43	26	35	48	10	14	53
1x39	43	33	16	30	60	40	56
1x39	43	35	44	36	2	59	26
1x39	44	26	41	48	28	55	40
1x39	44	38	33	56	9	5	12
1x39	44	8	36	45	50	17	31
1x39	45	15	19	4	36	43	32
1x39	45	17	34	55	24	6	51
1x39	45	21	30	53	36	60	57
1x39	45	44	12	28	19	43	35
1x39	45	54	1	49	32	35	48
1x39	46	21	2	41	42	43	8
1x39	46	51	2	17	16	20	3
1x39	47	3	11	9	26	6	14
1x39	47	51	53	58	28	24	55
1x39	47	55	20	18	45	57	2
1x39	47	8	15	53	45	13	30
1x39	48	12	2	29	22	40	55
1x39	48	18	37	49	33	25	30
1x39	48	33	16	44	38	26	15
1x39	48	45	60	7	4	56	27
1x39	49	29	32	33	16	23	18
1x39	49	36	59	29	13	14	27
1x39	49	48	16	4	58	25	46
1x39	49	60	57	33	55	4	6
1x39	5	20	19	26	38	42	56
1x39	50	14	18	4	32	25	47
1x39	50	35	14	48	24	43	46
1x39	50	52	29	56	42	41	28
1x39	50	53	52	7	4	9	10
1x39	51	23	16	4	38	37	40
1x39	51	27	49	45	17	50	36
1x39	51	53	13	19	55	31	52
1x39	52	13	26	51	31	22	17
1x39	52	49	22	32	51	25	8
1x39	52	54	49	12	46	19	10
1x39	53	13	7	12	59	25	29
1x39	53	2	23	52	27	36	40
1x39	53	21	27	28	30	6	44
1x39	53	25	59	29	44	58	43
1x39	53	26	23	40	51	54	6
1x39	53	29	6	3	18	49	11
1x39	54	17	35	20	15	6	25
1x39	54	42	1	60	7	10	37
1x39	54	48	43	44	50	20	60
1x39	54	57	19	59	51	14	32
1x39	55	15	43	10	34	49	17
1x39	55	21	52	14	49	40	24
1x39	55	22	14	45	24	29	25
1x39	56	2	15	54	27	6	45
1x39	56	35	4	15	36	3	46
1x39	56	47	11	15	50	36	58
1x39	56	52	46	11	20	54	33
1x39	56	54	5	34	43	28	2
1x39	57	19	31	21	4	38	29
1x39	57	28	54	38	6	35	46
1x39	57	36	29	4	10	32	5
1x39	59	53	25	20	56	58	45
1x39	59	55	10	26	36	48	51
1x39	59	9	2	58	49	6	44
1x39	6	50	11	18	51	21	52
1x39	60	44	58	59	38	41	55
1x39	60	47	54	55	2	58	15
1x39	60	50	46	4	53	23	45
1x39	60	9	51	45	55	1	22
1x39	7	37	11	54	12	10	58
1x39	8	27	3	60	55	15	6
1x39	8	46	6	29	12	22	60
1x39	8	58	47	15	9	44	13
1x39	9	7	3	51	40	21	14
1x4	1	2	55	32	37	59	39
1x4	1	30	53	26	52	20	60
1x4	1	38	23	36	13	50	51
1x4	1	38	5	28	31	56	6
1x4	1	49	17	38	5	51	24
1x4	1	7	14	19	35	12	60
1x4	10	16	26	9	33	19	45
1x4	10	26	16	22	60	50	48
1x4	10	30	28	2	36	59	51
1x4	10	31	54	8	59	5	6
1x4	10	44	54	8	53	23	6
1x4	11	6	20	3	45	48	53
1x4	12	30	31	24	56	35	2
1x4	12	39	41	40	1	35	21
1x4	13	11	49	48	53	12	34
1x4	13	36	9	28	20	16	7
1x4	13	41	23	49	21	50	60
1x4	13	55	41	45	16	12	33
1x4	14	26	35	24	10	58	15
1x4	14	59	2	58	1	31	45
1x4	14	9	41	17	16	52	51
1x4	15	25	37	35	29	6	53
1x4	15	34	51	31	52	8	42
1x4	15	40	51	30	3	42	28
1x4	15	53	41	49	27	6	55
1x4	16	14	2	56	6	44	46
1x4	16	35	7	25	11	55	34
1x4	17	1	13	12	55	50	26
1x4	17	2	15	37	52	12	40
1x4	17	54	59	58	31	14	29
1x4	18	10	13	29	27	1	59
1x4	18	41	5	57	6	13	36
1x4	18	54	34	46	13	3	16
1x4	19	13	26	36	54	10	31
1x4	19	46	1	50	23	49	20
1x4	2	51	48	27	28	14	49
1x4	2	53	33	21	28	59	29
1x4	20	29	57	25	18	56	49
1x4	20	3	59	27	42	39	52
1x4	20	30	54	25	23	57	60
1x4	22	16	1	23	15	50	59
1x4	22	16	23	42	53	14	47
1x4	22	57	52	9	50	45	49
1x4	23	15	3	5	17	34	51
1x4	23	29	18	50	5	36	24
1x4	23	37	59	16	39	58	25
1x4	23	38	25	10	24	18	56
1x4	23	6	56	3	27	51	41
1x4	24	23	26	32	46	16	48
1x4	24	45	57	2	11	16	17
1x4	24	55	30	51	25	49	15
1x4	24	9	17	8	58	5	27
1x4	25	28	37	56	58	54	1
1x4	25	33	20	38	39	19	30
1x4	25	42	8	17	54	26	22
1x4	25	43	29	44	55	48	13
1x4	25	43	39	48	29	31	10
1x4	26	12	17	6	15	43	51
1x4	26	13	32	15	20	18	38
1x4	26	3	58	44	8	15	38
1x4	26	7	56	47	3	23	52
1x4	27	26	30	19	43	55	44
1x4	27	28	24	30	17	57	15
1x4	27	31	15	47	30	25	6
1x4	27	31	46	30	51	8	47
1x4	27	45	42	5	59	9	49
1x4	27	49	34	35	22	36	60
1x4	27	50	49	35	31	47	33
1x4	27	58	32	12	49	51	44
1x4	27	58	6	42	12	33	22
1x4	28	15	51	32	50	40	7
1x4	28	16	18	57	32	39	2
1x4	28	16	37	51	40	39	45
1x4	28	22	23	58	46	60	33
1x4	28	47	19	5	46	37	24
1x4	28	53	30	50	60	10	23
1x4	29	20	18	19	59	15	53
1x4	29	23	10	40	28	44	42
1x4	29	30	9	10	54	55	46
1x4	3	24	17	36	43	18	49
1x4	3	45	22	16	7	30	1
1x4	3	52	50	27	39	55	53
1x4	30	20	22	52	35	6	37
1x4	30	29	27	48	6	13	1
1x4	30	42	7	26	22	17	48
1x4	30	56	55	45	23	25	32
1x4	31	25	5	12	30	13	44
1x4	31	57	15	12	9	51	54
1x4	32	42	23	22	8	1	58
1x4	32	8	12	5	18	55	60
1x4	33	1	12	30	35	42	10
1x4	33	43	13	29	54	37	51
1x4	34	25	9	5	38	59	11
1x4	34	40	60	59	3	48	57
1x4	34	6	2	56	55	15	30
1x4	34	60	58	59	41	37	13
1x4	35	46	21	33	56	53	31
1x4	35	52	9	50	1	53	19
1x4	36	28	2	23	50	9	5
1x4	36	33	53	10	45	16	1
1x4	36	8	35	23	1	14	37
1x4	37	49	10	11	34	33	36
1x4	37	50	1	19	53	45	6
1x4	37	9	3	60	49	12	26
1x4	38	37	14	46	11	51	52
1x4	38	41	19	28	47	52	39
1x4	38	6	34	5	33	12	40
1x4	39	15	50	41	44	59	60
1x4	39	30	33	43	13	50	53
1x4	39	35	42	55	6	28	56
1x4	43	3	13	29	54	25	9
1x4	43	59	15	46	14	18	22
1x4	44	12	7	47	5	32	1
1x4	44	18	13	48	7	14	50
1x4	44	29	15	5	16	6	52
1x4	44	36	9	6	23	10	49
1x4	44	45	41	6	2	7	59
1x4	45	40	34	22	32	7	24
1x4	45	49	5	36	9	51	39
1x4	46	12	36	22	56	26	31
1x4	46	24	22	10	30	15	25
1x4	46	5	40	39	52	24	3
1x4	47	49	10	50	55	9	17
1x4	48	21	54	57	10	17	32
1x4	49	14	45	60	22	33	6
1x4	49	15	48	23	40	18	53
1x4	49	43	10	12	21	54	3
1x4	49	46	16	14	12	32	35
1x4	49	47	35	11	41	56	2
1x4	5	58	41	6	36	28	29
1x4	5	8	12	45	49	6	28
1x4	50	49	19	51	36	23	15
1x4	51	26	6	15	11	57	52
1x4	52	22	40	24	15	37	48
1x4	52	50	27	19	44	13	47
1x4	53	3	45	31	43	11	59
1x4	53	34	44	59	14	32	17
1x4	53	52	12	29	14	50	25
1x4	54	34	3	10	45	57	23
1x4	54	40	58	16	17	31	25
1x4	54	45	34	42	5	3	26
1x4	55	11	53	22	20	56	29
1x4	55	16	36	7	19	58	30
1x4	55	54	36	50	51	25	38
1x4	55	59	12	47	52	6	38
1x4	56	20	24	7	39	49	60
1x4	56	3	31	5	23	55	37
1x4	56	53	26	57	39	7	28
1x4	56	55	36	31	14	40	54
1x4	57	53	26	13	25	23	60
1x4	58	49	31	1	5	46	6
1x4	59	21	27	31	7	39	6
1x4	59	36	24	40	55	34	19
1x4	59	55	47	16	33	20	58
1x4	6	34	59	26	28	33	19
1x4	6	46	56	54	19	60	55
1x4	6	53	11	8	44	26	19
1x4	7	15	30	58	47	36	12
1x4	7	33	38	24	49	39	55
1x4	7	49	11	53	43	23	13
1x4	7	5	11	49	22	20	31
1x4	7	54	26	34	9	21	33
1x4	8	18	48	10	56	26	35
1x4	8	38	3	20	30	53	57
1x4	9	55	1	32	34	20	36
1x40	1	41	32	28	29	30	26
1x40	1	60	19	32	54	38	30
1x40	10	60	22	9	2	51	18
1x40	11	44	18	53	59	35	46
1x40	11	51	43	10	54	38	44
1x40	11	57	29	15	13	39	35
1x40	12	16	22	18	60	36	9
1x40	12	9	47	28	50	3	25
1x40	13	36	8	55	42	39	11
1x40	13	57	10	35	24	42	51
1x40	13	58	41	52	29	15	6
1x40	14	18	16	5	54	27	47
1x40	14	31	42	15	41	53	54
1x40	14	6	24	60	56	27	16
1x40	15	19	6	52	48	29	21
1x40	15	5	16	35	38	25	51
1x40	15	54	47	41	35	52	56
1x40	15	6	35	21	45	41	9
1x40	16	15	7	25	55	27	57
1x40	16	21	23	46	19	52	29
1x40	16	3	55	10	5	12	24
1x40	16	35	28	17	38	12	18
1x40	16	42	39	4	3	21	48
1x40	16	58	7	27	42	22	26
1x40	16	7	27	55	58	2	33
1x40	17	13	22	27	23	15	50
1x40	17	33	6	13	12	15	24
1x40	18	25	48	36	31	6	2
1x40	18	42	21	32	29	27	10
1x40	18	47	35	33	5	37	44
1x40	19	10	1	8	26	24	39
1x40	19	12	38	26	58	18	6
1x40	19	25	33	53	24	59	42
1x40	19	47	42	45	5	21	27
1x40	2	31	43	22	28	56	10
1x40	2	58	38	10	28	52	39
1x40	2	59	21	6	18	41	19
1x40	20	29	52	10	58	32	25
1x40	20	32	13	52	9	37	31
1x40	20	48	52	30	58	1	18
1x40	20	55	34	33	58	29	15
1x40	21	23	14	28	19	53	18
1x40	21	28	19	12	17	14	33
1x40	21	35	49	20	8	55	24
1x40	21	45	34	55	49	35	30
1x40	22	47	13	1	32	53	15
1x40	23	15	47	42	35	1	31
1x40	24	58	54	34	27	45	9
1x40	25	1	10	17	20	33	47
1x40	25	41	9	39	17	55	44
1x40	25	43	18	14	32	54	6
1x40	26	1	5	31	49	3	36
1x40	26	24	27	46	5	7	58
1x40	26	25	59	27	56	8	39
1x40	26	3	33	42	52	13	39
1x40	27	13	5	49	37	29	1
1x40	27	13	6	17	16	55	49
1x40	27	22	12	28	4	52	34
1x40	27	60	47	57	46	15	18
1x40	28	19	48	29	8	1	5
1x40	28	30	41	37	3	18	32
1x40	28	57	35	59	48	47	22
1x40	29	1	24	42	53	58	45
1x40	29	2	42	24	12	50	39
1x40	29	49	17	21	11	57	6
1x40	3	15	12	19	1	35	29
1x40	3	16	22	30	7	46	5
1x40	3	28	48	7	9	36	10
1x40	3	5	59	50	34	46	8
1x40	3	58	26	32	33	8	16
1x40	30	42	43	57	48	10	32
1x40	31	34	18	59	25	30	8
1x40	31	50	49	12	43	51	23
1x40	31	9	24	38	4	46	11
1x40	32	24	43	34	36	51	55
1x40	32	35	58	17	15	18	30
1x40	34	47	21	23	55	7	6
1x40	34	9	22	33	10	28	48
1x40	35	1	46	7	56	18	27
1x40	35	15	22	36	28	45	56
1x40	35	24	31	6	47	42	22
1x40	36	12	39	59	44	56	55
1x40	36	19	18	46	41	28	44
1x40	36	43	30	1	59	20	29
1x40	36	45	17	11	44	60	37
1x40	37	23	48	3	7	5	10
1x40	37	30	17	57	39	28	22
1x40	37	42	27	15	1	32	14
1x40	38	16	13	55	35	15	9
1x40	38	16	8	14	15	34	47
1x40	39	23	38	50	47	56	37
1x40	39	3	6	48	59	38	51
1x40	39	41	35	29	26	28	21
1x40	39	45	59	19	37	56	24
1x40	4	18	33	60	49	57	31
1x40	4	27	13	51	53	39	16
1x40	41	19	36	35	9	42	26
1x40	41	22	42	50	44	35	46
1x40	41	30	25	19	17	21	28
1x40	42	13	10	43	50	44	45
1x40	42	21	19	39	29	55	56
1x40	42	28	46	52	8	34	7
1x40	42	30	60	2	6	27	24
1x40	42	33	21	30	43	5	39
1x40	43	31	58	10	49	37	53
1x40	43	52	57	24	55	5	41
1x40	44	23	13	55	25	27	38
1x40	44	43	54	16	7	45	49
1x40	44	8	13	26	23	34	55
1x40	45	19	39	34	36	11	42
1x40	45	33	24	35	41	56	57
1x40	45	47	42	4	17	32	11
1x40	45	60	33	35	59	38	20
1x40	46	16	30	47	6	10	27
1x40	46	20	50	8	3	54	47
1x40	46	32	37	20	36	43	29
1x40	46	39	34	7	29	13	54
1x40	48	10	12	54	46	28	35
1x40	49	21	57	42	35	48	25
1x40	49	37	60	39	58	29	22
1x40	49	4	17	31	54	14	50
1x40	5	44	45	9	59	15	12
1x40	5	55	4	13	38	10	24
1x40	5	7	37	23	17	3	28
1x40	50	17	55	20	14	54	24
1x40	51	36	22	35	57	5	32
1x40	51	4	53	57	52	6	37
1x40	51	47	22	3	28	26	60
1x40	51	47	48	43	32	50	46
1x40	51	49	32	52	38	44	27
1x40	52	16	22	1	54	29	46
1x40	52	18	24	25	42	28	16
1x40	52	45	46	59	35	30	12
1x40	52	7	10	42	50	14	32
1x40	53	10	22	54	39	2	16
1x40	53	18	45	4	33	50	24
1x40	53	36	16	28	10	48	46
1x40	53	51	54	4	27	20	18
1x40	54	10	50	35	41	44	31
1x40	54	14	52	25	39	50	49
1x40	54	2	16	25	34	17	39
1x40	54	50	58	52	28	24	42
1x40	55	10	4	22	32	35	54
1x40	55	27	19	2	26	12	1
1x40	55	6	25	15	22	9	50
1x40	55	6	9	54	26	5	19
1x40	55	60	59	20	54	4	43
1x40	56	16	8	51	53	45	14
1x40	56	25	59	38	13	53	16
1x40	56	35	7	34	60	4	23
1x40	57	31	36	29	28	47	44
1x40	57	54	9	43	27	26	1
1x40	59	15	3	58	9	11	27
1x40	59	43	47	17	6	31	46
1x40	59	53	57	18	12	46	7
1x40	59	57	2	25	33	54	29
1x40	6	20	29	15	26	39	27
1x40	6	24	33	51	49	4	5
1x40	6	26	2	42	19	23	35
1x40	6	36	12	59	34	2	24
1x40	6	49	15	26	3	48	2
1x40	6	57	47	34	50	31	12
1x40	60	16	5	36	1	49	33
1x40	60	19	4	5	44	52	47
1x40	60	25	48	53	57	41	38
1x40	60	4	27	14	24	32	59
1x40	60	43	52	31	22	47	53
1x40	7	25	34	59	35	9	51
1x40	7	27	46	36	55	3	15
1x40	8	29	56	28	17	18	37
1x40	8	37	11	44	55	20	6
1x40	8	52	13	47	37	49	16
1x41	1	20	12	9	15	2	11
1x41	1	5	30	51	4	25	42
1x41	10	25	12	11	2	38	32
1x41	10	37	20	26	54	45	39
1x41	10	49	32	54	21	16	2
1x41	11	21	39	4	40	33	15
1x41	11	38	28	18	17	10	27
1x41	11	38	8	55	21	5	12
1x41	11	60	9	59	34	52	33
1x41	13	24	4	23	38	27	34
1x41	13	7	57	51	31	4	17
1x41	14	26	32	42	43	55	15
1x41	15	13	3	51	50	34	46
1x41	15	27	17	30	49	33	58
1x41	15	45	6	57	10	56	29
1x41	15	50	28	32	42	57	25
1x41	16	15	1	18	10	5	43
1x41	16	29	24	40	31	47	18
1x41	17	13	18	50	27	25	19
1x41	17	55	10	7	13	8	60
1x41	18	10	53	39	38	42	16
1x41	18	11	49	31	9	46	54
1x41	18	43	42	2	13	22	39
1x41	18	56	9	57	21	45	55
1x41	19	26	56	44	23	21	54
1x41	19	31	54	37	1	28	13
1x41	19	42	36	11	12	23	20
1x41	20	45	38	26	5	49	54
1x41	20	50	19	42	35	4	8
1x41	22	14	42	40	17	45	5
1x41	22	27	32	1	46	37	21
1x41	22	33	17	58	10	34	45
1x41	22	57	20	48	11	26	54
1x41	23	51	34	29	9	22	52
1x41	23	54	10	42	58	32	20
1x41	24	33	47	11	44	15	53
1x41	25	2	40	20	32	6	29
1x41	25	36	17	54	55	37	44
1x41	25	40	57	49	28	45	59
1x41	25	47	2	10	8	52	50
1x41	25	48	28	32	54	51	2
1x41	26	10	55	14	1	36	45
1x41	26	3	30	47	55	5	8
1x41	26	40	49	16	20	59	58
1x41	27	2	1	26	20	4	42
1x41	27	54	51	31	29	46	44
1x41	28	24	13	21	9	4	20
1x41	28	31	22	29	48	46	11
1x41	28	46	25	8	51	56	55
1x41	28	48	56	7	36	23	55
1x41	28	9	60	35	40	58	53
1x41	29	48	6	14	31	60	42
1x41	29	53	57	48	54	43	10
1x41	3	14	38	49	34	31	18
1x41	3	43	31	49	58	7	40
1x41	3	55	29	19	15	11	57
1x41	30	1	55	54	53	10	2
1x41	30	12	51	24	9	50	55
1x41	30	26	34	49	25	10	12
1x41	30	7	29	11	6	36	46
1x41	31	23	16	24	3	58	51
1x41	31	35	34	19	9	18	60
1x41	31	45	50	47	28	14	52
1x41	31	48	60	20	24	22	1
1x41	31	58	20	45	9	48	10
1x41	32	46	52	37	30	7	2
1x41	32	47	57	45	28	16	4
1x41	32	55	36	30	9	54	1
1x41	33	14	47	36	2	15	1
1x41	33	30	49	31	24	18	13
1x41	33	4	31	51	56	32	43
1x41	33	46	23	40	49	9	21
1x41	34	19	2	32	10	31	49
1x41	34	22	5	56	49	12	20
1x41	34	48	24	30	56	16	18
1x41	34	50	26	18	60	40	9
1x41	35	11	18	27	19	12	47
1x41	35	14	30	10	5	15	52
1x41	35	29	3	21	33	52	20
1x41	35	54	3	33	14	31	42
1x41	36	23	28	3	33	22	26
1x41	36	23	32	42	21	40	2
1x41	36	3	43	15	22	1	60
1x41	36	37	32	33	45	48	56
1x41	36	48	20	52	8	21	54
1x41	36	60	33	24	17	10	26
1x41	37	4	45	49	31	48	55
1x41	38	31	14	8	29	16	33
1x41	38	44	57	18	52	24	46
1x41	39	10	42	60	53	16	51
1x41	4	18	40	58	34	50	23
1x41	4	22	58	14	18	20	11
1x41	4	5	26	18	56	44	7
1x41	4	60	24	13	47	58	38
1x41	40	38	29	31	47	19	12
1x41	42	37	46	60	33	59	50
1x41	42	38	10	22	54	27	4
1x41	42	5	6	19	50	40	53
1x41	42	59	56	18	2	34	21
1x41	43	1	30	19	54	58	37
1x41	43	29	22	31	24	30	4
1x41	44	28	48	39	2	19	34
1x41	44	38	5	51	23	22	3
1x41	44	5	58	11	36	10	4
1x41	44	56	59	38	3	46	14
1x41	44	7	19	28	21	13	5
1x41	45	12	27	57	56	46	36
1x41	45	37	2	7	57	40	6
1x41	45	57	50	25	27	19	44
1x41	46	34	15	30	44	36	56
1x41	47	14	25	56	33	32	31
1x41	47	6	57	20	42	48	21
1x41	48	26	6	29	18	12	27
1x41	48	35	37	25	4	31	60
1x41	48	60	45	6	22	56	57
1x41	49	1	35	53	33	28	46
1x41	49	27	30	26	59	15	44
1x41	49	29	47	58	8	7	42
1x41	49	34	27	25	10	15	21
1x41	49	55	48	25	21	14	15
1x41	5	18	53	11	50	42	30
1x41	5	28	50	25	34	21	1
1x41	5	38	26	11	8	58	37
1x41	5	46	27	9	14	17	11
1x41	5	50	8	56	35	26	3
1x41	50	15	34	27	37	25	42
1x41	50	4	34	24	7	42	3
1x41	50	60	15	2	33	38	22
1x41	51	40	59	22	13	28	24
1x41	52	35	38	54	11	10	9
1x41	52	48	30	51	56	2	13
1x41	53	1	15	12	28	13	11
1x41	53	8	3	5	42	56	13
1x41	54	29	45	19	32	10	9
1x41	54	46	40	60	25	38	45
1x41	55	15	24	7	47	39	52
1x41	55	16	31	47	51	32	23
1x41	55	3	20	47	12	31	8
1x41	55	36	3	8	6	2	52
1x41	55	59	13	42	45	36	22
1x41	56	10	59	27	5	44	16
1x41	56	33	40	20	39	47	52
1x41	56	46	55	57	27	22	35
1x41	56	47	35	58	48	11	30
1x41	57	11	43	37	40	36	39
1x41	58	35	39	27	15	53	45
1x41	59	12	32	2	19	3	57
1x41	59	36	12	35	58	38	43
1x41	59	36	25	30	10	19	51
1x41	59	48	18	7	53	36	40
1x41	6	11	53	12	25	19	45
1x41	6	39	29	1	34	53	18
1x41	60	20	25	50	28	1	56
1x41	60	24	51	22	53	14	19
1x41	60	37	38	30	40	46	8
1x41	8	22	1	18	56	42	32
1x41	8	26	21	52	29	27	59
1x41	8	43	54	21	31	52	26
1x41	9	35	21	38	56	7	43
1x41	9	54	29	11	8	25	60
1x42	1	46	33	9	4	17	43
1x42	1	48	5	50	46	9	11
1x42	1	51	30	28	26	21	43
1x42	1	54	49	46	14	18	43
1x42	10	37	59	50	23	41	58
1x42	11	10	21	17	43	57	47
1x42	11	19	9	31	5	37	46
1x42	11	2	41	5	33	15	13
1x42	11	3	28	9	35	46	38
1x42	12	15	52	14	55	38	35
1x42	12	22	7	33	40	32	18
1x42	12	30	23	22	47	27	45
1x42	12	60	38	32	54	27	56
1x42	14	24	48	40	16	1	18
1x42	14	25	53	24	43	57	60
1x42	14	47	45	37	43	56	41
1x42	15	41	43	44	24	48	49
1x42	15	53	23	51	41	47	49
1x42	16	26	10	45	13	11	37
1x42	16	43	45	21	57	46	59
1x42	16	51	48	50	28	11	30
1x42	16	57	33	34	3	50	35
1x42	17	4	25	37	41	11	20
1x42	18	39	54	56	52	13	57
1x42	18	43	19	58	44	22	3
1x42	18	50	19	12	60	36	28
1x42	18	6	37	24	52	55	59
1x42	19	15	2	14	30	25	17
1x42	19	51	4	21	48	24	34
1x42	2	17	40	15	27	14	25
1x42	2	22	54	26	48	7	43
1x42	2	53	57	16	34	59	9
1x42	20	18	47	15	28	45	37
1x42	20	31	6	40	11	46	19
1x42	21	3	22	38	44	56	27
1x42	22	1	16	43	14	35	59
1x42	22	20	55	9	38	31	40
1x42	22	36	44	59	53	41	47
1x42	22	53	30	19	16	47	12
1x42	23	10	1	40	26	28	8
1x42	23	16	31	49	44	18	15
1x42	23	39	2	37	53	32	33
1x42	23	6	59	31	20	5	35
1x42	24	27	34	8	39	46	53
1x42	24	41	31	44	35	22	14
1x42	24	59	44	21	57	1	10
1x42	25	54	31	23	35	53	3
1x42	25	56	3	49	35	22	14
1x42	26	19	41	56	48	55	20
1x42	26	24	50	22	2	36	40
1x42	26	35	56	46	55	47	44
1x42	27	15	36	3	52	26	49
1x42	27	26	7	37	39	28	59
1x42	27	28	41	1	7	4	44
1x42	28	30	32	46	51	50	9
1x42	28	59	19	23	37	32	54
1x42	29	23	6	11	43	59	52
1x42	29	57	8	35	49	23	5
1x42	29	8	32	50	6	34	22
1x42	3	18	13	24	37	45	17
1x42	3	18	24	54	10	17	27
1x42	3	24	35	17	5	26	30
1x42	3	28	27	19	40	24	26
1x42	3	30	18	33	44	34	45
1x42	3	4	56	8	55	60	20
1x42	3	54	52	56	53	18	60
1x42	30	24	45	49	3	28	40
1x42	30	36	19	40	33	32	31
1x42	31	26	36	58	8	16	51
1x42	31	35	28	57	6	17	22
1x42	31	46	59	20	21	57	16
1x42	31	57	10	59	20	53	28
1x42	31	59	19	49	9	10	11
1x42	31	59	26	48	25	36	41
1x42	32	1	24	13	52	39	6
1x42	32	16	8	7	38	35	2
1x42	32	17	9	1	50	34	48
1x42	32	22	37	29	21	39	38
1x42	32	38	30	40	6	44	53
1x42	32	5	6	20	56	1	47
1x42	33	18	48	49	54	45	12
1x42	33	22	52	19	40	36	5
1x42	33	24	10	31	52	34	15
1x42	33	9	14	20	13	46	23
1x42	35	14	20	51	49	22	60
1x42	35	28	18	23	50	39	46
1x42	35	3	31	37	55	39	29
1x42	35	39	21	31	37	54	12
1x42	35	41	12	3	45	44	34
1x42	36	13	53	16	39	46	40
1x42	36	44	38	34	10	45	49
1x42	37	21	58	38	29	13	32
1x42	37	58	47	1	45	50	30
1x42	38	1	12	20	9	59	31
1x42	38	32	11	24	44	53	57
1x42	39	18	55	34	21	31	56
1x42	39	24	26	9	18	57	13
1x42	39	41	24	11	31	60	27
1x42	39	50	19	14	13	37	18
1x42	39	56	15	5	45	25	8
1x42	39	8	56	41	44	30	45
1x42	4	19	11	27	57	44	48
1x42	4	37	39	29	47	20	30
1x42	4	46	55	50	51	41	24
1x42	40	1	33	39	15	59	28
1x42	40	10	28	20	23	2	45
1x42	40	22	41	60	28	14	21
1x42	40	46	10	32	11	21	55
1x42	40	57	24	29	38	41	5
1x42	41	17	34	58	4	50	10
1x42	41	29	56	23	52	40	7
1x42	43	35	17	23	30	22	9
1x42	43	46	6	38	33	60	19
1x42	43	56	55	19	33	30	51
1x42	43	57	47	23	33	19	44
1x42	44	16	58	41	1	46	51
1x42	44	27	15	58	28	46	26
1x42	44	27	57	48	14	10	56
1x42	44	58	52	7	33	54	31
1x42	45	32	2	22	54	49	31
1x42	45	38	25	51	5	43	35
1x42	45	40	58	32	52	1	57
1x42	45	58	48	17	23	15	29
1x42	46	15	53	40	58	6	41
1x42	46	38	50	10	23	15	60
1x42	47	11	54	21	9	4	24
1x42	47	2	14	41	54	53	26
1x42	47	57	43	35	60	12	30
1x42	48	50	52	9	59	4	5
1x42	49	14	9	38	15	12	57
1x42	49	20	27	50	25	26	19
1x42	49	37	18	60	44	30	9
1x42	5	18	11	45	6	33	50
1x42	5	19	12	25	52	15	48
1x42	5	29	35	30	51	6	34
1x42	51	41	15	14	39	19	48
1x42	51	52	20	12	25	6	28
1x42	51	54	7	20	18	35	55
1x42	51	55	6	20	18	24	10
1x42	52	11	38	16	50	53	20
1x42	52	15	23	30	28	5	43
1x42	52	24	47	45	59	36	27
1x42	52	56	17	4	27	25	45
1x42	53	25	56	50	29	6	22
1x42	53	3	50	20	29	36	57
1x42	53	30	41	19	49	40	14
1x42	53	35	49	34	12	14	46
1x42	53	8	60	10	7	38	58
1x42	54	40	30	53	36	49	8
1x42	54	55	19	41	1	32	29
1x42	56	30	18	5	24	33	2
1x42	57	13	51	38	7	18	28
1x42	57	24	28	8	23	45	33
1x42	57	27	1	40	51	24	53
1x42	57	51	7	13	23	21	12
1x42	6	20	35	40	9	28	41
1x42	6	37	50	13	10	60	55
1x42	60	13	43	36	59	1	45
1x42	60	23	15	35	7	34	5
1x42	7	22	53	26	27	3	50
1x42	7	30	6	53	56	5	15
1x42	7	4	31	8	1	56	43
1x42	7	54	41	32	8	17	3
1x42	7	60	14	12	6	31	17
1x42	7	8	47	9	1	38	52
1x42	8	1	26	39	24	49	11
1x42	8	3	18	49	44	56	52
1x42	8	31	33	48	26	13	28
1x42	9	1	56	60	29	51	25
1x42	9	13	50	51	48	57	23
1x42	9	46	39	40	19	8	33
1x42	9	53	37	20	55	35	18
1x43	1	2	56	53	18	4	36
1x43	1	38	3	7	57	37	47
1x43	11	12	32	28	31	50	55
1x43	11	18	40	51	6	58	4
1x43	11	19	28	57	59	20	6
1x43	11	24	21	45	6	36	56
1x43	11	7	14	41	54	10	4
1x43	12	41	42	49	46	18	27
1x43	12	52	21	16	33	23	45
1x43	12	9	39	24	51	48	41
1x43	13	16	26	35	36	6	46
1x43	13	20	46	22	39	37	50
1x43	13	42	3	41	48	12	8
1x43	13	7	49	39	40	8	48
1x43	14	28	57	4	29	54	50
1x43	16	26	45	8	40	51	24
1x43	16	33	36	32	48	59	9
1x43	17	28	11	56	5	13	48
1x43	17	30	46	11	2	14	28
1x43	17	50	36	19	6	2	30
1x43	17	9	20	22	13	34	53
1x43	18	16	36	35	19	38	37
1x43	18	48	42	34	2	4	21
1x43	19	24	44	38	3	9	20
1x43	19	33	51	28	55	42	34
1x43	19	54	16	48	2	5	44
1x43	2	59	55	48	10	29	60
1x43	20	12	53	27	42	9	15
1x43	20	24	35	55	32	13	27
1x43	20	35	17	22	39	14	25
1x43	21	30	34	53	51	13	54
1x43	21	35	8	5	18	39	30
1x43	22	6	56	28	18	37	7
1x43	23	36	5	34	1	32	31
1x43	24	13	47	36	16	10	59
1x43	24	28	16	53	11	46	19
1x43	24	9	15	46	41	7	34
1x43	26	19	31	15	34	24	18
1x43	26	31	53	36	56	6	47
1x43	26	44	11	46	1	27	8
1x43	26	55	1	28	5	11	16
1x43	26	58	34	39	19	21	2
1x43	27	14	45	60	9	13	52
1x43	27	56	1	58	28	50	48
1x43	28	18	15	13	40	41	42
1x43	29	3	38	9	2	57	32
1x43	29	45	47	30	2	13	11
1x43	29	56	20	31	42	30	37
1x43	29	8	60	30	6	12	27
1x43	3	12	5	6	21	59	28
1x43	3	17	34	32	36	15	24
1x43	3	30	7	48	2	59	29
1x43	30	19	14	36	37	17	18
1x43	30	34	54	9	5	45	56
1x43	30	53	10	40	31	11	23
1x43	30	55	4	20	57	45	12
1x43	31	19	45	54	33	59	6
1x43	31	3	14	45	58	56	50
1x43	31	38	24	53	22	2	40
1x43	31	52	9	44	23	8	53
1x43	31	54	26	22	40	50	58
1x43	31	56	45	14	36	22	13
1x43	32	2	9	14	6	42	16
1x43	32	20	1	60	38	57	54
1x43	32	20	8	6	46	44	35
1x43	34	44	56	32	25	39	45
1x43	35	2	1	54	22	24	59
1x43	35	27	17	11	41	8	7
1x43	35	42	41	50	37	7	58
1x43	36	24	18	33	56	59	23
1x43	37	12	56	25	47	6	4
1x43	37	16	58	24	38	30	29
1x43	37	38	59	46	50	17	2
1x43	37	42	24	34	32	20	23
1x43	38	35	3	32	36	24	28
1x43	39	27	37	16	2	60	53
1x43	39	34	23	22	60	9	48
1x43	4	15	14	27	36	23	52
1x43	4	16	40	47	21	25	44
1x43	4	27	51	31	8	23	25
1x43	4	59	10	26	24	17	19
1x43	40	4	22	53	48	18	35
1x43	40	6	10	8	53	2	7
1x43	41	10	44	20	3	8	30
1x43	41	19	27	60	20	55	52
1x43	41	60	53	54	9	35	19
1x43	44	12	33	57	35	24	52
1x43	44	41	15	39	27	50	26
1x43	45	32	6	26	10	37	8
1x43	45	36	56	31	50	25	60
1x43	45	38	6	49	52	1	33
1x43	45	58	37	59	3	29	16
1x43	46	37	21	55	40	52	9
1x43	46	56	58	26	18	42	11
1x43	47	16	25	52	12	59	60
1x43	47	27	32	3	56	7	25
1x43	47	36	30	58	14	46	56
1x43	47	41	18	29	57	1	2
1x43	47	42	46	23	14	37	5
1x43	47	50	59	57	14	2	58
1x43	48	12	9	45	1	26	18
1x43	48	16	41	4	33	35	9
1x43	48	58	54	8	33	53	40
1x43	49	15	34	23	53	5	35
1x43	49	19	50	22	39	15	6
1x43	49	38	17	56	53	30	1
1x43	49	38	52	28	6	4	44
1x43	49	47	34	28	51	30	9
1x43	5	25	24	7	46	33	32
1x43	5	39	12	36	21	32	4
1x43	5	42	46	14	54	26	37
1x43	50	1	10	52	49	58	29
1x43	50	41	59	58	36	30	45
1x43	50	7	33	30	34	22	46
1x43	51	17	40	18	14	22	8
1x43	51	35	44	50	8	48	22
1x43	51	50	13	22	26	33	27
1x43	51	59	30	25	50	11	17
1x43	51	59	7	40	16	15	47
1x43	53	34	26	46	14	41	30
1x43	54	58	6	48	59	50	8
1x43	55	23	14	10	37	38	36
1x43	55	29	53	41	2	47	18
1x43	57	12	50	18	55	40	54
1x43	57	27	1	54	10	12	34
1x43	57	48	16	55	9	51	46
1x43	57	60	27	42	39	21	12
1x43	58	10	9	20	53	21	34
1x43	58	3	12	52	16	17	53
1x43	59	17	55	11	36	47	33
1x43	59	45	29	27	6	60	16
1x43	59	52	48	29	17	54	23
1x43	6	20	12	3	5	7	21
1x43	6	25	56	59	18	28	46
1x43	6	32	24	4	44	56	27
1x43	6	33	7	46	26	59	36
1x43	6	54	46	37	10	56	26
1x43	6	7	27	57	26	39	49
1x43	60	24	22	47	29	58	44
1x43	60	8	16	57	4	40	9
1x43	7	31	2	13	42	49	3
1x43	7	37	42	17	46	53	12
1x43	7	38	29	18	33	10	42
1x43	7	52	18	46	30	35	6
1x43	9	3	14	58	5	17	48
1x43	9	40	38	59	22	20	52
1x43	9	6	56	30	55	15	52
1x43	9	60	17	25	42	8	33
1x44	1	28	22	58	7	47	20
1x44	1	5	12	59	29	10	35
1x44	10	59	49	15	28	36	39
1x44	10	60	45	22	57	4	58
1x44	11	17	46	45	60	54	56
1x44	11	38	9	48	40	3	33
1x44	11	48	47	41	29	34	24
1x44	13	10	28	58	53	18	20
1x44	14	58	54	12	40	39	10
1x44	15	37	13	14	9	6	23
1x44	15	50	38	54	18	42	33
1x44	15	59	9	50	51	54	42
1x44	16	31	55	14	7	57	41
1x44	16	35	22	29	12	41	53
1x44	16	51	21	25	49	52	28
1x44	17	11	53	8	60	36	46
1x44	17	34	2	30	23	46	56
1x44	18	19	5	40	41	8	20
1x44	18	27	34	53	11	49	22
1x44	18	60	8	48	23	6	11
1x44	2	13	40	42	55	49	57
1x44	2	16	14	30	56	6	26
1x44	2	17	58	31	35	12	24
1x44	2	30	47	10	45	14	5
1x44	2	37	7	23	54	27	50
1x44	20	11	23	55	52	14	17
1x44	20	23	59	43	39	34	60
1x44	20	42	56	7	45	39	58
1x44	21	15	39	40	59	10	20
1x44	21	22	6	53	48	35	3
1x44	21	58	19	43	5	27	30
1x44	22	36	42	26	16	1	43
1x44	22	37	55	13	9	8	45
1x44	22	49	51	30	25	16	2
1x44	23	27	7	22	58	35	9
1x44	24	39	40	12	50	49	3
1x44	25	13	48	18	19	4	6
1x44	25	23	52	60	6	21	32
1x44	26	11	25	5	4	12	40
1x44	26	18	21	17	60	38	31
1x44	26	21	54	11	39	60	16
1x44	26	29	59	54	6	38	21
1x44	26	49	43	30	33	6	60
1x44	27	20	39	33	17	25	29
1x44	27	31	34	14	15	6	56
1x44	27	34	23	4	37	56	20
1x44	27	7	11	19	13	25	12
1x44	28	22	24	3	58	46	53
1x44	28	55	56	9	21	25	36
1x44	29	22	26	54	32	10	38
1x44	29	26	46	47	38	11	15
1x44	29	43	25	20	31	17	12
1x44	3	1	36	27	60	18	12
1x44	3	23	26	37	17	25	22
1x44	3	31	43	10	11	42	49
1x44	3	39	37	28	11	19	20
1x44	3	5	16	57	29	45	28
1x44	3	54	1	2	27	33	30
1x44	30	2	5	50	26	41	37
1x44	30	23	36	45	1	38	3
1x44	30	33	57	2	17	19	20
1x44	30	33	58	10	8	24	19
1x44	30	53	56	46	14	18	19
1x44	30	54	7	33	28	16	48
1x44	32	14	42	27	5	38	11
1x44	32	5	49	30	24	37	42
1x44	32	50	59	15	36	37	16
1x44	32	57	22	60	8	52	16
1x44	33	15	22	20	38	48	31
1x44	34	58	27	26	12	21	42
1x44	35	27	45	49	25	39	5
1x44	36	3	26	60	17	51	5
1x44	36	3	54	6	23	9	53
1x44	36	31	40	2	57	16	21
1x44	36	39	20	26	9	45	16
1x44	36	45	10	59	29	19	55
1x44	36	55	7	16	4	2	20
1x44	37	19	41	9	5	55	57
1x44	37	20	9	32	47	2	31
1x44	37	34	35	49	33	25	55
1x44	37	53	47	10	13	43	38
1x44	38	30	46	5	28	18	19
1x44	38	42	11	53	36	58	1
1x44	39	16	37	22	33	23	55
1x44	39	8	48	38	18	22	9
1x44	4	30	56	35	3	38	22
1x44	4	42	30	47	55	59	18
1x44	4	54	49	13	27	3	15
1x44	40	1	8	18	14	58	29
1x44	40	39	13	58	23	9	41
1x44	41	10	26	18	47	11	9
1x44	41	18	16	58	36	11	23
1x44	41	37	17	32	60	9	26
1x44	41	59	21	55	9	31	8
1x44	42	16	50	7	57	22	36
1x44	42	18	43	31	7	27	29
1x44	42	31	5	60	26	19	28
1x44	42	46	53	60	2	55	56
1x44	43	22	16	45	14	30	48
1x44	43	6	7	10	18	54	41
1x44	45	2	19	6	3	55	20
1x44	45	32	52	2	26	29	39
1x44	45	38	1	17	5	12	24
1x44	45	4	51	53	2	41	55
1x44	45	52	7	31	23	30	37
1x44	45	57	58	54	15	38	27
1x44	45	8	4	57	26	11	41
1x44	46	28	29	5	41	11	36
1x44	47	43	20	22	48	31	30
1x44	48	16	5	32	53	9	15
1x44	48	45	42	8	49	55	33
1x44	48	5	37	2	16	12	9
1x44	49	7	1	18	36	52	56
1x44	5	34	23	45	30	40	16
1x44	50	1	9	20	17	18	26
1x44	50	2	25	33	6	20	48
1x44	50	22	7	31	26	53	59
1x44	51	20	10	43	47	52	28
1x44	51	60	27	13	14	17	26
1x44	51	7	19	48	3	22	35
1x44	52	19	49	59	8	2	39
1x44	52	28	19	8	9	3	1
1x44	52	54	39	11	59	23	30
1x44	54	29	33	40	8	34	24
1x44	54	49	9	42	8	39	46
1x44	54	5	17	16	41	42	40
1x44	54	56	11	4	49	9	60
1x44	54	57	50	51	6	48	39
1x44	55	48	59	1	37	30	15
1x44	56	20	45	48	36	43	18
1x44	56	36	38	4	5	2	21
1x44	56	54	13	43	33	18	1
1x44	57	16	49	50	14	27	31
1x44	57	39	12	23	4	40	9
1x44	58	28	13	12	55	48	50
1x44	58	31	12	9	10	51	6
1x44	59	19	33	49	11	5	4
1x44	59	33	46	55	3	52	6
1x44	59	33	52	23	9	51	43
1x44	6	18	27	3	54	21	35
1x44	6	19	7	43	18	37	42
1x44	6	34	14	60	5	18	45
1x44	60	25	3	45	35	34	10
1x44	7	12	53	47	36	45	29
1x44	7	31	45	16	42	10	17
1x44	7	32	38	13	20	10	6
1x44	7	36	33	27	2	30	50
1x44	8	14	26	19	46	12	25
1x44	8	36	48	28	9	50	5
1x44	8	51	28	16	47	14	1
1x44	8	53	12	20	39	23	26
1x44	8	56	38	19	39	59	24
1x44	9	14	6	49	54	51	39
1x44	9	2	33	23	30	19	32
1x45	1	22	41	39	16	59	32
1x45	1	41	37	39	48	26	4
1x45	1	7	56	54	53	5	3
1x45	11	26	46	12	40	20	56
1x45	11	33	37	42	57	43	38
1x45	12	30	14	37	49	26	9
1x45	12	35	34	3	42	56	13
1x45	12	51	53	21	39	25	16
1x45	13	25	55	32	34	50	2
1x45	13	26	34	18	55	12	20
1x45	13	43	50	26	30	51	38
1x45	14	20	48	6	52	17	11
1x45	14	40	15	35	2	34	3
1x45	14	60	35	22	23	5	8
1x45	15	40	37	8	34	19	50
1x45	15	41	1	22	52	26	10
1x45	16	13	11	3	36	49	53
1x45	16	30	4	8	20	41	35
1x45	16	53	54	4	14	17	29
1x45	18	23	44	10	8	34	13
1x45	18	29	21	36	17	58	16
1x45	19	1	6	27	26	2	8
1x45	19	26	47	38	33	5	44
1x45	2	29	60	7	24	36	30
1x45	2	60	57	53	36	10	13
1x45	20	9	39	29	6	55	43
1x45	21	35	17	8	43	34	48
1x45	21	40	59	56	22	1	17
1x45	21	48	37	29	49	52	30
1x45	22	19	55	54	36	49	34
1x45	22	52	13	11	1	39	15
1x45	22	54	12	21	58	43	44
1x45	22	55	52	2	34	12	27
1x45	23	24	10	42	32	21	26
1x45	23	32	10	20	14	7	36
1x45	24	11	28	50	6	15	1
1x45	24	17	55	7	57	10	21
1x45	24	32	3	37	28	12	57
1x45	24	55	8	18	60	2	21
1x45	24	6	9	42	19	44	15
1x45	25	32	24	50	43	14	52
1x45	25	52	59	26	20	24	6
1x45	26	33	50	23	37	1	56
1x45	26	39	10	20	28	36	46
1x45	26	48	8	4	9	19	53
1x45	27	17	31	13	49	48	8
1x45	27	23	17	44	24	54	4
1x45	27	59	41	28	3	20	50
1x45	29	58	6	30	8	54	28
1x45	3	17	46	35	34	9	20
1x45	3	55	37	7	60	11	15
1x45	30	41	56	7	21	9	14
1x45	30	48	46	24	5	20	39
1x45	31	32	58	52	11	53	13
1x45	31	33	11	41	44	47	19
1x45	31	42	11	47	9	20	38
1x45	32	42	58	13	10	40	34
1x45	33	20	58	8	21	50	36
1x45	33	50	5	49	37	43	7
1x45	33	57	23	32	38	14	8
1x45	35	33	25	56	5	2	43
1x45	35	53	3	1	37	43	41
1x45	35	7	48	17	13	43	34
1x45	36	50	2	23	15	33	4
1x45	36	56	44	5	28	21	39
1x45	37	13	16	26	3	17	51
1x45	37	15	13	32	56	43	25
1x45	37	33	58	53	56	60	31
1x45	37	39	24	2	27	3	16
1x45	37	43	18	28	42	24	13
1x45	37	9	20	31	29	46	16
1x45	38	25	41	54	4	9	49
1x45	38	27	32	25	37	34	21
1x45	39	1	22	16	40	26	51
1x45	39	19	8	48	1	13	28
1x45	40	28	25	37	57	34	27
1x45	40	3	47	11	26	51	59
1x45	40	49	8	55	39	42	18
1x45	40	60	8	25	27	15	44
1x45	41	11	20	12	19	36	28
1x45	41	22	17	50	53	28	33
1x45	41	6	26	27	42	16	36
1x45	42	21	39	5	50	6	15
1x45	43	56	39	55	60	15	3
1x45	44	15	52	21	13	40	57
1x45	46	15	43	30	40	19	7
1x45	46	41	11	60	15	49	21
1x45	46	51	37	19	48	17	27
1x45	47	27	38	1	32	53	20
1x45	47	42	21	7	1	27	8
1x45	48	22	19	14	7	55	39
1x45	48	32	30	50	39	5	13
1x45	48	37	30	39	18	50	7
1x45	48	39	3	1	13	51	15
1x45	48	56	10	54	60	55	42
1x45	49	10	31	7	28	41	33
1x45	49	11	25	17	56	7	38
1x45	49	39	38	59	21	13	37
1x45	49	48	57	29	56	22	43
1x45	49	59	19	5	41	44	60
1x45	5	33	49	25	30	47	48
1x45	5	51	43	11	36	22	57
1x45	50	24	39	12	3	44	22
1x45	51	3	58	38	21	31	22
1x45	51	39	12	50	46	57	30
1x45	51	43	24	40	32	19	59
1x45	51	49	17	14	29	53	41
1x45	51	53	39	35	5	28	43
1x45	52	10	28	47	40	56	23
1x45	52	18	26	59	2	54	33
1x45	52	43	25	5	46	57	53
1x45	52	54	4	2	10	8	25
1x45	53	30	48	2	60	20	54
1x45	53	33	50	6	39	55	59
1x45	53	49	13	22	2	50	19
1x45	53	49	22	56	19	9	52
1x45	54	12	5	7	28	25	13
1x45	54	22	18	11	14	53	43
1x45	54	24	41	38	55	4	14
1x45	54	48	18	14	3	34	1
1x45	54	59	37	3	29	5	34
1x45	55	11	51	50	33	26	43
1x45	55	33	21	27	56	1	11
1x45	55	58	57	44	47	23	31
1x45	56	25	55	51	6	39	54
1x45	56	35	60	2	13	40	17
1x45	57	11	35	47	22	28	21
1x45	57	12	25	30	35	38	59
1x45	57	54	41	3	30	29	35
1x45	57	55	43	48	10	29	2
1x45	58	39	50	42	32	12	27
1x45	59	11	2	9	15	40	7
1x45	59	23	11	27	2	38	1
1x45	59	31	58	6	1	34	13
1x45	59	46	24	33	42	57	32
1x45	6	33	58	7	30	51	18
1x45	6	47	21	43	59	13	38
1x45	6	51	37	31	47	19	38
1x45	60	14	7	43	8	15	36
1x45	60	3	19	49	56	4	25
1x45	60	58	18	29	46	25	27
1x45	7	2	19	13	25	24	56
1x45	7	39	10	31	49	24	40
1x45	7	51	5	21	32	44	47
1x45	8	25	1	60	21	57	32
1x45	8	4	32	23	59	25	51
1x45	8	50	51	46	16	37	31
1x45	9	58	40	3	18	19	6
1x46	1	44	60	31	39	53	42
1x46	10	1	21	35	51	8	24
1x46	10	6	40	35	48	18	43
1x46	11	34	52	36	45	32	3
1x46	11	6	59	26	10	17	5
1x46	11	9	53	56	48	12	17
1x46	12	20	53	32	57	16	42
1x46	12	23	19	25	8	5	51
1x46	13	3	11	4	37	36	27
1x46	13	51	12	15	52	32	17
1x46	13	52	59	19	28	51	4
1x46	14	24	28	33	45	19	26
1x46	14	53	37	19	48	52	28
1x46	15	51	17	19	6	38	40
1x46	15	55	19	12	34	17	29
1x46	16	13	57	47	48	15	1
1x46	16	23	6	56	17	31	48
1x46	16	41	58	44	6	24	11
1x46	16	55	36	45	32	49	60
1x46	16	9	51	47	33	52	59
1x46	17	20	48	3	42	47	26
1x46	17	25	57	47	5	54	13
1x46	17	47	43	6	18	1	4
1x46	17	5	28	36	18	6	41
1x46	18	14	15	48	57	23	59
1x46	18	14	47	35	11	60	52
1x46	18	38	25	52	15	45	51
1x46	19	32	12	10	37	54	20
1x46	19	4	52	59	20	42	13
1x46	19	41	1	56	23	9	42
1x46	19	50	59	5	35	52	41
1x46	19	9	10	39	15	47	35
1x46	2	33	58	45	44	31	51
1x46	2	36	6	21	20	10	25
1x46	2	54	33	3	50	55	16
1x46	20	21	39	55	18	15	32
1x46	20	50	41	58	16	37	44
1x46	21	28	19	47	10	56	52
1x46	21	30	29	14	17	28	13
1x46	21	32	5	27	8	15	54
1x46	23	18	26	31	43	55	40
1x46	23	35	60	19	6	21	54
1x46	24	17	45	18	2	51	59
1x46	24	19	48	45	29	38	31
1x46	24	31	59	10	53	18	27
1x46	25	20	51	42	34	14	31
1x46	25	21	4	32	52	50	1
1x46	25	33	31	52	26	53	8
1x46	26	54	16	60	27	23	38
1x46	26	58	14	48	30	43	37
1x46	27	10	25	45	51	47	50
1x46	27	16	19	3	50	31	38
1x46	27	29	53	16	41	54	6
1x46	27	32	58	3	22	54	30
1x46	27	36	23	15	48	44	35
1x46	28	20	37	54	19	42	56
1x46	29	33	53	18	7	43	1
1x46	29	53	18	2	60	19	1
1x46	29	60	50	59	6	58	53
1x46	29	7	56	35	57	55	49
1x46	3	10	17	20	55	13	23
1x46	3	15	16	20	40	30	19
1x46	3	21	28	57	17	49	59
1x46	3	45	8	36	31	17	15
1x46	3	53	20	38	39	44	54
1x46	3	57	48	42	1	58	32
1x46	30	17	37	49	57	20	14
1x46	31	19	48	43	4	7	25
1x46	31	44	42	4	45	2	43
1x46	32	17	47	50	26	3	49
1x46	32	30	6	35	48	22	52
1x46	32	4	9	7	15	52	26
1x46	32	54	49	43	11	55	5
1x46	32	55	24	23	29	9	12
1x46	32	57	21	36	22	59	37
1x46	33	17	59	45	8	19	12
1x46	33	20	22	50	37	10	42
1x46	33	49	35	27	3	53	7
1x46	34	15	30	6	36	33	1
1x46	34	25	41	11	7	56	32
1x46	34	27	55	53	25	28	11
1x46	34	3	12	24	60	48	11
1x46	34	56	35	14	58	36	30
1x46	35	3	41	13	17	59	60
1x46	35	52	38	55	14	8	21
1x46	36	26	24	51	43	10	33
1x46	36	43	4	35	13	42	7
1x46	37	11	14	36	26	60	49
1x46	37	36	56	15	26	2	22
1x46	37	42	19	13	7	6	34
1x46	37	9	18	11	26	56	54
1x46	38	28	29	15	56	59	45
1x46	38	30	49	48	2	5	10
1x46	38	4	7	42	15	34	51
1x46	38	42	37	34	2	39	47
1x46	39	11	35	58	33	52	34
1x46	39	18	24	29	34	41	33
1x46	39	32	48	37	9	42	20
1x46	4	15	20	25	8	40	18
1x46	4	18	9	6	27	58	1
1x46	4	29	2	21	50	14	53
1x46	4	41	55	2	9	35	43
1x46	4	43	60	7	57	9	32
1x46	4	60	26	20	31	35	32
1x46	4	8	1	38	3	11	27
1x46	40	7	58	25	16	27	53
1x46	41	13	34	14	49	26	36
1x46	41	21	33	45	20	8	10
1x46	41	35	8	15	3	16	19
1x46	41	9	28	16	35	37	3
1x46	42	24	28	3	56	37	14
1x46	42	5	56	26	18	31	14
1x46	43	19	13	57	59	17	35
1x46	44	19	42	6	49	58	38
1x46	44	50	1	25	6	19	51
1x46	44	7	38	13	19	20	12
1x46	45	19	13	59	4	12	42
1x46	45	25	13	29	54	26	33
1x46	45	32	13	42	36	55	38
1x46	45	40	11	25	13	9	1
1x46	45	43	19	18	38	36	35
1x46	47	59	10	43	28	53	50
1x46	48	41	14	40	2	8	37
1x46	49	11	20	56	25	6	2
1x46	49	13	15	2	34	47	50
1x46	49	6	26	48	1	2	18
1x46	5	23	56	35	13	58	18
1x46	5	39	1	36	40	9	42
1x46	50	10	7	6	29	54	45
1x46	50	28	54	23	17	25	10
1x46	50	31	30	16	5	40	32
1x46	51	47	7	49	31	12	15
1x46	52	6	45	56	17	60	47
1x46	53	22	21	9	20	10	19
1x46	53	43	13	18	34	24	37
1x46	53	47	5	57	23	14	49
1x46	54	1	20	15	33	2	27
1x46	54	21	41	42	16	6	48
1x46	54	24	53	50	39	18	37
1x46	54	25	49	57	52	50	2
1x46	54	7	52	34	28	13	14
1x46	55	11	28	51	41	6	32
1x46	55	35	19	15	4	58	24
1x46	55	54	17	32	19	45	13
1x46	56	26	3	36	32	47	48
1x46	56	40	30	35	18	28	26
1x46	56	45	9	27	29	2	33
1x46	56	49	44	22	1	2	9
1x46	57	2	20	8	30	60	44
1x46	57	2	32	43	38	15	58
1x46	57	36	58	25	59	19	34
1x46	57	9	52	32	37	48	41
1x46	58	23	7	9	19	44	56
1x46	58	24	12	54	2	13	28
1x46	58	28	20	48	3	10	18
1x46	58	32	11	15	30	10	5
1x46	58	49	38	53	14	60	25
1x46	58	56	7	52	57	17	33
1x46	59	20	57	25	1	39	52
1x46	6	13	11	23	39	56	33
1x46	60	19	41	22	16	44	49
1x46	60	28	27	14	45	24	9
1x46	7	14	17	59	56	18	47
1x46	7	6	1	41	2	53	11
1x46	8	21	9	53	23	57	15
1x46	9	21	57	29	10	23	11
1x46	9	32	51	11	34	27	10
1x46	9	41	59	36	4	6	44
1x46	9	42	24	34	4	52	36
1x47	1	25	27	17	13	53	21
1x47	1	58	17	38	4	7	18
1x47	10	55	57	13	56	41	17
1x47	11	19	20	44	46	7	30
1x47	11	24	5	34	40	19	45
1x47	11	38	15	48	52	58	18
1x47	11	40	3	12	9	16	2
1x47	11	60	34	16	53	50	2
1x47	12	20	49	2	8	6	16
1x47	12	30	14	43	51	3	58
1x47	12	31	6	13	38	44	43
1x47	12	40	1	26	18	28	14
1x47	12	41	10	46	60	49	21
1x47	12	5	25	27	3	31	10
1x47	12	50	9	28	51	18	55
1x47	13	11	59	46	57	56	17
1x47	13	7	41	49	30	25	14
1x47	14	30	12	32	58	54	37
1x47	14	33	22	26	2	59	57
1x47	14	36	4	49	9	30	32
1x47	15	20	30	37	40	45	41
1x47	15	9	44	18	49	20	7
1x47	17	26	20	25	50	58	45
1x47	17	30	6	43	45	51	3
1x47	18	12	16	40	39	6	11
1x47	18	37	13	40	44	4	14
1x47	18	44	48	43	24	17	58
1x47	19	20	7	8	3	37	59
1x47	19	24	59	44	1	11	36
1x47	19	30	13	35	39	8	20
1x47	19	4	33	3	23	26	39
1x47	19	52	8	14	38	57	10
1x47	19	59	55	18	42	11	31
1x47	2	17	11	1	5	45	56
1x47	2	31	35	51	29	21	57
1x47	2	41	1	42	10	57	14
1x47	2	45	18	40	50	12	17
1x47	20	17	16	43	54	49	15
1x47	20	9	3	24	12	8	37
1x47	21	10	52	11	53	19	49
1x47	21	11	5	20	29	9	44
1x47	21	37	17	42	10	51	11
1x47	22	12	52	11	50	26	29
1x47	22	56	26	2	41	17	10
1x47	23	24	51	60	3	21	36
1x47	24	10	6	13	55	36	23
1x47	24	17	52	18	19	34	49
1x47	24	44	51	11	40	32	5
1x47	25	19	20	46	40	11	27
1x47	25	4	29	41	49	52	57
1x47	25	58	43	40	30	52	23
1x47	26	13	3	60	46	48	2
1x47	26	2	50	35	51	33	43
1x47	26	35	44	1	52	9	32
1x47	26	40	4	20	12	25	36
1x47	26	40	59	51	7	5	4
1x47	26	42	52	14	45	28	29
1x47	26	51	19	5	46	56	6
1x47	26	55	40	9	50	8	16
1x47	27	31	11	45	19	40	10
1x47	27	54	7	25	48	9	15
1x47	29	3	9	4	12	51	32
1x47	3	23	9	4	33	11	58
1x47	3	25	4	20	42	13	35
1x47	3	37	50	17	13	46	25
1x47	3	46	53	1	59	54	44
1x47	30	2	37	17	49	29	44
1x47	30	9	8	54	53	27	16
1x47	31	2	6	48	7	8	4
1x47	31	38	51	12	35	37	4
1x47	31	48	23	45	57	35	56
1x47	32	44	12	37	3	30	40
1x47	33	39	51	6	60	57	36
1x47	33	49	19	54	17	11	44
1x47	34	58	1	37	31	49	40
1x47	34	9	49	54	35	22	26
1x47	35	1	39	8	27	17	49
1x47	35	11	6	12	8	22	2
1x47	35	27	21	19	20	36	11
1x47	35	32	27	40	46	58	53
1x47	35	50	19	15	34	51	60
1x47	35	52	25	59	43	26	51
1x47	36	17	46	34	28	52	11
1x47	37	13	34	57	46	21	50
1x47	37	17	50	45	3	25	58
1x47	37	20	50	1	10	7	58
1x47	37	50	1	60	46	43	12
1x47	38	41	19	15	24	60	16
1x47	38	54	60	29	34	42	51
1x47	39	50	53	46	3	26	23
1x47	4	7	39	59	10	43	19
1x47	40	16	2	10	46	59	33
1x47	40	19	54	28	16	44	46
1x47	40	2	1	4	43	18	16
1x47	40	52	12	20	16	38	26
1x47	41	23	46	32	59	38	3
1x47	41	23	53	34	54	16	46
1x47	41	30	46	60	36	54	58
1x47	41	33	32	2	4	1	21
1x47	41	39	21	2	25	49	26
1x47	42	15	44	49	46	23	40
1x47	42	4	26	20	23	45	21
1x47	43	25	11	33	10	58	51
1x47	43	35	60	17	32	38	15
1x47	44	28	52	3	14	30	7
1x47	44	34	42	1	26	35	22
1x47	44	42	52	59	60	54	29
1x47	44	50	59	55	48	29	39
1x47	45	38	36	59	12	11	5
1x47	45	56	57	29	7	41	40
1x47	46	25	54	39	12	40	5
1x47	46	59	38	11	42	9	52
1x47	46	6	21	4	60	31	13
1x47	46	7	26	34	53	10	5
1x47	48	13	3	15	31	46	26
1x47	48	15	11	5	56	45	10
1x47	48	16	25	46	58	10	40
1x47	49	6	5	12	39	55	3
1x47	49	9	27	46	24	30	60
1x47	5	23	38	55	50	19	59
1x47	5	30	44	50	10	48	6
1x47	50	13	15	39	12	21	57
1x47	50	5	9	32	20	25	13
1x47	50	53	36	28	44	38	34
1x47	50	7	21	60	20	13	56
1x47	51	33	1	12	34	17	46
1x47	51	37	33	19	38	18	41
1x47	51	59	7	44	1	24	20
1x47	52	46	2	54	4	1	36
1x47	52	56	28	11	26	22	10
1x47	53	28	14	6	42	7	2
1x47	54	27	52	60	18	51	58
1x47	55	11	13	49	45	20	31
1x47	55	26	57	39	11	8	25
1x47	55	33	27	20	12	34	1
1x47	56	32	36	54	43	1	24
1x47	57	25	11	8	3	50	54
1x47	57	34	59	5	42	28	43
1x47	57	34	8	46	31	3	12
1x47	57	53	31	1	41	8	29
1x47	58	1	22	48	27	40	41
1x47	58	40	20	12	55	46	4
1x47	58	50	53	20	35	41	29
1x47	58	55	6	27	57	34	10
1x47	59	45	9	7	46	4	44
1x47	59	49	43	3	39	54	21
1x47	6	32	4	1	58	49	45
1x47	6	38	5	14	16	27	51
1x47	6	8	1	29	48	37	33
1x47	60	19	20	50	38	36	4
1x47	7	19	37	40	4	12	22
1x47	7	30	52	57	54	48	33
1x47	7	42	23	39	21	19	18
1x47	8	19	39	32	25	54	18
1x47	8	24	18	45	36	3	39
1x47	8	27	3	32	38	23	18
1x47	8	43	35	39	53	49	25
1x47	9	27	18	6	59	17	4
1x47	9	52	6	16	32	23	46
1x48	1	25	7	13	50	24	40
1x48	1	7	49	42	17	56	31
1x48	10	25	1	7	24	58	35
1x48	10	34	49	53	50	36	38
1x48	10	40	17	37	6	32	25
1x48	10	44	19	58	11	42	49
1x48	10	45	3	52	55	13	38
1x48	11	17	39	42	51	5	9
1x48	11	21	14	49	1	26	36
1x48	11	7	29	24	54	16	36
1x48	12	30	28	15	49	43	38
1x48	12	44	31	16	30	9	22
1x48	12	54	53	22	42	17	1
1x48	13	22	37	39	54	6	4
1x48	13	28	10	12	46	39	4
1x48	13	42	4	39	20	56	27
1x48	14	24	3	55	33	20	59
1x48	14	27	52	49	11	60	23
1x48	14	3	18	39	36	25	50
1x48	14	46	58	1	43	37	29
1x48	15	17	6	32	35	54	60
1x48	15	28	7	30	57	29	44
1x48	15	6	56	57	60	29	45
1x48	16	22	43	38	15	9	51
1x48	17	22	56	31	58	4	45
1x48	17	23	32	7	25	1	3
1x48	17	29	3	14	7	51	54
1x48	17	31	34	40	33	2	38
1x48	17	44	50	43	53	57	52
1x48	17	60	41	34	25	21	18
1x48	18	37	34	32	45	47	21
1x48	19	16	60	45	32	58	55
1x48	19	34	30	15	56	51	4
1x48	2	12	5	22	41	20	25
1x48	2	26	25	10	3	53	24
1x48	2	30	28	36	41	50	35
1x48	2	31	59	13	36	50	8
1x48	20	18	47	43	26	11	12
1x48	21	34	42	29	58	7	57
1x48	21	51	42	25	35	29	55
1x48	21	7	2	36	46	14	37
1x48	22	3	30	47	14	39	44
1x48	23	12	35	50	36	39	57
1x48	23	28	27	40	41	14	24
1x48	24	1	50	42	2	49	4
1x48	24	18	37	13	3	58	30
1x48	24	38	11	10	41	27	1
1x48	24	44	4	52	10	34	21
1x48	25	11	40	34	59	1	39
1x48	25	41	10	46	18	28	27
1x48	25	42	47	13	2	22	32
1x48	25	49	35	30	42	53	59
1x48	25	56	35	27	32	52	17
1x48	26	22	24	8	50	47	52
1x48	26	55	51	46	34	10	39
1x48	28	43	38	40	7	56	12
1x48	29	15	18	42	13	12	53
1x48	29	20	19	24	30	9	4
1x48	29	24	28	9	52	21	34
1x48	3	24	5	14	29	27	37
1x48	30	22	14	31	21	52	10
1x48	30	35	26	18	10	60	59
1x48	30	38	42	47	31	10	15
1x48	30	49	16	17	3	60	31
1x48	32	20	15	41	35	25	29
1x48	32	23	58	16	6	21	11
1x48	32	30	45	43	20	38	49
1x48	32	8	3	37	13	17	9
1x48	34	15	2	6	49	23	51
1x48	34	57	16	56	35	30	51
1x48	35	21	56	52	43	8	17
1x48	35	23	29	52	6	9	2
1x48	35	54	5	14	40	56	23
1x48	36	25	9	14	30	4	59
1x48	37	56	43	20	29	35	58
1x48	38	11	27	23	36	1	53
1x48	38	5	11	1	30	16	4
1x48	39	29	18	9	44	21	12
1x48	39	40	8	32	5	31	35
1x48	39	49	32	53	17	7	31
1x48	39	58	57	60	12	7	55
1x48	4	14	9	23	45	47	5
1x48	4	16	54	1	52	7	35
1x48	4	35	53	27	2	26	47
1x48	4	51	28	15	29	13	39
1x48	4	58	40	20	17	38	8
1x48	40	31	22	5	51	10	60
1x48	40	35	47	50	11	34	7
1x48	40	47	23	42	29	21	52
1x48	41	10	16	58	22	52	27
1x48	41	12	22	32	13	11	33
1x48	41	14	12	34	23	42	50
1x48	41	39	26	46	27	3	16
1x48	41	42	6	50	18	20	55
1x48	41	43	2	50	34	8	54
1x48	41	9	21	42	39	13	49
1x48	42	32	20	27	14	58	47
1x48	42	43	46	27	51	34	5
1x48	43	55	24	51	3	14	42
1x48	43	7	32	34	59	38	47
1x48	45	29	19	3	50	18	33
1x48	45	55	59	18	58	34	53
1x48	46	12	15	34	32	38	2
1x48	46	19	55	30	22	44	12
1x48	46	3	13	6	51	14	53
1x48	46	59	13	28	53	36	51
1x48	46	59	2	12	51	17	39
1x48	47	44	8	2	50	14	28
1x48	47	51	7	2	27	26	23
1x48	49	31	34	35	2	56	1
1x48	5	46	25	7	40	45	4
1x48	5	53	8	17	44	34	40
1x48	5	55	60	26	38	37	56
1x48	50	17	19	26	37	40	1
1x48	50	4	60	1	8	3	47
1x48	50	43	33	32	12	59	20
1x48	51	3	28	54	16	30	18
1x48	51	3	53	24	59	1	16
1x48	51	38	21	29	40	59	24
1x48	51	6	36	19	15	59	40
1x48	52	10	8	29	20	47	50
1x48	52	28	32	24	22	42	44
1x48	52	6	10	46	13	5	44
1x48	53	12	22	13	8	5	19
1x48	53	20	24	44	43	29	42
1x48	53	25	60	56	22	23	55
1x48	53	4	32	34	12	27	44
1x48	53	41	5	21	60	47	31
1x48	54	1	12	53	7	38	37
1x48	54	14	34	4	9	35	24
1x48	54	57	5	43	51	44	32
1x48	54	59	2	49	27	47	4
1x48	54	7	35	22	16	49	28
1x48	55	11	57	1	2	13	27
1x48	55	25	28	10	36	52	8
1x48	56	26	36	28	8	6	21
1x48	56	40	9	58	59	44	45
1x48	56	50	36	55	22	42	24
1x48	56	6	38	59	11	17	41
1x48	57	10	13	32	6	26	18
1x48	57	23	55	29	5	44	30
1x48	58	26	14	16	1	60	31
1x48	59	27	50	52	29	46	43
1x48	6	10	38	7	21	45	44
1x48	6	28	23	17	41	26	53
1x48	6	57	30	17	32	7	52
1x48	6	7	8	16	11	23	24
1x48	7	12	41	22	33	6	51
1x48	7	37	20	19	11	51	26
1x48	7	40	20	2	34	14	32
1x48	8	27	44	15	45	36	19
1x48	8	58	11	12	39	28	42
1x48	8	7	43	41	58	37	40
1x48	9	21	31	2	12	45	47
1x48	9	46	33	2	11	49	38
1x48	9	56	43	45	59	25	57
1x49	1	11	24	30	42	14	27
1x49	1	31	10	56	52	11	6
1x49	1	53	16	36	50	28	17
1x49	10	28	8	12	54	27	50
1x49	10	31	19	12	52	21	38
1x49	10	43	58	16	25	9	60
1x49	10	59	4	23	52	12	20
1x49	12	25	20	56	8	3	51
1x49	13	1	5	41	60	44	27
1x49	13	24	30	4	1	2	56
1x49	13	39	12	54	53	27	35
1x49	13	40	57	15	11	7	28
1x49	13	41	29	8	4	7	34
1x49	14	39	11	9	20	35	27
1x49	14	46	45	58	8	37	9
1x49	15	12	60	9	28	59	27
1x49	15	25	10	4	28	22	21
1x49	15	50	32	28	21	47	19
1x49	15	56	41	16	19	4	58
1x49	15	59	4	46	32	20	56
1x49	16	45	2	37	50	55	43
1x49	17	26	21	37	15	8	10
1x49	17	47	37	60	14	41	44
1x49	17	8	16	4	28	58	22
1x49	18	20	4	12	59	8	46
1x49	18	21	52	16	60	25	38
1x49	18	43	29	25	1	30	20
1x49	18	55	11	5	7	53	26
1x49	19	32	14	30	58	41	15
1x49	19	44	15	28	39	56	58
1x49	19	47	52	45	35	43	23
1x49	19	54	27	58	25	59	13
1x49	19	58	18	38	21	27	11
1x49	2	13	58	46	36	44	29
1x49	2	26	57	14	6	38	52
1x49	2	29	54	35	40	52	4
1x49	2	36	52	20	28	24	11
1x49	2	55	10	37	56	21	51
1x49	20	1	53	43	42	31	23
1x49	20	23	21	16	48	46	47
1x49	20	39	25	44	7	50	48
1x49	20	4	45	39	31	38	60
1x49	20	44	48	38	45	42	23
1x49	21	12	36	60	50	58	14
1x49	21	19	7	55	16	6	10
1x49	21	33	29	27	40	58	10
1x49	21	8	57	47	24	34	50
1x49	22	2	42	59	51	40	52
1x49	22	54	52	27	56	35	4
1x49	22	57	26	3	32	31	54
1x49	23	16	42	4	9	34	25
1x49	23	25	24	33	41	10	50
1x49	23	42	27	1	4	52	41
1x49	23	48	25	16	38	54	39
1x49	24	21	14	38	34	40	42
1x49	24	35	56	26	58	18	54
1x49	24	43	33	58	13	53	9
1x49	25	47	50	57	51	33	9
1x49	25	55	51	41	26	57	24
1x49	26	29	40	38	35	12	11
1x49	26	43	7	5	4	19	32
1x49	26	50	21	54	8	42	39
1x49	27	58	41	25	5	48	26
1x49	28	18	57	60	54	2	30
1x49	28	19	34	6	38	21	7
1x49	28	6	15	16	52	13	46
1x49	28	6	3	39	50	5	1
1x49	29	27	56	59	8	47	46
1x49	3	59	21	23	4	5	41
1x49	3	60	18	8	12	4	2
1x49	30	16	51	54	55	15	59
1x49	30	52	29	33	10	18	53
1x49	31	10	21	36	26	58	14
1x49	31	22	32	44	19	30	57
1x49	31	38	57	28	51	35	33
1x49	31	44	11	29	21	5	20
1x49	31	57	39	56	50	30	38
1x49	31	6	5	33	29	35	24
1x49	31	7	50	37	30	2	1
1x49	32	25	12	29	9	14	22
1x49	32	4	8	43	34	16	56
1x49	32	42	19	36	3	2	38
1x49	33	48	10	36	51	38	60
1x49	34	1	22	57	10	51	20
1x49	34	18	30	41	52	36	28
1x49	34	53	3	60	9	15	8
1x49	34	59	31	45	28	19	39
1x49	35	10	8	32	23	34	25
1x49	35	14	34	37	26	46	25
1x49	35	19	17	56	32	29	58
1x49	35	19	59	30	42	36	15
1x49	35	41	30	15	29	40	55
1x49	35	42	60	18	33	48	53
1x49	35	51	1	36	2	57	12
1x49	35	56	1	4	9	36	51
1x49	36	25	13	50	9	10	51
1x49	36	38	57	22	43	60	3
1x49	36	52	35	38	23	42	55
1x49	37	33	34	13	41	28	32
1x49	38	39	32	52	2	57	10
1x49	39	15	14	11	58	7	10
1x49	39	15	31	12	3	35	37
1x49	39	29	54	10	45	14	18
1x49	39	4	29	37	54	27	16
1x49	4	28	44	38	32	33	55
1x49	4	60	45	22	30	23	3
1x49	4	9	35	2	5	14	53
1x49	40	39	6	13	57	54	12
1x49	40	56	8	23	60	46	59
1x49	41	31	2	13	26	6	50
1x49	41	51	17	36	28	7	10
1x49	42	20	3	43	46	30	11
1x49	42	20	51	17	55	11	3
1x49	42	31	60	21	20	4	27
1x49	42	5	14	51	46	45	16
1x49	43	18	54	13	26	38	5
1x49	43	34	7	10	44	55	45
1x49	43	39	15	16	9	12	6
1x49	43	42	33	30	27	10	34
1x49	43	60	32	33	56	53	16
1x49	44	33	50	5	29	42	34
1x49	45	22	48	31	8	57	41
1x49	45	40	59	21	55	25	30
1x49	45	42	37	24	56	1	52
1x49	46	48	33	36	58	41	45
1x49	46	7	37	48	8	17	9
1x49	47	18	40	59	6	10	4
1x49	47	25	45	41	14	23	46
1x49	47	29	52	5	26	23	41
1x49	47	30	40	35	23	37	8
1x49	47	59	18	41	19	57	46
1x49	48	35	38	8	22	31	27
1x49	48	37	15	28	16	24	38
1x49	48	37	18	42	16	23	22
1x49	48	43	50	52	35	17	15
1x49	48	54	39	16	12	2	26
1x49	5	11	15	14	57	45	22
1x49	5	17	45	58	55	36	11
1x49	5	29	32	46	43	60	16
1x49	5	37	17	20	57	7	34
1x49	5	56	51	32	3	9	59
1x49	50	18	46	21	53	28	36
1x49	50	37	36	3	7	34	43
1x49	50	45	53	52	6	20	2
1x49	51	3	17	53	6	27	31
1x49	51	35	12	57	6	28	17
1x49	51	42	36	38	58	53	4
1x49	51	8	41	56	7	52	58
1x49	52	53	19	5	32	17	22
1x49	53	1	58	34	9	45	6
1x49	53	4	47	7	25	20	30
1x49	53	41	22	38	12	3	54
1x49	54	35	26	3	28	44	58
1x49	54	59	25	17	11	8	12
1x49	56	31	43	44	2	46	42
1x49	57	12	19	37	9	23	33
1x49	57	15	7	9	25	37	52
1x49	57	16	32	37	46	26	9
1x49	57	2	36	31	4	53	21
1x49	57	30	44	43	35	41	7
1x49	57	32	53	8	42	33	5
1x49	57	5	56	7	28	1	52
1x49	59	12	10	45	7	41	29
1x49	59	22	30	27	3	19	16
1x49	59	33	48	53	57	52	12
1x49	59	33	5	18	20	52	44
1x49	59	34	42	1	58	45	9
1x49	59	41	34	17	24	23	3
1x49	59	52	14	37	1	12	38
1x49	6	12	29	19	33	47	7
1x49	6	48	58	8	21	29	42
1x49	60	16	26	28	38	1	3
1x49	60	27	58	38	3	45	55
1x49	7	20	24	55	50	39	2
1x49	7	3	51	28	46	37	33
1x49	7	36	52	40	25	29	41
1x49	7	52	14	57	3	43	36
1x49	7	8	33	24	36	29	48
1x49	8	35	26	41	39	13	57
1x49	8	38	39	26	59	33	5
1x49	8	55	44	21	5	25	39
1x49	9	20	42	5	46	22	19
1x49	9	21	23	30	26	51	44
1x49	9	23	44	28	59	42	5
1x49	9	24	51	55	22	56	60
1x49	9	39	5	29	22	46	53
1x49	9	41	45	54	11	21	28
1x49	9	42	29	58	41	17	52
1x5	10	27	36	41	2	31	54
1x5	11	17	26	9	53	40	6
1x5	11	41	34	33	37	14	49
1x5	11	60	38	12	3	34	29
1x5	12	14	13	27	53	8	40
1x5	12	31	29	60	38	54	47
1x5	12	54	21	36	37	58	7
1x5	13	33	22	56	59	31	1
1x5	13	55	52	24	29	49	57
1x5	13	57	59	17	58	48	16
1x5	14	39	34	38	2	17	49
1x5	14	39	35	37	24	3	60
1x5	14	55	43	59	7	4	12
1x5	15	19	40	4	18	51	42
1x5	15	34	10	24	48	23	59
1x5	16	14	27	46	9	13	7
1x5	16	17	38	14	55	30	51
1x5	16	22	36	4	55	11	32
1x5	17	19	37	40	31	18	32
1x5	17	30	22	41	39	24	11
1x5	17	49	8	60	19	31	14
1x5	18	11	60	14	59	2	10
1x5	18	33	28	56	44	8	36
1x5	18	48	25	42	35	46	27
1x5	2	35	13	45	54	19	56
1x5	2	36	34	22	51	55	19
1x5	2	48	35	54	8	56	58
1x5	2	58	43	38	11	15	8
1x5	20	33	50	38	60	30	40
1x5	21	39	55	53	8	30	38
1x5	23	18	42	9	4	45	12
1x5	23	44	20	51	39	36	37
1x5	23	55	18	15	9	59	2
1x5	25	3	54	35	23	6	29
1x5	25	32	35	37	38	27	2
1x5	25	50	26	6	9	38	43
1x5	26	34	43	37	57	50	9
1x5	26	6	12	38	58	3	54
1x5	27	10	31	3	6	53	60
1x5	27	28	39	10	9	18	19
1x5	27	3	4	32	13	45	31
1x5	27	32	43	28	38	58	39
1x5	27	43	21	55	34	31	40
1x5	28	11	44	50	34	38	4
1x5	28	3	30	22	53	57	35
1x5	28	45	1	37	20	19	39
1x5	28	7	16	56	10	47	35
1x5	29	12	22	42	52	15	39
1x5	29	12	56	3	41	14	11
1x5	29	41	8	13	40	58	4
1x5	29	45	37	23	17	54	59
1x5	3	1	44	21	45	42	55
1x5	30	3	12	24	27	49	10
1x5	30	8	17	6	43	28	29
1x5	30	9	27	41	60	58	15
1x5	31	3	20	25	37	46	30
1x5	31	32	1	55	45	48	8
1x5	31	55	38	17	16	53	49
1x5	32	27	51	47	21	52	41
1x5	33	29	16	2	18	13	53
1x5	33	38	46	18	2	36	45
1x5	33	49	4	22	6	55	30
1x5	33	51	42	36	53	13	28
1x5	33	8	16	18	41	11	26
1x5	34	15	16	18	28	30	8
1x5	34	27	35	23	53	7	39
1x5	34	30	46	18	57	50	17
1x5	34	37	14	11	6	24	33
1x5	36	14	45	24	18	4	20
1x5	36	15	42	12	32	43	3
1x5	36	21	54	43	6	32	51
1x5	36	51	42	15	22	43	35
1x5	36	7	13	57	49	40	33
1x5	37	21	54	30	20	16	24
1x5	38	51	18	44	20	36	17
1x5	39	24	16	54	15	21	18
1x5	39	34	22	23	28	14	37
1x5	39	44	18	22	13	55	50
1x5	4	20	49	54	50	51	53
1x5	4	32	46	28	21	53	27
1x5	40	35	4	47	11	36	48
1x5	40	54	46	7	8	24	27
1x5	41	31	4	51	26	11	6
1x5	41	35	50	11	26	25	34
1x5	41	6	59	8	42	13	14
1x5	42	46	39	60	20	56	2
1x5	42	49	57	52	23	26	53
1x5	42	8	39	49	12	15	41
1x5	43	22	59	6	42	31	12
1x5	43	44	4	56	45	55	40
1x5	44	45	10	2	8	28	32
1x5	44	46	14	33	38	7	45
1x5	44	47	12	15	10	50	2
1x5	44	53	10	15	29	11	41
1x5	45	10	12	39	13	38	4
1x5	45	53	9	41	25	10	13
1x5	46	33	42	36	25	32	12
1x5	47	11	55	29	19	8	4
1x5	47	22	12	34	40	48	1
1x5	47	26	33	8	50	54	43
1x5	47	41	12	22	56	18	37
1x5	47	45	41	26	30	18	7
1x5	47	6	53	54	21	51	36
1x5	48	11	15	1	14	8	40
1x5	48	29	8	1	50	7	31
1x5	48	33	43	13	50	10	3
1x5	48	41	18	1	37	17	14
1x5	48	57	44	26	60	6	46
1x5	49	39	28	9	29	45	34
1x5	49	51	10	14	23	46	43
1x5	50	39	30	13	53	23	12
1x5	50	52	41	11	26	44	42
1x5	50	8	25	16	32	42	22
1x5	53	34	38	37	29	14	55
1x5	53	46	28	18	19	16	22
1x5	54	14	49	27	17	13	46
1x5	54	22	7	25	34	1	31
1x5	54	43	56	2	46	22	60
1x5	54	44	21	49	3	20	43
1x5	55	16	23	31	50	58	54
1x5	55	39	23	24	51	29	8
1x5	55	7	29	54	26	34	20
1x5	55	7	59	53	36	25	28
1x5	56	15	47	37	41	40	18
1x5	56	3	7	20	42	15	9
1x5	56	30	2	54	50	39	38
1x5	56	47	16	28	34	17	9
1x5	56	55	39	49	14	48	16
1x5	57	23	48	1	56	7	22
1x5	57	25	16	8	36	37	48
1x5	57	25	34	10	9	12	39
1x5	57	30	45	36	37	2	6
1x5	57	31	14	60	48	46	16
1x5	57	32	45	58	26	40	60
1x5	57	36	4	33	21	10	52
1x5	57	39	59	31	7	27	26
1x5	57	54	59	32	26	27	1
1x5	58	14	38	60	22	32	46
1x5	58	38	35	9	13	1	14
1x5	58	46	39	36	49	2	33
1x5	58	48	53	30	35	38	51
1x5	59	15	11	41	24	39	14
1x5	59	28	56	21	19	40	51
1x5	59	36	40	2	1	10	8
1x5	59	53	36	48	15	14	56
1x5	59	6	56	50	27	42	39
1x5	6	50	49	14	11	55	13
1x5	6	58	43	35	39	3	15
1x5	60	18	6	35	59	57	2
1x5	60	40	12	36	54	50	25
1x5	7	27	49	12	6	33	10
1x5	8	35	37	41	4	2	36
1x5	8	7	37	35	32	25	45
1x5	9	14	30	39	52	34	40
1x5	9	25	50	49	17	60	41
1x5	9	30	18	47	39	57	24
1x5	9	35	6	34	26	1	44
1x5	9	37	10	14	6	47	49
1x50	1	41	46	29	21	37	59
1x50	1	48	23	56	6	54	3
1x50	1	48	34	38	6	2	16
1x50	1	58	53	46	39	43	48
1x50	10	19	9	6	3	18	49
1x50	10	2	43	5	26	28	9
1x50	11	39	58	23	37	7	54
1x50	11	51	48	60	13	52	14
1x50	12	14	39	23	25	54	45
1x50	12	4	58	59	29	48	38
1x50	12	45	2	7	55	48	16
1x50	12	51	30	17	31	2	44
1x50	13	17	49	47	52	22	31
1x50	13	21	8	47	43	54	18
1x50	13	23	41	5	42	24	2
1x50	15	48	10	11	22	30	38
1x50	15	5	34	18	54	51	22
1x50	15	54	38	21	22	29	46
1x50	15	7	2	53	40	42	28
1x50	16	17	2	18	60	24	52
1x50	16	24	1	26	41	28	21
1x50	16	33	42	44	56	52	27
1x50	16	58	43	22	3	10	9
1x50	16	60	36	44	29	2	56
1x50	17	48	3	7	2	51	54
1x50	18	37	39	11	35	36	25
1x50	18	6	32	31	49	15	53
1x50	19	12	44	3	34	60	36
1x50	19	41	14	40	36	27	4
1x50	19	48	10	31	59	22	34
1x50	19	5	31	34	45	12	22
1x50	2	20	23	54	11	30	41
1x50	2	51	25	16	15	47	39
1x50	2	58	30	56	23	25	53
1x50	2	60	39	32	48	54	13
1x50	20	18	22	57	40	49	2
1x50	20	26	7	46	35	3	43
1x50	21	3	45	27	30	5	57
1x50	21	31	40	28	14	56	11
1x50	22	32	30	52	44	46	47
1x50	22	43	34	6	2	56	60
1x50	22	56	25	17	13	32	20
1x50	23	13	55	14	31	19	26
1x50	23	35	16	25	34	37	38
1x50	23	37	55	18	40	24	43
1x50	23	49	19	60	37	26	1
1x50	23	57	52	56	54	31	39
1x50	24	29	38	20	1	53	49
1x50	24	45	3	4	55	9	5
1x50	24	48	19	28	46	8	55
1x50	24	60	57	41	42	33	15
1x50	25	29	52	36	13	26	32
1x50	25	3	58	2	46	16	10
1x50	25	38	1	35	3	6	59
1x50	25	46	2	8	5	11	47
1x50	25	6	55	31	4	15	10
1x50	26	25	49	9	33	46	43
1x50	26	49	13	5	9	28	32
1x50	26	8	7	34	43	51	39
1x50	27	33	1	46	2	38	34
1x50	27	58	24	5	59	29	34
1x50	28	22	30	32	43	4	8
1x50	29	17	16	23	5	13	53
1x50	29	30	40	37	46	20	45
1x50	29	56	24	36	41	16	42
1x50	29	6	21	22	30	4	35
1x50	3	6	2	4	30	14	36
1x50	30	28	31	48	5	34	58
1x50	30	55	16	1	17	35	37
1x50	31	13	36	3	44	27	21
1x50	31	14	57	45	35	48	26
1x50	32	2	6	31	21	47	38
1x50	32	30	15	49	10	24	42
1x50	33	10	52	43	21	26	28
1x50	33	21	54	47	56	45	59
1x50	33	25	32	59	52	23	46
1x50	33	40	14	44	25	43	56
1x50	33	48	20	11	49	56	22
1x50	34	2	10	46	58	56	49
1x50	35	59	44	32	60	46	2
1x50	36	53	46	54	5	38	16
1x50	36	54	57	26	13	15	11
1x50	36	60	45	24	49	52	47
1x50	37	39	45	42	16	13	1
1x50	37	57	10	38	19	24	60
1x50	37	58	40	16	26	46	56
1x50	37	8	32	26	42	17	52
1x50	38	18	23	9	22	42	12
1x50	38	30	21	5	6	57	45
1x50	38	35	23	8	49	37	36
1x50	38	5	45	30	54	10	21
1x50	39	30	7	28	9	44	54
1x50	39	43	30	42	8	34	25
1x50	4	13	39	8	26	19	47
1x50	40	25	12	5	18	33	16
1x50	40	32	51	58	45	10	5
1x50	40	60	1	43	24	27	49
1x50	41	48	25	53	58	13	43
1x50	41	48	47	38	39	55	26
1x50	41	54	1	24	52	49	7
1x50	42	28	40	10	58	39	31
1x50	42	44	31	48	9	37	58
1x50	43	16	7	34	14	13	20
1x50	44	27	20	45	24	22	12
1x50	44	48	41	42	51	9	30
1x50	44	57	56	42	48	15	23
1x50	45	3	30	23	43	13	9
1x50	45	40	13	4	49	16	5
1x50	45	43	44	27	13	53	2
1x50	45	7	42	14	11	2	24
1x50	46	16	14	20	3	44	33
1x50	46	19	41	9	31	60	6
1x50	46	36	4	1	43	27	19
1x50	46	47	13	9	23	25	12
1x50	46	51	5	37	56	20	39
1x50	47	10	15	60	35	46	27
1x50	47	25	2	56	26	27	43
1x50	47	34	7	45	22	41	52
1x50	47	43	41	21	9	32	31
1x50	47	60	35	25	14	42	28
1x50	49	1	45	35	38	55	60
1x50	49	17	7	29	33	47	41
1x50	49	39	20	51	23	47	18
1x50	49	40	34	58	46	9	54
1x50	49	45	35	29	4	54	57
1x50	5	42	30	49	41	45	6
1x50	51	18	22	20	56	4	40
1x50	51	7	41	26	21	42	11
1x50	52	15	36	31	49	2	38
1x50	52	20	28	2	56	14	48
1x50	53	11	27	20	35	36	3
1x50	53	20	16	57	17	5	19
1x50	54	43	16	32	47	13	55
1x50	54	6	24	60	17	8	35
1x50	55	12	24	37	20	47	22
1x50	55	17	25	29	44	57	59
1x50	55	23	59	6	51	36	7
1x50	55	53	18	2	13	38	6
1x50	56	20	40	13	57	54	41
1x50	56	28	2	5	44	46	4
1x50	56	46	3	29	40	26	8
1x50	57	23	36	18	8	17	46
1x50	57	26	55	44	7	18	52
1x50	57	51	58	52	27	30	41
1x50	58	11	46	30	29	21	7
1x50	58	35	37	38	51	19	56
1x50	58	49	16	12	2	47	10
1x50	58	8	6	55	9	39	46
1x50	59	20	37	32	58	15	22
1x50	59	22	10	44	43	37	18
1x50	6	29	59	16	36	35	55
1x50	6	40	24	21	46	28	11
1x50	6	51	43	27	38	8	34
1x50	6	53	45	55	59	47	13
1x50	6	54	30	42	39	2	11
1x50	60	33	48	20	26	49	14
1x50	60	40	58	32	42	59	6
1x50	60	44	45	38	40	31	47
1x50	7	3	36	24	5	35	47
1x50	8	1	5	58	3	10	60
1x50	8	3	19	44	45	6	38
1x50	8	32	13	21	5	55	25
1x50	8	36	56	18	30	52	9
1x50	8	40	28	41	17	29	60
1x50	8	44	45	7	25	51	49
1x50	8	51	21	22	34	57	40
1x50	9	30	29	45	26	44	4
1x50	9	56	45	36	47	44	39
1x51	1	56	50	6	32	37	47
1x51	1	59	2	6	17	37	3
1x51	10	37	7	16	31	59	15
1x51	10	40	28	31	17	48	5
1x51	10	48	14	21	19	15	25
1x51	10	6	38	21	11	41	20
1x51	11	56	36	23	37	50	47
1x51	12	18	14	55	34	20	26
1x51	12	24	31	37	6	60	47
1x51	12	39	6	10	24	3	33
1x51	12	42	56	35	27	17	28
1x51	12	47	29	9	37	40	34
1x51	13	20	47	48	55	37	41
1x51	13	8	1	9	23	35	20
1x51	14	37	2	40	20	59	28
1x51	16	12	6	36	10	45	42
1x51	16	22	39	1	18	48	36
1x51	16	43	14	50	18	48	56
1x51	16	49	17	7	11	43	46
1x51	16	56	60	45	11	14	43
1x51	16	9	8	22	50	27	31
1x51	17	16	6	25	26	53	27
1x51	18	32	54	31	43	28	36
1x51	18	57	47	28	3	21	32
1x51	19	31	22	21	9	38	55
1x51	19	50	44	60	55	43	37
1x51	2	18	53	50	10	6	28
1x51	2	49	31	19	3	14	22
1x51	2	55	57	7	45	26	48
1x51	22	41	32	26	27	49	50
1x51	22	46	34	14	57	28	26
1x51	22	52	33	1	41	49	37
1x51	22	9	42	41	31	40	30
1x51	23	44	4	47	58	34	15
1x51	23	45	25	31	12	35	49
1x51	23	46	1	33	59	19	43
1x51	24	45	7	57	27	10	59
1x51	25	22	24	38	23	57	43
1x51	25	27	49	31	45	14	33
1x51	25	57	28	50	1	6	23
1x51	25	58	50	60	24	30	10
1x51	26	13	6	42	28	9	49
1x51	26	2	1	34	43	56	19
1x51	26	39	47	17	33	5	52
1x51	26	45	41	17	29	37	59
1x51	27	36	48	39	29	47	33
1x51	28	15	49	3	27	18	14
1x51	29	14	25	10	8	23	24
1x51	29	5	40	32	58	57	26
1x51	29	56	19	1	37	4	17
1x51	29	58	30	25	50	38	23
1x51	3	13	11	43	15	50	20
1x51	3	15	26	34	60	22	20
1x51	3	41	35	13	45	53	37
1x51	3	9	14	16	11	38	55
1x51	31	35	27	42	33	30	15
1x51	31	41	20	1	36	32	37
1x51	34	35	50	28	19	23	54
1x51	34	54	7	20	24	32	41
1x51	34	58	17	44	7	23	29
1x51	35	14	11	56	32	58	55
1x51	35	23	33	3	34	9	25
1x51	36	2	25	11	5	49	13
1x51	36	23	48	5	47	42	43
1x51	36	30	26	13	15	41	54
1x51	36	47	9	45	41	27	56
1x51	37	1	40	45	32	30	27
1x51	37	14	15	1	55	29	2
1x51	37	22	57	39	11	14	23
1x51	38	19	49	21	9	47	48
1x51	38	4	8	59	44	60	36
1x51	38	41	7	30	43	8	24
1x51	38	42	26	14	23	37	2
1x51	38	49	48	19	18	46	43
1x51	39	17	10	43	34	55	46
1x51	39	54	27	30	25	3	45
1x51	4	15	38	11	44	1	33
1x51	4	18	54	37	24	20	12
1x51	4	25	39	2	5	24	32
1x51	40	2	42	25	11	30	32
1x51	40	24	33	8	20	39	23
1x51	40	42	26	2	7	16	13
1x51	41	22	9	50	57	20	53
1x51	41	26	1	5	17	45	12
1x51	41	48	6	33	3	32	25
1x51	41	49	39	42	1	37	40
1x51	41	53	33	2	6	44	13
1x51	41	6	54	35	34	38	12
1x51	42	1	21	28	15	13	18
1x51	42	33	14	13	34	40	15
1x51	42	5	24	44	15	20	59
1x51	43	1	31	6	10	39	4
1x51	43	17	58	46	14	29	49
1x51	43	25	60	57	12	41	8
1x51	43	29	30	20	54	11	44
1x51	44	41	59	40	37	25	3
1x51	45	24	12	33	17	31	46
1x51	45	26	22	50	49	38	6
1x51	45	44	47	35	22	17	49
1x51	45	60	55	59	52	47	24
1x51	46	11	41	54	56	49	12
1x51	46	13	30	6	34	57	20
1x51	46	2	9	14	42	48	17
1x51	46	23	16	15	52	38	34
1x51	46	27	26	56	19	50	38
1x51	46	29	17	27	15	21	25
1x51	46	39	53	10	50	32	17
1x51	46	47	24	35	3	8	53
1x51	46	52	12	9	40	47	19
1x51	47	16	44	41	53	6	7
1x51	47	55	54	37	25	13	30
1x51	48	41	13	16	37	3	42
1x51	49	42	54	10	31	41	22
1x51	5	14	6	59	24	20	49
1x51	50	42	35	60	44	54	30
1x51	52	49	16	18	9	25	34
1x51	53	30	57	2	33	19	36
1x51	53	50	11	32	21	59	38
1x51	54	46	60	36	13	21	47
1x51	55	28	18	47	36	15	31
1x51	55	42	37	48	28	45	50
1x51	57	28	48	11	23	36	24
1x51	57	35	43	9	37	23	39
1x51	57	52	36	12	1	24	54
1x51	57	58	35	27	10	42	48
1x51	58	10	6	39	7	37	21
1x51	58	33	16	41	38	27	56
1x51	58	35	43	31	30	12	16
1x51	58	7	12	47	34	25	37
1x51	59	26	39	21	53	2	3
1x51	59	44	56	21	38	14	33
1x51	59	46	26	8	19	53	55
1x51	6	2	7	30	46	23	44
1x51	6	33	21	24	13	45	19
1x51	6	5	9	50	8	4	31
1x51	6	60	31	50	23	45	22
1x51	60	2	42	33	57	44	24
1x51	60	27	24	4	22	45	21
1x51	60	33	47	54	12	29	56
1x51	60	57	46	24	10	9	53
1x51	60	6	33	28	42	31	34
1x51	7	13	55	12	53	48	38
1x51	7	47	53	14	25	28	38
1x51	7	56	50	47	3	23	40
1x51	8	1	6	19	49	9	32
1x51	8	21	47	40	11	31	9
1x51	8	23	15	28	43	7	40
1x51	9	10	40	16	55	6	4
1x51	9	19	50	38	54	8	14
1x51	9	23	24	2	34	19	44
1x51	9	4	21	58	47	25	13
1x51	9	5	25	29	2	50	55
1x52	1	10	14	31	37	34	7
1x52	1	20	41	57	49	35	44
1x52	1	25	47	43	29	17	15
1x52	1	27	25	22	46	2	58
1x52	1	50	21	4	19	5	28
1x52	1	60	31	46	49	27	2
1x52	10	21	55	2	27	45	30
1x52	10	43	7	9	27	42	21
1x52	10	60	58	42	56	54	30
1x52	11	42	36	45	17	40	5
1x52	12	44	9	13	22	33	41
1x52	14	32	1	13	11	53	25
1x52	14	4	23	57	50	22	24
1x52	14	49	11	2	35	60	26
1x52	14	54	16	53	45	4	39
1x52	14	54	38	40	34	6	22
1x52	14	59	51	22	19	2	41
1x52	15	10	3	44	4	14	42
1x52	15	20	2	21	27	9	37
1x52	15	32	18	38	39	58	12
1x52	15	38	25	8	18	45	37
1x52	15	53	5	21	12	29	13
1x52	16	3	5	44	51	10	29
1x52	16	4	42	33	5	11	45
1x52	16	46	45	35	17	18	49
1x52	16	53	55	29	8	48	20
1x52	16	55	35	20	13	45	50
1x52	17	14	36	5	8	16	54
1x52	17	51	60	30	40	15	36
1x52	18	30	7	29	20	2	22
1x52	18	53	43	4	19	47	31
1x52	19	50	20	13	53	14	10
1x52	19	56	38	46	12	1	7
1x52	19	6	1	13	43	25	24
1x52	20	21	50	56	46	19	18
1x52	21	10	13	57	45	41	34
1x52	21	6	27	37	47	12	16
1x52	22	54	41	28	7	42	45
1x52	22	59	45	48	33	36	1
1x52	23	30	53	41	58	16	25
1x52	24	11	27	31	49	23	26
1x52	24	13	51	40	19	21	3
1x52	24	32	55	56	50	13	34
1x52	24	50	4	36	37	17	57
1x52	24	8	11	39	38	56	5
1x52	25	39	14	57	60	51	42
1x52	25	59	54	18	15	17	2
1x52	26	20	33	34	8	40	1
1x52	26	49	36	41	11	3	56
1x52	26	57	36	41	23	49	48
1x52	27	19	5	48	20	15	59
1x52	27	8	32	24	2	37	11
1x52	28	27	9	6	47	56	3
1x52	28	39	46	57	1	19	50
1x52	28	47	9	46	16	15	48
1x52	28	50	17	11	27	19	48
1x52	28	54	34	36	55	57	11
1x52	28	57	56	14	18	12	16
1x52	3	16	57	43	31	41	1
1x52	3	32	24	35	39	60	37
1x52	30	1	4	34	12	29	26
1x52	30	49	56	50	55	38	39
1x52	30	6	37	56	57	40	25
1x52	31	38	42	34	9	36	54
1x52	32	16	57	37	38	6	24
1x52	32	22	9	8	20	56	29
1x52	33	21	26	2	34	16	19
1x52	33	5	7	27	44	29	31
1x52	34	35	11	50	44	10	17
1x52	34	49	51	35	57	47	59
1x52	35	58	7	8	49	9	19
1x52	36	1	21	15	46	35	10
1x52	36	21	44	16	7	27	33
1x52	36	53	19	29	20	51	10
1x52	36	9	60	50	55	35	23
1x52	38	23	16	7	58	31	49
1x52	38	23	49	57	9	21	5
1x52	38	34	28	14	49	3	51
1x52	38	35	13	42	15	41	59
1x52	38	57	21	51	49	11	39
1x52	39	19	25	30	36	50	6
1x52	4	11	47	3	14	32	37
1x52	4	18	50	12	60	17	14
1x52	4	27	53	1	40	33	23
1x52	4	35	32	46	1	12	47
1x52	4	57	13	28	31	5	23
1x52	4	59	6	50	40	42	24
1x52	40	19	31	39	45	43	3
1x52	40	23	59	5	33	29	9
1x52	40	35	21	4	23	7	54
1x52	40	9	27	58	22	36	35
1x52	41	12	36	4	44	21	8
1x52	41	25	16	29	54	22	42
1x52	41	33	3	21	55	5	17
1x52	41	42	6	51	37	38	3
1x52	41	45	42	16	40	39	11
1x52	43	21	30	13	5	58	59
1x52	43	53	2	28	19	25	33
1x52	43	53	50	24	1	26	51
1x52	44	18	17	50	55	41	54
1x52	44	55	56	32	36	47	33
1x52	45	51	41	57	43	54	22
1x52	46	21	3	16	34	51	19
1x52	46	51	16	23	10	59	47
1x52	46	6	4	37	7	31	33
1x52	47	1	38	57	33	28	12
1x52	47	2	10	43	19	31	29
1x52	48	15	13	55	17	1	36
1x52	48	21	40	36	20	1	34
1x52	48	23	25	58	14	11	6
1x52	48	37	54	32	51	38	39
1x52	48	50	20	14	18	29	10
1x52	48	50	21	37	47	39	59
1x52	48	55	51	10	60	8	37
1x52	48	7	12	22	13	2	1
1x52	49	5	58	31	43	51	37
1x52	49	51	33	2	35	26	36
1x52	5	8	12	46	38	56	7
1x52	50	19	17	7	24	1	38
1x52	50	26	39	29	4	6	47
1x52	50	34	59	23	8	6	54
1x52	50	36	3	7	12	29	16
1x52	51	13	1	60	41	18	34
1x52	53	37	41	42	14	1	9
1x52	53	38	28	39	12	15	26
1x52	53	47	19	32	34	5	20
1x52	54	23	16	25	51	31	26
1x52	54	33	39	18	46	12	3
1x52	54	46	45	12	37	56	47
1x52	55	18	27	12	2	32	28
1x52	55	19	29	59	41	37	24
1x52	55	2	56	3	13	54	14
1x52	55	7	28	46	30	17	4
1x52	56	11	28	41	50	46	40
1x52	56	33	46	3	19	29	45
1x52	57	4	30	41	14	33	43
1x52	57	45	44	43	59	29	9
1x52	57	6	55	26	56	7	40
1x52	57	8	56	20	4	15	51
1x52	58	50	31	9	37	21	28
1x52	58	7	12	19	26	41	32
1x52	59	1	9	24	55	39	14
1x52	59	48	1	28	13	12	2
1x52	6	11	20	1	35	48	41
1x52	60	18	28	46	35	16	33
1x52	60	26	3	16	18	57	55
1x52	60	28	57	12	48	58	23
1x52	60	29	25	28	36	34	10
1x52	60	49	7	48	58	37	11
1x52	7	19	27	38	36	32	50
1x52	7	47	14	39	13	22	34
1x52	7	9	5	57	12	13	2
1x52	8	29	53	25	3	42	43
1x52	8	57	56	26	19	28	20
1x52	8	6	34	38	44	11	60
1x52	9	31	44	34	41	8	13
1x53	1	21	19	2	18	52	4
1x53	1	46	6	31	38	3	35
1x53	1	50	3	54	10	59	15
1x53	10	18	6	27	22	35	47
1x53	11	15	8	3	30	42	45
1x53	11	17	9	41	33	37	18
1x53	11	2	13	51	36	16	33
1x53	11	40	46	15	3	30	36
1x53	11	44	51	20	14	43	35
1x53	11	51	24	39	21	19	50
1x53	11	56	42	26	34	36	4
1x53	12	1	15	19	37	4	54
1x53	12	10	31	35	2	14	25
1x53	12	13	59	38	11	54	48
1x53	12	20	34	7	29	17	56
1x53	13	1	44	20	37	11	26
1x53	13	10	7	27	17	59	28
1x53	13	2	18	16	33	32	56
1x53	13	3	33	48	49	16	52
1x53	13	41	26	19	29	59	37
1x53	13	47	42	26	4	43	5
1x53	14	38	37	34	7	12	18
1x53	14	46	56	11	18	48	50
1x53	14	54	24	32	58	16	40
1x53	14	55	13	58	37	23	18
1x53	15	25	21	26	46	41	49
1x53	15	32	6	24	11	25	20
1x53	15	33	40	4	17	59	41
1x53	16	1	19	37	15	32	22
1x53	17	38	39	5	33	16	18
1x53	17	51	49	24	16	5	23
1x53	18	12	28	39	19	30	60
1x53	18	24	34	12	50	49	44
1x53	18	36	59	10	21	29	16
1x53	19	18	2	49	38	12	26
1x53	19	4	22	38	2	57	21
1x53	19	49	60	38	14	40	32
1x53	2	13	41	11	59	38	35
1x53	2	48	32	40	18	6	42
1x53	20	50	4	55	31	10	58
1x53	20	7	59	43	37	45	28
1x53	21	13	27	8	1	5	36
1x53	21	2	57	9	11	7	39
1x53	21	23	50	18	60	35	31
1x53	21	31	35	58	13	17	22
1x53	21	40	44	19	56	45	59
1x53	22	24	8	19	35	15	12
1x53	22	34	59	23	52	45	58
1x53	22	37	42	54	25	36	9
1x53	22	54	52	32	4	60	7
1x53	23	15	6	39	8	1	18
1x53	23	20	60	29	58	16	33
1x53	23	41	13	32	5	42	28
1x53	23	56	20	4	58	60	6
1x53	23	7	5	45	8	18	14
1x53	24	22	33	11	9	1	18
1x53	24	33	34	36	46	13	48
1x53	24	47	37	50	25	16	41
1x53	24	6	22	38	42	12	4
1x53	24	6	30	38	2	34	44
1x53	25	10	33	13	58	1	56
1x53	25	23	46	54	39	19	52
1x53	25	24	7	49	41	19	43
1x53	25	5	58	7	51	40	10
1x53	26	19	1	3	12	8	27
1x53	28	15	33	45	19	9	10
1x53	28	22	32	31	9	12	39
1x53	28	26	20	60	51	6	9
1x53	28	48	1	54	31	56	19
1x53	28	60	22	17	10	44	13
1x53	29	2	19	31	6	18	13
1x53	29	25	55	50	46	19	57
1x53	29	3	41	57	56	28	6
1x53	29	30	39	44	18	31	55
1x53	3	32	5	2	49	8	46
1x53	30	13	43	11	5	10	20
1x53	30	27	43	10	8	2	12
1x53	30	43	24	22	1	2	60
1x53	30	45	10	35	37	23	21
1x53	31	11	23	26	8	6	16
1x53	31	40	49	8	51	28	32
1x53	31	56	14	10	38	26	27
1x53	31	6	44	32	4	57	5
1x53	32	14	3	51	41	23	4
1x53	32	18	39	48	33	30	59
1x53	32	37	8	57	47	56	48
1x53	32	39	17	34	7	1	50
1x53	32	54	28	27	4	45	55
1x53	32	59	21	30	51	57	36
1x53	33	10	37	59	3	7	8
1x53	33	38	13	15	60	28	43
1x53	33	57	1	48	41	7	20
1x53	34	22	2	50	7	54	37
1x53	34	38	1	15	2	29	9
1x53	34	42	14	57	7	60	21
1x53	34	47	55	29	19	48	33
1x53	34	51	39	46	38	11	13
1x53	34	51	54	39	55	60	14
1x53	34	54	15	49	26	37	55
1x53	34	57	56	22	21	25	33
1x53	35	11	24	49	13	22	6
1x53	35	32	54	4	10	29	16
1x53	36	32	35	44	37	40	7
1x53	36	38	10	40	46	7	54
1x53	36	41	42	43	11	46	35
1x53	36	59	31	18	20	7	45
1x53	38	12	31	35	44	17	47
1x53	38	28	40	13	8	15	44
1x53	38	60	48	23	37	20	40
1x53	39	17	51	14	43	32	23
1x53	39	35	8	48	24	18	31
1x53	39	45	30	42	27	40	50
1x53	39	55	22	13	51	1	37
1x53	4	17	25	7	9	11	46
1x53	4	25	44	1	19	60	54
1x53	4	29	44	58	30	18	32
1x53	40	23	25	22	13	12	41
1x53	40	32	13	39	23	31	56
1x53	41	28	52	55	46	27	9
1x53	41	31	21	3	6	33	18
1x53	42	14	23	11	17	39	26
1x53	42	22	54	57	23	59	31
1x53	42	46	45	49	48	39	59
1x53	42	46	47	36	27	10	54
1x53	42	49	44	18	21	2	41
1x53	42	58	54	49	6	1	50
1x53	42	58	59	18	6	34	5
1x53	42	59	23	49	57	60	15
1x53	43	31	29	19	21	30	47
1x53	43	37	8	40	10	23	13
1x53	43	50	17	52	29	32	45
1x53	43	50	30	4	18	60	11
1x53	43	50	31	51	55	19	29
1x53	44	10	12	49	29	7	56
1x53	44	17	45	42	48	19	1
1x53	44	21	57	60	28	11	49
1x53	44	32	41	58	37	54	27
1x53	45	1	42	57	54	52	7
1x53	45	25	24	11	30	43	10
1x53	45	35	39	36	13	50	49
1x53	45	39	16	38	6	37	10
1x53	46	3	44	16	37	31	57
1x53	47	3	44	60	10	20	15
1x53	47	5	23	31	29	45	39
1x53	47	7	57	43	56	27	59
1x53	49	10	17	37	4	32	27
1x53	49	11	19	39	25	30	32
1x53	49	32	19	14	35	56	4
1x53	5	36	16	17	45	31	10
1x53	5	45	25	22	40	46	4
1x53	5	45	48	7	59	32	6
1x53	50	34	3	51	59	58	35
1x53	52	35	23	10	8	25	55
1x53	52	9	38	30	51	14	25
1x53	54	16	46	3	28	6	24
1x53	54	31	23	19	50	26	17
1x53	54	34	28	19	12	41	33
1x53	54	35	20	34	58	41	37
1x53	54	48	5	35	47	45	58
1x53	55	13	60	18	8	41	19
1x53	55	33	41	14	19	35	39
1x53	55	35	51	8	43	50	37
1x53	56	15	29	14	34	6	60
1x53	56	27	60	30	19	6	26
1x53	56	3	2	12	30	40	41
1x53	56	38	19	48	21	24	9
1x53	56	43	49	20	7	30	15
1x53	56	60	18	34	40	50	15
1x53	57	36	17	3	44	11	10
1x53	58	17	1	12	27	50	44
1x53	58	26	18	40	23	45	6
1x53	58	27	50	33	44	25	17
1x53	58	36	40	22	21	3	37
1x53	6	25	27	8	30	15	43
1x53	60	12	32	11	10	19	1
1x53	60	29	34	57	33	59	12
1x53	60	37	49	5	11	52	13
1x53	60	59	43	16	50	33	17
1x53	7	38	11	47	41	1	21
1x53	7	42	13	46	44	8	43
1x53	8	10	44	19	4	25	60
1x53	8	43	5	36	6	52	37
1x53	8	44	56	25	14	18	33
1x53	8	50	34	42	2	28	39
1x53	9	22	54	26	49	47	25
1x54	1	12	24	25	42	35	13
1x54	1	43	6	49	58	9	53
1x54	1	44	28	20	32	11	23
1x54	10	15	22	58	16	60	50
1x54	10	55	16	20	5	2	36
1x54	10	8	40	48	55	58	39
1x54	10	9	44	20	41	6	58
1x54	11	20	21	46	43	59	23
1x54	11	26	27	31	46	32	21
1x54	11	50	31	49	14	37	13
1x54	11	57	25	20	4	44	24
1x54	11	58	38	16	12	50	31
1x54	12	22	42	45	53	39	26
1x54	12	35	19	30	28	14	57
1x54	12	37	60	50	31	49	46
1x54	12	45	14	51	56	47	24
1x54	13	10	12	27	2	6	60
1x54	13	45	17	28	60	49	41
1x54	13	48	30	57	56	52	11
1x54	13	50	46	45	27	40	49
1x54	14	28	58	35	22	7	12
1x54	15	41	55	60	45	13	43
1x54	15	7	25	8	2	35	13
1x54	16	13	46	51	32	2	41
1x54	16	8	28	45	51	37	3
1x54	17	39	19	58	56	50	14
1x54	17	55	32	2	6	21	42
1x54	18	14	60	9	55	3	33
1x54	18	49	30	9	21	40	2
1x54	19	28	55	44	42	13	24
1x54	2	38	17	22	27	16	30
1x54	2	40	39	14	9	38	53
1x54	2	40	49	34	39	44	43
1x54	2	60	4	14	6	58	19
1x54	2	8	56	12	45	22	40
1x54	20	29	16	3	8	26	32
1x54	21	16	45	5	39	38	57
1x54	21	44	53	30	38	32	49
1x54	22	20	55	17	13	29	43
1x54	23	25	7	8	1	28	55
1x54	23	41	44	28	42	1	52
1x54	23	43	14	3	8	42	20
1x54	23	47	51	52	32	56	18
1x54	23	9	43	34	36	19	45
1x54	24	19	48	60	31	53	3
1x54	24	38	50	34	41	46	25
1x54	24	5	31	43	9	48	39
1x54	24	60	52	51	29	1	57
1x54	25	53	9	1	45	21	56
1x54	25	7	12	8	16	30	56
1x54	26	27	30	57	24	55	22
1x54	26	50	58	27	43	41	1
1x54	26	6	58	35	23	57	22
1x54	27	10	60	23	49	4	52
1x54	27	57	16	32	22	52	34
1x54	28	11	45	6	7	51	9
1x54	3	28	35	46	12	34	27
1x54	3	34	13	35	6	33	15
1x54	3	34	37	29	16	6	32
1x54	30	43	12	21	35	55	16
1x54	31	46	25	43	26	34	39
1x54	32	25	42	17	43	12	14
1x54	32	27	1	36	22	31	44
1x54	32	48	27	60	55	24	12
1x54	32	56	37	44	14	23	35
1x54	33	13	49	50	1	14	26
1x54	33	19	2	16	8	39	29
1x54	33	3	27	44	17	24	37
1x54	33	32	50	10	24	7	22
1x54	33	36	37	41	39	25	34
1x54	33	53	32	3	36	28	31
1x54	33	55	27	48	42	43	12
1x54	34	4	48	24	11	29	49
1x54	34	43	49	37	17	9	50
1x54	34	51	53	15	38	39	2
1x54	34	59	10	33	42	47	50
1x54	35	16	33	21	45	60	31
1x54	35	24	8	5	19	22	4
1x54	35	34	45	55	38	13	2
1x54	35	37	17	27	36	34	26
1x54	35	48	6	41	1	3	49
1x54	36	12	26	4	30	59	53
1x54	38	19	22	47	30	25	12
1x54	38	20	39	7	32	52	59
1x54	38	32	10	24	2	46	1
1x54	39	22	4	44	25	58	52
1x54	39	33	6	16	32	35	22
1x54	39	49	25	41	3	45	43
1x54	39	59	24	33	6	1	18
1x54	4	13	21	11	22	41	39
1x54	4	14	33	9	47	60	46
1x54	4	15	33	28	20	27	53
1x54	4	18	40	30	33	60	28
1x54	4	27	25	41	46	7	6
1x54	4	44	9	29	17	8	59
1x54	4	8	41	25	36	60	19
1x54	40	11	32	52	5	50	29
1x54	40	20	10	8	49	60	24
1x54	40	59	56	15	42	14	30
1x54	41	1	58	11	47	51	31
1x54	41	24	2	58	47	23	20
1x54	41	34	5	57	13	15	12
1x54	41	35	15	16	47	19	11
1x54	42	4	18	59	55	44	40
1x54	42	52	16	9	48	50	2
1x54	43	11	29	19	4	35	36
1x54	43	26	35	57	3	53	52
1x54	43	36	41	10	5	35	44
1x54	44	60	26	39	40	36	2
1x54	44	60	49	6	3	32	21
1x54	45	21	1	52	31	35	41
1x54	46	29	52	23	39	19	18
1x54	47	42	30	60	55	56	24
1x54	47	45	33	17	8	6	32
1x54	47	9	23	44	57	13	7
1x54	48	2	51	42	59	12	35
1x54	48	23	3	29	9	45	13
1x54	48	29	32	43	5	26	42
1x54	48	49	38	23	7	17	14
1x54	49	44	55	43	40	47	52
1x54	5	15	37	11	10	1	35
1x54	5	37	35	28	38	9	46
1x54	5	41	59	22	9	3	30
1x54	5	58	26	11	50	31	21
1x54	50	33	19	60	37	11	35
1x54	50	39	45	1	60	23	57
1x54	50	60	2	44	7	21	23
1x54	50	7	35	23	47	57	25
1x54	51	13	19	26	8	52	35
1x54	52	24	47	59	48	43	49
1x54	52	46	57	14	25	42	27
1x54	53	49	55	31	15	48	35
1x54	55	31	42	10	15	29	5
1x54	56	41	26	28	51	4	48
1x54	56	46	10	13	16	43	37
1x54	56	52	32	20	30	12	1
1x54	57	1	41	31	29	56	26
1x54	57	10	23	39	5	48	58
1x54	57	20	31	23	26	28	51
1x54	57	27	11	9	41	40	36
1x54	57	27	8	28	31	9	17
1x54	58	23	56	53	55	18	37
1x54	58	24	22	46	15	60	14
1x54	58	32	20	1	10	16	50
1x54	58	47	25	10	50	22	5
1x54	59	19	41	34	11	12	6
1x54	59	31	30	15	14	25	37
1x54	59	38	25	14	39	3	49
1x54	59	4	29	27	34	48	60
1x54	59	47	18	57	30	10	1
1x54	59	50	36	44	41	8	26
1x54	6	2	37	45	48	18	24
1x54	6	2	57	10	58	23	28
1x54	6	41	13	38	17	59	4
1x54	6	42	57	58	41	21	53
1x54	6	5	14	23	38	35	8
1x54	60	1	17	22	46	12	53
1x54	60	49	43	39	3	6	47
1x54	60	8	17	46	34	6	14
1x54	7	25	16	14	53	2	38
1x54	7	39	4	20	47	18	56
1x54	8	21	55	7	4	25	14
1x54	8	27	36	34	24	57	56
1x54	8	3	13	15	30	20	34
1x54	8	31	19	15	41	11	13
1x54	8	40	47	20	27	29	13
1x54	8	7	24	36	48	15	38
1x54	9	22	45	56	27	19	60
1x54	9	40	57	2	31	49	7
1x54	9	46	1	12	58	42	28
1x55	1	21	31	25	38	44	14
1x55	10	31	18	15	40	24	9
1x55	10	35	5	18	51	39	53
1x55	10	42	34	8	27	30	18
1x55	11	47	22	31	15	48	51
1x55	12	1	7	41	21	43	16
1x55	12	17	24	59	15	7	21
1x55	12	21	14	45	37	30	38
1x55	12	5	29	4	56	48	14
1x55	13	41	49	8	44	30	20
1x55	13	60	17	37	46	47	42
1x55	15	33	17	51	47	5	53
1x55	15	50	53	39	3	11	47
1x55	15	54	52	50	53	12	36
1x55	16	31	10	9	7	41	8
1x55	16	47	46	54	29	38	17
1x55	17	24	25	36	40	21	18
1x55	17	32	57	18	23	59	46
1x55	18	28	58	47	33	7	54
1x55	18	53	31	17	23	6	60
1x55	19	15	5	14	50	39	23
1x55	19	25	46	59	53	51	27
1x55	19	25	5	54	17	20	8
1x55	19	28	20	4	24	44	30
1x55	2	41	52	19	22	17	49
1x55	2	42	47	22	32	28	48
1x55	20	18	22	25	41	3	43
1x55	20	38	15	41	13	31	33
1x55	23	28	14	19	31	43	58
1x55	23	39	25	26	13	15	19
1x55	23	47	20	51	5	4	35
1x55	23	58	17	57	28	2	53
1x55	25	47	14	58	4	11	50
1x55	26	29	1	52	2	28	27
1x55	26	52	32	37	30	2	10
1x55	27	1	54	11	18	17	60
1x55	27	24	46	16	17	6	48
1x55	27	24	9	19	39	34	18
1x55	27	40	26	19	37	7	9
1x55	27	40	30	46	15	25	17
1x55	27	49	17	56	53	23	58
1x55	27	53	41	8	57	33	7
1x55	27	54	28	10	49	45	39
1x55	28	12	14	18	32	44	21
1x55	28	2	51	25	44	43	11
1x55	28	29	48	5	58	1	8
1x55	29	18	39	32	59	11	23
1x55	29	38	17	30	31	20	40
1x55	29	46	47	1	24	13	22
1x55	3	11	36	5	13	16	10
1x55	3	60	27	43	22	25	58
1x55	30	4	26	60	18	39	59
1x55	30	5	52	54	20	43	15
1x55	30	60	19	29	57	9	37
1x55	31	16	56	50	11	20	30
1x55	31	35	60	41	19	56	49
1x55	31	42	26	18	39	46	33
1x55	31	58	37	59	6	35	5
1x55	32	25	29	44	10	37	11
1x55	32	46	27	29	7	59	45
1x55	32	47	7	8	5	35	18
1x55	32	57	18	43	37	3	9
1x55	33	35	56	30	4	53	1
1x55	33	38	12	9	6	47	27
1x55	33	47	53	7	42	2	45
1x55	34	18	48	52	37	32	26
1x55	34	37	40	5	53	8	44
1x55	34	4	2	59	20	12	48
1x55	35	38	1	53	9	14	18
1x55	35	47	29	58	56	60	25
1x55	36	15	3	29	48	26	37
1x55	36	33	45	10	26	27	17
1x55	36	51	38	21	46	35	59
1x55	36	8	26	37	41	9	48
1x55	36	8	38	16	59	29	5
1x55	37	26	39	56	14	51	28
1x55	37	9	50	13	17	4	48
1x55	38	44	15	35	25	21	29
1x55	38	48	19	14	10	47	43
1x55	38	49	1	56	45	51	3
1x55	39	54	19	20	12	29	60
1x55	4	43	24	54	34	26	22
1x55	4	45	39	15	24	38	36
1x55	4	51	20	59	45	33	24
1x55	4	59	33	37	25	42	24
1x55	41	21	27	29	19	23	24
1x55	41	35	14	51	27	53	23
1x55	41	37	10	5	48	50	22
1x55	41	40	38	14	29	28	10
1x55	41	51	35	39	21	56	9
1x55	41	52	49	9	57	21	48
1x55	42	39	58	9	47	40	60
1x55	43	23	19	56	22	37	38
1x55	43	26	13	41	10	4	29
1x55	43	45	19	23	3	29	34
1x55	44	12	22	30	20	49	3
1x55	44	14	11	47	22	31	9
1x55	44	40	21	37	4	16	51
1x55	45	23	29	12	24	49	35
1x55	45	25	58	9	21	60	33
1x55	46	20	42	14	37	58	16
1x55	46	3	8	4	58	13	29
1x55	46	36	40	23	9	17	6
1x55	46	38	15	45	2	32	13
1x55	46	60	57	17	27	21	34
1x55	46	9	38	43	57	36	27
1x55	47	21	7	45	32	26	53
1x55	47	33	28	19	29	5	36
1x55	47	39	60	14	33	4	20
1x55	47	53	33	58	9	49	43
1x55	47	60	21	25	19	50	23
1x55	48	32	40	7	27	24	2
1x55	48	49	37	58	41	46	50
1x55	49	18	39	34	19	26	32
1x55	49	3	13	46	42	28	2
1x55	49	59	6	34	39	31	44
1x55	49	60	56	26	13	38	21
1x55	5	18	44	7	16	24	6
1x55	5	19	13	35	40	56	4
1x55	5	2	7	48	46	39	35
1x55	5	31	11	50	2	53	46
1x55	5	44	52	27	60	25	48
1x55	5	52	46	12	45	11	1
1x55	51	13	27	50	11	40	1
1x55	51	18	27	42	31	28	1
1x55	51	57	31	13	43	18	44
1x55	51	60	33	57	17	31	21
1x55	52	30	19	45	51	37	29
1x55	52	42	4	23	19	51	38
1x55	52	51	11	4	36	34	31
1x55	53	11	39	19	60	7	10
1x55	53	52	57	33	56	19	31
1x55	54	11	50	58	5	60	6
1x55	54	34	14	42	6	41	57
1x55	54	49	25	12	51	56	33
1x55	54	59	35	56	26	25	44
1x55	54	8	16	49	45	26	22
1x55	56	17	1	27	54	46	22
1x55	56	36	32	8	11	53	5
1x55	57	14	59	29	1	13	42
1x55	57	25	13	35	53	52	11
1x55	57	39	7	25	12	41	8
1x55	58	2	34	21	52	11	4
1x55	58	21	33	39	48	22	3
1x55	58	3	41	45	36	30	6
1x55	58	60	25	12	45	51	6
1x55	58	9	35	24	23	54	42
1x55	59	23	40	1	3	11	27
1x55	59	37	16	49	9	21	28
1x55	59	37	24	4	2	43	12
1x55	59	39	5	2	22	25	1
1x55	6	23	15	35	21	33	51
1x55	6	27	50	4	8	40	47
1x55	6	51	30	42	44	49	23
1x55	6	53	19	4	34	46	57
1x55	6	54	13	35	20	45	18
1x55	6	56	38	37	12	14	19
1x55	60	23	8	19	59	10	53
1x55	60	42	11	1	7	52	4
1x55	60	56	14	38	40	57	30
1x55	7	13	39	8	5	6	57
1x55	7	36	6	9	42	51	43
1x55	7	41	23	43	58	54	51
1x55	7	6	14	43	24	51	31
1x55	8	13	29	40	12	23	15
1x55	8	28	7	47	60	39	53
1x55	8	42	51	22	20	15	60
1x55	9	1	15	59	44	56	3
1x55	9	14	8	58	46	6	48
1x55	9	2	52	60	7	5	50
1x55	9	26	16	28	18	46	39
1x55	9	3	22	14	56	53	59
1x55	9	52	4	43	38	39	57
1x56	1	12	40	28	50	30	41
1x56	1	33	46	19	30	40	48
1x56	1	39	12	2	33	21	25
1x56	1	7	39	34	12	25	18
1x56	10	60	42	7	30	44	53
1x56	11	10	26	48	18	43	5
1x56	11	32	46	60	39	59	55
1x56	12	24	43	38	29	44	9
1x56	12	4	29	26	36	53	8
1x56	12	50	29	58	44	47	13
1x56	12	51	24	35	7	23	46
1x56	13	24	29	10	27	43	1
1x56	13	31	40	45	42	47	5
1x56	13	38	34	39	40	17	22
1x56	14	23	20	10	7	40	35
1x56	14	28	43	35	32	25	47
1x56	14	35	30	57	3	39	58
1x56	15	31	46	22	19	39	6
1x56	15	39	5	19	6	37	40
1x56	16	20	49	27	54	41	29
1x56	16	38	46	45	32	28	1
1x56	17	21	2	59	20	53	49
1x56	17	28	31	40	4	21	41
1x56	17	34	51	30	4	1	28
1x56	17	53	42	38	39	29	9
1x56	18	45	58	33	54	55	2
1x56	18	60	49	28	52	42	31
1x56	2	36	16	58	37	14	22
1x56	2	7	25	9	32	1	3
1x56	20	24	7	27	49	13	14
1x56	20	25	38	40	33	55	9
1x56	20	3	27	46	39	47	7
1x56	20	32	59	43	17	47	6
1x56	20	57	5	30	26	14	11
1x56	20	59	34	47	46	17	27
1x56	20	6	16	42	44	17	30
1x56	21	14	20	48	41	33	9
1x56	21	14	60	26	40	22	12
1x56	21	45	60	27	37	18	14
1x56	21	54	38	34	52	41	48
1x56	22	32	19	36	13	23	7
1x56	22	60	50	19	1	59	6
1x56	23	29	39	25	47	12	27
1x56	23	35	11	57	44	19	41
1x56	24	37	14	43	54	12	45
1x56	24	46	18	8	51	54	55
1x56	25	15	51	30	32	34	5
1x56	25	9	28	35	46	23	4
1x56	26	1	17	42	5	9	29
1x56	26	35	10	27	52	59	19
1x56	26	36	6	9	50	19	59
1x56	26	50	31	43	39	12	42
1x56	28	3	11	20	41	16	8
1x56	28	32	13	27	47	9	29
1x56	28	50	57	59	15	22	46
1x56	29	14	58	9	37	11	51
1x56	29	24	45	7	33	1	52
1x56	29	30	20	51	53	54	2
1x56	29	35	18	22	13	57	60
1x56	29	44	55	40	8	24	32
1x56	29	59	47	57	12	44	15
1x56	3	20	24	59	58	15	26
1x56	3	21	9	2	50	45	25
1x56	3	27	14	39	10	60	6
1x56	3	58	8	49	59	41	33
1x56	3	7	41	10	53	52	35
1x56	30	11	4	14	19	34	50
1x56	30	11	42	48	23	26	29
1x56	30	14	49	47	6	53	54
1x56	30	21	15	9	37	32	59
1x56	31	51	25	23	16	9	38
1x56	31	59	21	42	24	44	53
1x56	31	8	32	9	7	28	6
1x56	32	20	46	12	30	47	23
1x56	32	46	2	13	24	58	4
1x56	33	14	59	31	54	60	12
1x56	33	14	8	22	51	47	11
1x56	33	15	5	44	42	21	35
1x56	33	16	32	9	30	21	50
1x56	34	10	37	23	9	19	7
1x56	34	19	57	43	39	42	20
1x56	34	27	15	14	51	32	44
1x56	34	29	43	31	30	12	54
1x56	35	12	36	42	43	21	41
1x56	35	12	7	52	34	41	4
1x56	35	28	11	3	13	10	14
1x56	35	57	4	40	3	41	43
1x56	36	55	9	47	18	26	16
1x56	36	8	18	38	49	27	5
1x56	36	8	29	12	9	25	40
1x56	37	10	19	45	29	51	7
1x56	37	13	41	3	40	31	51
1x56	37	23	7	32	18	25	10
1x56	37	48	46	32	47	34	23
1x56	37	57	28	26	30	21	14
1x56	38	26	21	44	35	17	39
1x56	38	30	45	35	36	3	24
1x56	38	39	17	53	16	37	24
1x56	39	3	21	58	4	28	9
1x56	39	31	42	7	33	15	55
1x56	4	12	26	47	11	59	38
1x56	4	34	5	27	31	41	10
1x56	40	10	5	15	44	21	57
1x56	40	24	23	43	39	32	52
1x56	40	52	5	6	35	32	1
1x56	41	16	42	15	5	55	11
1x56	41	45	58	26	36	5	21
1x56	41	51	34	43	7	28	54
1x56	42	15	60	7	16	59	33
1x56	42	31	35	48	3	15	58
1x56	42	46	37	54	48	1	51
1x56	42	50	41	60	43	52	30
1x56	43	14	40	33	50	21	47
1x56	43	14	53	9	13	1	54
1x56	43	38	39	34	9	18	6
1x56	43	41	51	24	12	52	17
1x56	43	47	38	46	10	5	41
1x56	44	13	43	5	53	37	27
1x56	44	17	35	27	47	3	10
1x56	44	28	39	52	18	31	60
1x56	44	33	45	31	25	2	5
1x56	44	57	2	58	24	21	15
1x56	45	29	21	18	17	41	42
1x56	46	23	12	58	47	33	35
1x56	46	4	39	16	44	57	15
1x56	46	48	41	24	42	26	32
1x56	47	1	22	53	3	49	50
1x56	47	17	34	21	27	51	39
1x56	47	18	23	35	53	2	26
1x56	47	2	30	26	25	53	36
1x56	47	24	21	48	42	39	29
1x56	47	25	16	54	18	32	12
1x56	47	43	17	34	28	22	37
1x56	47	48	43	28	17	34	13
1x56	48	13	35	45	50	17	36
1x56	48	35	30	16	23	45	17
1x56	48	57	18	4	1	36	59
1x56	49	12	46	44	55	59	42
1x56	49	38	46	53	19	23	35
1x56	5	10	29	49	16	52	23
1x56	5	29	59	30	18	37	45
1x56	50	25	43	40	2	11	53
1x56	50	32	34	44	3	52	17
1x56	51	21	52	39	29	24	10
1x56	51	47	36	11	44	6	18
1x56	52	19	9	58	44	1	31
1x56	52	22	50	23	6	13	11
1x56	52	27	25	49	15	45	8
1x56	52	30	49	5	14	16	36
1x56	53	36	44	35	47	6	57
1x56	53	39	31	52	22	28	34
1x56	54	13	6	40	33	59	39
1x56	54	23	7	20	5	28	52
1x56	54	4	7	9	34	27	10
1x56	54	53	40	2	22	21	39
1x56	54	57	21	20	6	36	53
1x56	54	58	41	36	13	59	44
1x56	55	3	13	26	39	40	6
1x56	57	13	49	7	38	9	14
1x56	57	22	60	3	2	27	20
1x56	57	37	46	34	16	31	47
1x56	57	44	27	28	48	37	5
1x56	58	34	32	21	9	28	20
1x56	58	54	28	6	26	57	50
1x56	58	6	36	43	2	50	28
1x56	58	7	21	55	52	54	51
1x56	59	18	6	25	31	49	23
1x56	59	38	53	7	24	44	57
1x56	59	5	34	17	54	25	19
1x56	59	51	13	48	8	46	25
1x56	6	28	47	31	54	22	26
1x56	6	5	20	2	10	9	31
1x56	6	5	31	28	43	40	1
1x56	6	57	55	20	29	49	40
1x56	60	45	59	42	57	33	2
1x56	7	23	36	20	25	26	11
1x56	7	27	54	43	17	59	42
1x56	7	58	10	29	52	26	46
1x56	7	8	54	20	26	17	40
1x56	8	38	36	13	22	6	29
1x56	8	47	53	27	34	44	42
1x56	9	10	16	4	2	58	38
1x56	9	27	3	39	21	20	40
1x56	9	37	1	58	18	49	33
1x57	10	2	48	14	17	46	5
1x57	10	46	55	19	4	14	18
1x57	11	10	13	59	34	9	45
1x57	11	15	23	42	21	38	55
1x57	11	18	40	27	29	60	37
1x57	11	27	34	22	54	51	35
1x57	11	41	2	33	16	40	48
1x57	11	58	27	19	46	45	5
1x57	12	23	58	37	32	1	52
1x57	12	42	49	26	11	22	4
1x57	13	16	44	27	26	37	39
1x57	13	30	41	25	51	27	50
1x57	14	12	47	19	59	33	15
1x57	14	17	29	44	53	8	54
1x57	14	33	18	17	12	20	3
1x57	15	26	31	18	16	51	48
1x57	15	27	7	17	10	22	14
1x57	15	4	7	42	28	38	36
1x57	15	5	56	21	16	31	36
1x57	15	52	38	13	6	42	26
1x57	15	8	35	12	47	46	25
1x57	16	19	1	55	4	2	32
1x57	16	33	20	2	54	14	49
1x57	17	27	46	21	31	9	50
1x57	17	27	49	13	53	23	51
1x57	17	4	60	56	2	14	33
1x57	17	46	56	48	33	49	25
1x57	18	1	15	12	10	30	54
1x57	18	1	47	5	15	34	3
1x57	18	17	25	3	13	31	21
1x57	18	2	15	39	55	26	29
1x57	18	37	6	7	1	47	54
1x57	18	40	33	12	23	38	27
1x57	18	56	13	48	53	20	11
1x57	19	23	39	33	27	43	21
1x57	19	29	58	31	50	52	10
1x57	19	58	44	14	47	24	43
1x57	2	11	23	27	59	28	60
1x57	2	46	34	18	40	24	12
1x57	2	48	46	54	58	8	28
1x57	20	12	33	7	17	35	13
1x57	20	36	17	47	43	16	58
1x57	20	4	17	15	11	32	18
1x57	20	44	14	15	53	47	35
1x57	21	17	34	12	22	1	16
1x57	21	35	38	43	14	26	42
1x57	21	43	28	53	2	36	55
1x57	23	20	4	55	39	44	38
1x57	23	21	45	44	51	26	43
1x57	23	22	49	45	29	46	28
1x57	23	36	7	26	3	34	44
1x57	23	47	60	25	49	6	17
1x57	25	29	59	55	50	3	12
1x57	25	37	12	39	43	46	30
1x57	26	58	56	42	52	44	27
1x57	27	30	9	47	43	7	53
1x57	28	21	38	31	22	59	3
1x57	28	30	58	50	56	55	7
1x57	28	34	46	2	37	6	38
1x57	28	49	36	59	40	30	24
1x57	3	30	45	59	35	22	27
1x57	3	58	44	26	48	54	12
1x57	30	2	34	1	27	32	52
1x57	30	23	28	51	43	55	1
1x57	30	39	29	31	18	51	17
1x57	30	55	24	60	29	10	40
1x57	31	43	32	52	24	37	39
1x57	32	27	15	19	39	36	24
1x57	32	30	48	8	43	34	5
1x57	32	43	35	6	60	18	36
1x57	32	46	30	11	51	38	58
1x57	32	48	22	11	30	21	42
1x57	33	11	31	60	3	48	8
1x57	33	13	10	46	12	15	8
1x57	33	37	12	47	21	29	14
1x57	33	39	13	3	53	44	25
1x57	33	42	43	36	55	21	19
1x57	33	60	52	9	24	13	16
1x57	34	24	56	32	46	20	54
1x57	34	46	56	24	30	48	9
1x57	35	29	14	16	56	2	18
1x57	35	29	45	4	39	14	26
1x57	35	40	23	42	2	13	26
1x57	36	20	10	18	30	22	4
1x57	36	43	27	34	6	54	39
1x57	36	52	26	1	16	19	55
1x57	36	8	17	4	58	50	16
1x57	37	31	51	6	3	19	44
1x57	37	54	49	3	47	60	10
1x57	39	21	40	20	18	49	3
1x57	39	25	31	2	55	60	32
1x57	39	32	40	31	27	52	5
1x57	39	44	7	22	4	25	31
1x57	4	26	29	24	23	47	3
1x57	4	34	26	2	16	45	54
1x57	40	19	50	25	24	9	46
1x57	40	36	24	15	30	49	51
1x57	41	21	10	32	7	52	28
1x57	42	15	45	9	17	47	2
1x57	42	25	46	8	40	28	43
1x57	43	40	50	33	55	58	42
1x57	44	42	20	36	3	14	46
1x57	45	32	2	3	50	42	9
1x57	45	42	43	12	25	37	18
1x57	45	59	28	17	18	21	51
1x57	46	47	25	43	32	36	42
1x57	47	15	21	26	52	14	24
1x57	48	29	7	55	18	43	20
1x57	49	11	16	51	56	26	23
1x57	49	11	41	45	34	28	50
1x57	5	30	34	41	50	56	12
1x57	5	42	12	10	50	16	27
1x57	5	55	20	28	59	11	50
1x57	5	59	38	1	3	16	19
1x57	50	18	16	42	56	12	17
1x57	50	24	11	56	41	6	28
1x57	50	26	33	36	49	31	25
1x57	50	27	4	36	42	60	13
1x57	50	38	1	53	39	36	2
1x57	50	44	34	28	19	52	6
1x57	51	19	31	21	56	30	4
1x57	51	25	28	9	30	4	17
1x57	51	42	26	27	41	2	36
1x57	51	44	20	56	32	25	33
1x57	51	59	49	1	50	46	36
1x57	52	10	12	13	21	44	36
1x57	52	10	25	20	39	17	2
1x57	52	21	16	6	59	55	11
1x57	52	21	28	54	14	12	43
1x57	52	29	4	40	1	41	5
1x57	52	36	17	46	3	45	58
1x57	52	5	41	42	7	39	44
1x57	53	15	4	9	38	19	14
1x57	53	4	31	23	24	32	2
1x57	53	40	4	19	38	35	26
1x57	53	50	37	26	15	55	11
1x57	54	41	27	21	10	25	15
1x57	54	5	22	32	41	23	35
1x57	54	5	34	41	32	24	51
1x57	54	53	7	31	25	8	58
1x57	55	36	43	35	33	32	18
1x57	56	20	35	37	29	10	51
1x57	56	33	16	8	20	11	30
1x57	58	10	37	34	43	8	17
1x57	58	22	51	34	53	2	38
1x57	59	16	18	44	55	5	38
1x57	59	41	25	40	16	9	53
1x57	59	48	35	38	52	8	20
1x57	6	46	20	26	3	59	18
1x57	6	60	29	15	47	55	12
1x57	60	15	55	27	54	4	58
1x57	60	7	17	27	37	45	31
1x57	7	14	39	19	52	12	21
1x57	7	20	22	43	21	51	39
1x57	7	37	42	26	35	21	13
1x57	8	2	3	58	14	32	31
1x57	8	27	33	52	41	6	35
1x57	8	50	24	25	22	52	1
1x57	8	59	43	40	45	50	15
1x57	9	32	19	58	5	37	14
1x58	1	48	6	39	33	7	20
1x58	1	49	54	33	7	60	40
1x58	1	6	41	53	57	32	35
1x58	10	18	47	7	11	56	50
1x58	10	22	24	16	30	36	2
1x58	11	3	23	53	51	55	29
1x58	11	35	26	23	14	22	56
1x58	11	36	28	3	7	12	24
1x58	11	40	45	27	16	49	43
1x58	11	53	5	48	39	8	27
1x58	12	11	45	51	1	3	26
1x58	12	36	17	19	13	10	60
1x58	12	43	38	34	18	23	15
1x58	12	51	55	7	15	36	37
1x58	13	1	9	45	21	20	46
1x58	13	17	37	11	23	40	35
1x58	13	5	9	38	55	26	11
1x58	14	43	52	9	10	21	5
1x58	15	10	43	9	51	26	7
1x58	15	29	48	5	21	55	33
1x58	15	3	50	21	20	13	37
1x58	15	33	45	5	2	23	17
1x58	15	47	14	49	8	54	36
1x58	15	52	44	19	18	21	51
1x58	16	20	53	35	25	36	2
1x58	16	49	28	37	45	24	59
1x58	16	7	55	49	46	36	24
1x58	17	33	1	18	46	21	38
1x58	17	49	18	15	51	36	24
1x58	18	2	14	30	57	25	35
1x58	18	22	51	24	7	20	29
1x58	18	27	3	59	39	13	21
1x58	18	3	41	43	4	24	37
1x58	18	4	16	19	26	10	59
1x58	18	47	8	15	56	12	53
1x58	18	9	32	30	48	36	26
1x58	2	31	17	36	44	57	35
1x58	2	43	37	55	40	22	51
1x58	2	5	34	22	4	13	16
1x58	2	57	3	33	19	8	22
1x58	20	40	25	33	41	5	60
1x58	20	48	23	36	12	2	44
1x58	21	22	6	15	59	37	49
1x58	21	3	50	42	51	19	25
1x58	21	40	57	13	10	54	15
1x58	21	60	15	18	16	24	44
1x58	22	15	9	14	7	20	42
1x58	22	31	15	40	8	52	44
1x58	22	31	44	4	56	36	42
1x58	22	43	26	1	55	49	57
1x58	23	26	9	28	3	22	55
1x58	23	32	45	50	27	41	47
1x58	23	42	11	32	45	55	24
1x58	23	54	8	3	35	32	4
1x58	24	12	60	40	3	20	21
1x58	24	29	35	25	31	56	52
1x58	24	4	41	31	26	50	47
1x58	24	44	32	43	54	42	8
1x58	24	49	23	14	34	27	44
1x58	24	59	44	45	2	5	60
1x58	25	28	41	17	8	38	37
1x58	25	60	38	40	12	5	46
1x58	26	15	38	20	19	5	29
1x58	26	2	17	29	53	1	35
1x58	26	42	2	7	1	24	8
1x58	26	44	18	8	37	51	27
1x58	26	50	15	6	21	10	49
1x58	26	56	52	31	14	34	12
1x58	27	29	28	7	44	33	20
1x58	27	36	19	56	33	1	59
1x58	27	4	54	26	19	56	53
1x58	27	50	3	9	6	41	54
1x58	28	24	36	55	4	33	7
1x58	29	1	39	14	24	41	15
1x58	29	13	51	47	54	18	23
1x58	29	18	4	25	27	57	10
1x58	29	6	24	7	33	10	43
1x58	3	28	7	32	48	8	57
1x58	3	29	50	7	34	53	27
1x58	3	31	54	6	44	10	32
1x58	3	40	19	54	21	43	50
1x58	3	46	37	23	32	55	1
1x58	30	16	17	20	59	2	11
1x58	30	23	59	55	27	36	17
1x58	31	43	10	3	35	51	23
1x58	31	56	43	12	42	6	36
1x58	32	11	16	51	39	13	30
1x58	32	11	57	39	49	55	38
1x58	32	12	10	18	23	9	35
1x58	36	46	37	50	27	28	19
1x58	36	46	59	2	57	37	14
1x58	37	30	46	24	4	12	40
1x58	38	21	39	48	17	14	44
1x58	39	10	8	54	11	26	4
1x58	39	17	55	31	60	44	5
1x58	39	28	23	20	50	1	48
1x58	39	33	59	38	43	44	12
1x58	39	38	44	52	14	59	49
1x58	4	13	14	34	3	55	48
1x58	4	25	20	55	10	6	7
1x58	4	35	36	16	44	9	19
1x58	4	38	25	59	18	17	42
1x58	4	54	35	9	18	14	25
1x58	40	13	12	48	20	45	3
1x58	40	21	29	6	17	48	42
1x58	40	25	6	8	4	41	56
1x58	40	27	38	25	8	33	56
1x58	40	35	36	51	56	31	53
1x58	40	54	6	31	47	10	12
1x58	41	14	27	15	60	43	55
1x58	41	28	33	52	21	56	4
1x58	41	38	15	28	17	19	3
1x58	41	49	28	15	30	53	19
1x58	41	53	37	21	28	25	20
1x58	42	33	46	2	26	25	30
1x58	43	1	55	10	13	11	36
1x58	43	49	15	16	14	19	33
1x58	44	26	42	36	15	24	10
1x58	44	60	22	45	19	46	14
1x58	44	7	1	4	56	41	51
1x58	45	25	30	6	19	27	52
1x58	46	1	29	32	45	27	19
1x58	46	23	45	42	60	21	36
1x58	46	40	11	52	60	28	26
1x58	47	60	29	5	55	22	15
1x58	48	18	59	9	22	55	8
1x58	48	57	21	33	43	54	39
1x58	49	20	6	21	7	39	60
1x58	49	26	50	37	36	28	40
1x58	49	55	7	13	26	2	50
1x58	49	56	10	33	17	7	19
1x58	5	16	48	25	15	54	44
1x58	5	49	42	17	52	34	56
1x58	50	46	31	36	14	44	52
1x58	51	17	19	20	56	9	36
1x58	51	3	36	29	43	23	40
1x58	51	40	35	26	28	52	17
1x58	51	49	16	10	45	2	48
1x58	52	40	17	13	27	49	21
1x58	52	41	29	49	28	43	46
1x58	53	29	18	48	11	60	32
1x58	54	15	57	55	59	32	11
1x58	54	40	56	52	12	17	47
1x58	54	59	38	5	31	24	55
1x58	54	60	52	45	59	7	39
1x58	55	2	25	21	46	23	59
1x58	55	27	8	7	45	34	42
1x58	55	42	41	4	48	18	57
1x58	55	52	29	19	13	16	27
1x58	55	56	39	6	28	8	60
1x58	55	9	35	60	13	24	7
1x58	57	22	56	34	27	8	30
1x58	57	28	37	53	44	30	48
1x58	57	29	45	21	26	42	6
1x58	57	29	54	24	4	39	47
1x58	57	52	50	45	56	44	14
1x58	59	1	25	27	31	29	28
1x58	6	4	60	16	17	21	32
1x58	6	45	55	2	31	28	44
1x58	6	53	49	14	34	38	8
1x58	60	14	26	16	45	40	46
1x58	60	44	37	35	23	59	48
1x58	60	57	52	37	33	28	46
1x58	7	28	46	41	48	24	12
1x58	7	40	16	42	10	35	12
1x58	7	6	19	29	18	12	57
1x59	1	14	35	15	16	11	32
1x59	1	28	25	44	16	19	32
1x59	10	16	17	51	44	3	39
1x59	10	20	28	22	45	55	44
1x59	10	7	46	34	8	42	28
1x59	11	22	13	57	55	19	27
1x59	11	29	13	23	50	17	1
1x59	11	3	36	46	50	10	57
1x59	11	51	17	23	43	4	42
1x59	12	4	39	56	14	36	51
1x59	13	1	19	14	60	44	22
1x59	13	21	57	10	7	53	46
1x59	13	47	33	5	3	32	7
1x59	13	47	51	41	16	1	24
1x59	13	56	36	7	1	51	58
1x59	14	53	30	49	18	56	31
1x59	15	27	22	25	58	10	9
1x59	15	27	6	45	8	54	28
1x59	15	47	60	18	17	19	35
1x59	16	19	15	35	47	55	32
1x59	16	19	47	57	34	14	23
1x59	16	46	41	31	14	35	56
1x59	18	8	4	34	40	52	54
1x59	19	20	41	46	15	29	24
1x59	20	14	7	26	52	54	53
1x59	20	31	54	35	32	15	46
1x59	20	39	52	24	29	15	47
1x59	20	52	35	24	2	3	50
1x59	21	23	10	5	27	34	39
1x59	22	13	48	36	11	21	57
1x59	22	24	54	58	29	30	46
1x59	22	6	37	30	36	58	19
1x59	23	31	13	36	6	24	32
1x59	24	2	6	53	35	5	54
1x59	24	31	32	49	22	21	45
1x59	24	38	45	32	11	51	4
1x59	24	44	16	8	18	42	5
1x59	24	56	12	49	37	36	40
1x59	24	58	27	53	25	18	19
1x59	25	13	19	15	42	34	47
1x59	25	28	58	30	24	51	44
1x59	25	4	27	28	54	35	36
1x59	26	14	46	6	55	30	33
1x59	26	40	44	50	5	38	11
1x59	26	47	57	11	8	31	49
1x59	26	51	1	25	11	27	23
1x59	26	53	52	34	35	24	13
1x59	26	8	41	15	53	27	54
1x59	27	15	58	7	23	18	37
1x59	27	22	19	29	36	26	30
1x59	27	23	37	2	3	35	30
1x59	27	31	5	42	36	28	17
1x59	28	38	43	14	22	41	15
1x59	28	46	10	56	14	22	8
1x59	28	51	16	22	3	8	43
1x59	29	41	30	21	35	54	45
1x59	29	53	56	22	35	11	3
1x59	29	7	18	35	39	36	58
1x59	3	49	28	48	60	19	5
1x59	30	11	10	39	37	36	33
1x59	30	38	46	42	10	48	44
1x59	30	48	2	60	27	56	22
1x59	32	26	30	36	52	47	41
1x59	32	3	9	2	33	30	16
1x59	32	30	28	60	26	34	49
1x59	33	19	34	47	40	12	5
1x59	33	32	22	47	35	29	12
1x59	33	50	53	10	57	9	45
1x59	33	56	46	54	23	11	20
1x59	33	7	47	58	53	24	50
1x59	34	28	55	29	40	48	39
1x59	34	49	4	48	33	13	37
1x59	35	14	18	1	37	53	34
1x59	35	16	33	20	17	52	14
1x59	35	22	55	14	39	21	57
1x59	35	44	20	16	45	17	5
1x59	36	41	32	13	48	11	12
1x59	36	50	60	42	24	8	54
1x59	37	22	11	44	14	3	40
1x59	37	34	16	39	25	41	18
1x59	37	52	24	10	35	48	56
1x59	38	25	8	5	27	2	57
1x59	38	42	7	45	27	29	30
1x59	38	44	7	16	36	31	40
1x59	39	48	13	28	7	9	29
1x59	4	43	40	29	2	24	50
1x59	4	6	7	47	29	41	13
1x59	40	1	34	8	53	32	38
1x59	40	10	35	54	23	32	25
1x59	40	11	2	15	14	24	33
1x59	40	39	29	41	48	24	47
1x59	40	5	39	26	41	48	33
1x59	41	10	60	39	12	56	33
1x59	41	37	15	35	43	22	58
1x59	41	45	22	53	29	35	46
1x59	41	49	35	5	23	8	60
1x59	41	6	42	45	40	50	51
1x59	42	14	20	5	6	8	40
1x59	42	41	29	26	3	15	53
1x59	42	5	17	52	45	53	50
1x59	43	22	11	27	14	39	38
1x59	43	22	14	51	49	28	19
1x59	43	56	28	49	4	51	7
1x59	44	17	34	15	9	47	2
1x59	44	26	15	57	14	12	19
1x59	44	27	39	4	20	21	9
1x59	44	32	50	42	51	34	35
1x59	44	52	37	7	39	16	18
1x59	44	54	3	2	31	58	25
1x59	44	57	38	37	47	55	42
1x59	45	10	39	47	31	4	52
1x59	46	22	21	35	7	60	40
1x59	47	33	7	11	58	46	39
1x59	47	9	56	2	35	55	31
1x59	48	16	52	30	53	27	41
1x59	48	20	10	42	41	29	35
1x59	49	10	23	26	13	18	47
1x59	49	4	56	51	27	43	17
1x59	5	23	49	25	6	60	55
1x59	5	53	33	60	41	20	54
1x59	50	23	32	25	40	10	34
1x59	50	33	15	6	53	47	31
1x59	50	52	14	13	43	37	12
1x59	50	6	13	27	8	58	2
1x59	51	22	36	37	1	32	27
1x59	51	27	41	5	18	13	3
1x59	51	38	52	57	26	58	25
1x59	51	57	26	19	12	2	23
1x59	52	44	23	51	16	55	25
1x59	53	21	38	15	31	54	33
1x59	53	30	5	46	2	48	57
1x59	53	34	57	54	6	23	25
1x59	53	57	37	45	30	47	31
1x59	54	14	53	17	18	19	49
1x59	54	24	43	9	18	37	15
1x59	54	37	18	12	7	60	35
1x59	54	4	2	48	32	42	10
1x59	54	46	12	60	28	11	4
1x59	55	37	38	56	41	14	19
1x59	55	4	54	2	44	24	57
1x59	55	5	31	32	9	41	1
1x59	55	52	25	48	46	23	11
1x59	56	34	18	26	53	35	23
1x59	56	39	2	26	28	45	21
1x59	58	15	38	50	3	13	22
1x59	58	17	44	52	32	56	16
1x59	58	24	28	36	11	34	12
1x59	58	25	21	22	33	12	57
1x59	6	16	51	10	17	15	39
1x59	6	46	57	36	45	19	7
1x59	6	54	32	44	22	58	31
1x59	6	7	5	29	8	1	3
1x59	6	8	22	39	49	18	7
1x59	60	12	43	39	1	13	48
1x59	60	31	36	1	8	27	58
1x59	60	58	39	2	52	11	10
1x59	7	55	21	56	52	50	18
1x59	8	23	39	13	12	47	4
1x59	8	38	31	32	25	11	51
1x59	8	41	32	44	58	18	2
1x59	9	23	38	4	15	54	16
1x59	9	45	48	22	42	51	12
1x6	1	48	10	41	4	27	38
1x6	1	49	12	23	35	18	25
1x6	1	49	2	16	56	32	58
1x6	1	55	38	57	50	40	46
1x6	10	11	43	5	26	22	17
1x6	10	22	36	20	35	2	60
1x6	10	52	25	12	43	3	32
1x6	11	20	30	38	1	42	13
1x6	11	41	34	42	4	17	59
1x6	11	52	44	29	18	19	49
1x6	12	26	21	23	58	17	10
1x6	12	27	14	25	23	53	51
1x6	12	27	59	40	8	20	26
1x6	14	23	35	53	58	60	46
1x6	14	24	5	33	30	44	20
1x6	14	4	18	13	30	28	60
1x6	15	27	21	19	48	50	22
1x6	15	34	58	30	49	36	39
1x6	15	5	30	50	24	13	40
1x6	15	7	5	35	11	52	31
1x6	16	1	60	20	21	18	9
1x6	16	43	60	11	23	37	3
1x6	16	49	34	54	8	9	41
1x6	17	24	47	35	27	4	32
1x6	17	33	53	34	10	49	5
1x6	18	15	50	3	60	56	19
1x6	18	53	51	42	60	9	40
1x6	19	22	24	48	8	21	52
1x6	19	43	18	52	44	16	4
1x6	19	49	14	37	29	12	40
1x6	2	10	55	52	27	41	5
1x6	2	26	41	42	56	19	27
1x6	2	39	33	54	12	20	51
1x6	20	35	9	53	27	56	46
1x6	21	13	8	52	47	29	51
1x6	22	19	15	9	33	21	49
1x6	22	60	31	36	41	49	10
1x6	23	5	43	35	21	7	48
1x6	23	7	27	53	51	17	19
1x6	24	17	26	35	47	37	5
1x6	24	28	36	38	17	5	58
1x6	24	44	45	43	22	38	47
1x6	24	5	44	49	14	57	11
1x6	26	45	34	58	55	53	33
1x6	27	10	40	32	17	33	21
1x6	27	22	13	2	33	14	40
1x6	27	35	31	60	15	32	17
1x6	27	45	37	51	16	49	9
1x6	27	60	53	2	44	41	1
1x6	28	31	40	34	9	54	1
1x6	28	36	56	5	23	53	52
1x6	28	40	2	14	18	41	57
1x6	29	1	49	31	35	38	2
1x6	29	18	8	21	39	55	2
1x6	29	30	36	2	40	34	47
1x6	3	21	50	35	19	9	51
1x6	3	5	8	21	12	31	27
1x6	30	2	20	52	17	44	7
1x6	30	28	60	55	49	32	46
1x6	30	45	25	57	40	5	47
1x6	31	58	21	43	38	33	56
1x6	32	23	38	14	40	43	22
1x6	32	31	51	58	16	43	4
1x6	32	46	3	19	58	35	24
1x6	33	15	32	40	27	2	34
1x6	33	35	39	55	18	52	59
1x6	35	12	25	11	8	34	47
1x6	35	31	23	9	25	27	7
1x6	35	34	14	44	31	49	51
1x6	35	42	55	59	31	48	36
1x6	36	12	16	23	55	1	58
1x6	36	4	35	13	41	19	32
1x6	36	56	47	2	52	48	20
1x6	37	27	53	52	43	3	60
1x6	38	13	37	5	18	8	25
1x6	38	19	17	47	49	10	26
1x6	39	10	12	28	8	60	34
1x6	39	23	43	17	37	1	22
1x6	39	41	60	7	52	12	29
1x6	39	59	57	17	44	5	49
1x6	39	60	51	47	17	14	9
1x6	4	28	23	52	19	17	11
1x6	4	40	13	10	24	47	54
1x6	4	54	1	52	17	23	60
1x6	40	2	1	11	10	7	8
1x6	40	45	24	16	2	34	53
1x6	41	14	7	21	46	22	48
1x6	41	22	17	39	36	42	46
1x6	41	28	1	55	19	31	7
1x6	41	48	57	59	39	18	51
1x6	42	17	44	23	28	25	60
1x6	42	28	10	53	5	54	14
1x6	42	28	31	14	51	58	25
1x6	42	47	40	45	37	55	28
1x6	44	2	59	42	54	25	35
1x6	44	3	23	46	10	43	52
1x6	44	37	32	31	5	46	9
1x6	44	54	2	5	38	23	32
1x6	45	12	39	18	7	42	40
1x6	45	19	35	3	25	8	17
1x6	45	31	23	5	15	30	3
1x6	45	50	53	43	17	49	10
1x6	46	19	32	37	51	40	22
1x6	46	38	29	23	60	44	59
1x6	47	10	26	25	45	55	18
1x6	47	25	2	43	3	22	26
1x6	47	25	20	32	59	15	30
1x6	47	33	49	3	30	55	37
1x6	47	48	1	36	51	2	55
1x6	49	12	26	14	17	21	56
1x6	49	24	8	53	22	35	10
1x6	5	11	31	22	3	37	15
1x6	50	41	29	23	44	57	56
1x6	50	47	13	54	2	26	55
1x6	50	54	51	48	7	35	28
1x6	50	55	14	4	25	53	22
1x6	50	57	19	13	17	31	12
1x6	50	57	49	2	23	47	55
1x6	51	12	23	30	2	3	50
1x6	52	18	54	9	10	56	36
1x6	52	51	2	12	27	36	24
1x6	53	31	59	34	12	15	57
1x6	53	40	42	51	52	1	34
1x6	54	24	55	32	15	27	4
1x6	54	4	28	55	24	50	26
1x6	55	15	5	21	39	30	35
1x6	55	20	48	27	3	38	19
1x6	55	33	5	35	48	54	36
1x6	55	57	52	32	59	58	7
1x6	56	40	49	41	30	45	55
1x6	56	48	30	51	26	52	32
1x6	56	49	41	32	20	55	43
1x6	57	44	22	51	45	48	7
1x6	57	51	58	17	30	9	15
1x6	57	54	30	17	8	37	35
1x6	58	20	10	55	24	13	21
1x6	58	28	5	20	3	27	22
1x6	58	37	25	16	35	27	38
1x6	58	41	36	24	29	50	45
1x6	59	43	47	50	24	37	60
1x6	60	17	12	54	46	48	23
1x6	60	19	15	25	35	16	56
1x6	60	25	29	47	8	30	51
1x6	60	8	46	57	56	19	49
1x6	7	19	39	55	38	56	11
1x6	7	23	60	20	54	46	44
1x6	7	35	37	13	21	40	54
1x6	7	39	1	14	18	3	49
1x6	7	58	48	52	2	35	30
1x6	8	1	23	54	3	39	58
1x6	8	30	31	9	58	3	44
1x6	8	59	28	7	5	50	9
1x6	9	3	41	36	58	60	7
1x6	9	55	2	5	21	14	42
1x60	1	34	57	36	12	10	20
1x60	1	47	14	58	26	12	3
1x60	10	34	6	13	26	32	2
1x60	10	59	49	9	33	42	36
1x60	11	4	14	10	8	49	59
1x60	11	4	41	1	59	27	51
1x60	11	40	37	27	13	5	39
1x60	11	45	3	47	37	44	36
1x60	11	54	40	34	52	23	13
1x60	12	22	48	32	6	14	23
1x60	12	25	9	44	15	48	32
1x60	12	5	35	41	58	52	20
1x60	12	50	4	57	16	11	9
1x60	13	15	27	58	57	32	33
1x60	13	20	24	36	56	4	5
1x60	13	33	46	49	50	36	8
1x60	13	41	14	39	19	53	34
1x60	14	11	26	10	40	46	12
1x60	15	32	43	39	30	3	54
1x60	15	5	24	33	37	48	11
1x60	15	5	57	16	13	35	29
1x60	16	11	39	43	7	4	33
1x60	16	27	46	34	28	55	12
1x60	17	20	36	50	4	58	5
1x60	18	23	41	29	6	17	33
1x60	18	28	55	33	6	36	19
1x60	18	33	52	17	21	53	11
1x60	18	40	4	15	8	10	33
1x60	18	7	35	4	12	41	31
1x60	19	1	39	41	38	18	59
1x60	19	26	36	28	32	58	24
1x60	19	34	42	30	48	17	20
1x60	19	43	29	47	28	11	35
1x60	2	35	1	54	6	13	24
1x60	2	51	16	43	57	5	22
1x60	2	8	35	52	51	29	42
1x60	20	11	34	1	7	46	53
1x60	20	48	54	17	40	10	28
1x60	21	4	24	31	41	51	27
1x60	21	42	15	20	4	56	29
1x60	21	7	17	3	33	54	25
1x60	22	30	56	27	20	10	36
1x60	23	39	32	3	31	4	47
1x60	23	52	34	54	22	58	59
1x60	23	56	55	52	48	54	21
1x60	24	27	41	6	31	32	20
1x60	24	29	37	1	57	3	12
1x60	24	35	10	49	2	55	37
1x60	24	55	4	35	58	56	52
1x60	25	16	11	5	17	24	41
1x60	25	4	3	21	9	1	35
1x60	25	40	13	16	49	28	59
1x60	26	14	13	9	32	19	16
1x60	26	27	6	35	8	15	29
1x60	26	43	58	6	5	39	8
1x60	26	9	13	1	35	53	59
1x60	27	12	32	13	1	51	33
1x60	27	29	6	12	22	50	40
1x60	28	2	17	8	58	12	1
1x60	28	24	51	32	57	33	16
1x60	29	56	20	49	40	50	36
1x60	29	6	47	31	35	7	3
1x60	3	12	38	53	27	22	15
1x60	3	14	32	27	49	44	51
1x60	3	21	17	30	1	42	46
1x60	3	36	33	58	59	6	24
1x60	3	46	30	10	32	48	59
1x60	3	58	27	4	39	49	2
1x60	30	32	59	6	46	26	22
1x60	30	6	47	4	1	25	17
1x60	31	3	23	9	15	43	18
1x60	31	37	39	41	40	26	55
1x60	32	2	4	3	17	11	13
1x60	32	8	24	49	11	33	48
1x60	33	59	6	7	10	51	31
1x60	34	26	5	44	59	45	47
1x60	34	38	39	26	54	5	48
1x60	34	48	38	5	51	14	46
1x60	35	24	10	25	46	55	9
1x60	36	2	1	28	27	30	33
1x60	36	27	21	34	8	26	44
1x60	37	17	19	32	42	46	54
1x60	37	47	42	31	48	29	20
1x60	38	10	48	46	15	21	9
1x60	38	37	40	33	17	9	29
1x60	38	4	1	35	59	31	7
1x60	38	41	47	34	44	32	59
1x60	39	17	27	34	32	59	2
1x60	39	52	50	16	24	1	13
1x60	4	35	55	26	18	23	16
1x60	4	55	45	9	29	26	10
1x60	40	49	25	42	20	7	29
1x60	41	28	20	54	32	39	55
1x60	41	29	48	44	51	38	54
1x60	41	36	2	54	18	43	46
1x60	42	41	1	14	25	27	48
1x60	42	55	47	14	29	19	43
1x60	42	59	16	51	36	22	53
1x60	43	17	40	2	1	25	33
1x60	43	18	19	45	32	30	22
1x60	43	25	44	39	5	32	37
1x60	43	27	3	4	20	18	38
1x60	43	36	47	18	19	33	12
1x60	44	22	53	55	46	36	49
1x60	44	56	34	10	35	38	46
1x60	45	13	30	46	55	56	50
1x60	45	17	30	37	4	3	5
1x60	45	52	34	35	21	57	41
1x60	45	54	22	16	26	39	27
1x60	46	10	28	4	27	54	24
1x60	46	37	40	24	45	43	17
1x60	46	39	45	18	51	2	41
1x60	46	40	54	28	14	50	29
1x60	47	25	41	1	40	36	22
1x60	47	26	28	16	58	27	30
1x60	47	30	5	8	2	49	50
1x60	47	45	15	7	46	18	56
1x60	47	45	43	14	42	7	55
1x60	47	53	4	43	36	1	42
1x60	48	20	35	59	31	50	19
1x60	48	32	38	4	9	30	40
1x60	48	4	19	8	12	13	34
1x60	49	24	26	53	47	18	8
1x60	49	26	9	45	34	31	56
1x60	49	4	13	42	7	53	38
1x60	49	47	59	22	34	20	33
1x60	49	51	45	37	43	36	30
1x60	5	15	16	2	27	13	56
1x60	5	33	56	9	42	1	43
1x60	5	37	22	28	12	58	56
1x60	50	15	4	31	9	46	23
1x60	50	2	16	54	10	11	29
1x60	50	2	8	10	45	7	6
1x60	50	30	7	52	8	36	20
1x60	51	43	46	27	58	29	57
1x60	51	48	40	28	33	37	42
1x60	51	5	43	1	29	41	45
1x60	53	18	17	56	4	40	19
1x60	53	35	23	38	29	14	7
1x60	53	8	56	22	35	20	5
1x60	54	39	19	50	15	20	34
1x60	54	43	52	28	23	15	4
1x60	54	56	19	33	20	13	32
1x60	56	19	13	4	38	52	10
1x60	56	32	7	42	8	36	53
1x60	57	14	50	20	49	26	4
1x60	57	44	36	51	50	28	32
1x60	57	56	15	32	31	28	44
1x60	57	58	49	14	33	6	28
1x60	58	23	43	28	41	7	17
1x60	58	29	13	16	39	3	48
1x60	58	35	4	22	49	26	56
1x60	58	38	4	6	42	35	16
1x60	59	10	25	23	32	55	35
1x60	59	18	29	32	38	47	35
1x60	59	33	7	8	10	52	9
1x60	6	23	27	59	29	52	35
1x60	6	5	23	28	14	54	45
1x60	6	50	36	26	38	18	25
1x60	6	55	36	53	2	52	49
1x60	7	14	9	30	41	10	3
1x60	7	48	35	45	33	13	2
1x60	8	15	33	6	1	38	11
1x60	8	52	2	39	29	32	17
1x60	9	57	22	58	24	4	48
1x7	1	13	31	44	38	9	22
1x7	1	23	44	53	19	10	39
1x7	1	27	4	9	30	5	40
1x7	10	24	11	47	13	2	8
1x7	10	29	23	60	3	55	56
1x7	10	46	24	16	36	38	35
1x7	10	46	49	5	25	50	31
1x7	10	59	17	25	43	53	3
1x7	10	6	19	60	54	52	43
1x7	11	25	46	29	59	27	5
1x7	11	36	59	47	9	38	23
1x7	11	41	30	24	36	20	17
1x7	12	16	22	28	21	52	37
1x7	13	51	56	32	55	33	39
1x7	14	15	35	56	3	8	54
1x7	14	18	16	43	49	24	8
1x7	14	32	42	49	48	35	3
1x7	14	45	26	34	6	60	28
1x7	14	49	12	21	41	55	9
1x7	15	5	48	56	13	30	16
1x7	15	50	9	18	31	58	13
1x7	16	29	17	19	60	24	5
1x7	16	42	39	44	47	28	5
1x7	17	10	41	56	20	49	9
1x7	17	5	27	16	56	48	22
1x7	17	53	49	1	36	50	58
1x7	17	60	27	16	9	38	39
1x7	18	37	58	40	19	25	54
1x7	18	39	43	15	31	22	4
1x7	18	39	50	12	6	38	45
1x7	19	15	55	30	6	35	46
1x7	19	21	2	45	10	43	31
1x7	19	47	35	33	42	34	40
1x7	19	56	23	58	28	42	40
1x7	2	24	17	6	19	37	56
1x7	2	27	31	22	23	4	17
1x7	20	17	14	53	40	36	12
1x7	20	37	28	31	17	2	10
1x7	21	13	22	6	1	34	55
1x7	21	20	6	25	24	16	27
1x7	21	22	31	1	48	15	56
1x7	21	36	38	26	32	54	37
1x7	21	39	30	35	50	60	43
1x7	21	41	14	27	8	26	20
1x7	22	54	52	17	57	26	40
1x7	24	10	11	48	20	43	12
1x7	25	16	43	50	17	12	42
1x7	25	42	21	28	51	36	33
1x7	26	41	10	38	15	53	60
1x7	27	37	57	26	30	39	11
1x7	27	39	23	36	16	32	20
1x7	27	39	9	19	32	57	18
1x7	27	60	8	6	16	25	28
1x7	28	44	26	43	32	31	38
1x7	28	48	6	12	56	47	10
1x7	29	44	10	11	54	37	42
1x7	3	19	1	29	26	38	50
1x7	3	22	12	58	41	10	15
1x7	3	24	35	52	29	21	1
1x7	3	40	24	25	14	35	10
1x7	3	46	49	22	59	19	30
1x7	30	25	8	17	22	18	32
1x7	30	28	51	15	33	11	27
1x7	30	29	18	23	22	39	52
1x7	30	42	34	13	33	54	8
1x7	30	9	14	53	39	36	18
1x7	32	30	48	22	53	5	52
1x7	32	48	20	29	33	16	37
1x7	32	58	34	17	36	18	30
1x7	33	30	35	44	36	11	53
1x7	33	49	57	53	6	24	15
1x7	34	18	37	5	55	46	13
1x7	34	49	20	22	37	60	45
1x7	34	52	48	32	45	10	11
1x7	34	53	42	17	9	48	28
1x7	35	14	30	38	17	60	34
1x7	35	3	41	16	17	31	39
1x7	35	5	55	57	21	27	54
1x7	36	11	12	1	53	33	22
1x7	36	17	19	16	20	3	10
1x7	36	39	30	31	40	33	32
1x7	37	38	48	22	5	46	52
1x7	37	4	35	54	44	51	43
1x7	37	43	19	1	21	41	50
1x7	38	16	41	15	34	21	11
1x7	38	32	1	26	33	25	9
1x7	38	37	1	49	6	44	19
1x7	38	47	37	19	15	31	4
1x7	38	48	31	15	57	18	2
1x7	38	55	16	18	31	14	23
1x7	39	24	9	33	56	25	32
1x7	39	8	26	24	29	1	49
1x7	4	45	54	44	32	29	41
1x7	40	11	23	55	15	30	21
1x7	41	50	38	15	29	20	8
1x7	41	6	37	51	22	14	17
1x7	42	1	10	37	52	14	6
1x7	42	10	36	53	11	18	13
1x7	42	16	6	50	13	32	18
1x7	42	50	46	18	20	34	45
1x7	42	53	34	27	52	44	25
1x7	42	55	18	20	12	24	33
1x7	42	60	5	19	15	37	17
1x7	43	9	36	44	12	39	22
1x7	44	17	59	21	33	56	60
1x7	44	3	16	10	57	14	36
1x7	44	41	53	45	35	4	3
1x7	44	56	4	9	8	57	31
1x7	44	57	60	41	56	42	46
1x7	45	13	20	48	19	57	43
1x7	45	2	19	44	58	20	43
1x7	45	26	56	22	35	23	11
1x7	45	31	34	54	52	40	43
1x7	45	32	15	52	23	57	44
1x7	45	35	53	31	20	50	44
1x7	46	30	18	8	57	31	1
1x7	46	31	50	12	22	52	9
1x7	47	53	28	29	20	33	9
1x7	48	24	11	14	34	45	18
1x7	49	20	52	33	24	35	16
1x7	49	21	20	11	57	60	32
1x7	49	21	59	25	23	43	48
1x7	49	39	5	36	21	9	53
1x7	5	12	30	28	48	13	24
1x7	5	13	44	37	59	34	58
1x7	5	31	14	29	44	34	58
1x7	5	31	34	41	6	17	22
1x7	5	31	47	20	57	33	19
1x7	5	58	52	21	50	33	2
1x7	50	19	22	36	21	46	41
1x7	50	21	17	42	19	38	13
1x7	50	30	36	51	11	2	14
1x7	50	35	20	22	34	25	28
1x7	50	37	5	32	58	3	33
1x7	50	54	32	60	26	38	41
1x7	51	40	17	19	27	42	32
1x7	52	11	60	5	56	28	25
1x7	52	50	51	16	21	42	1
1x7	53	5	2	17	10	6	51
1x7	53	54	31	1	57	43	56
1x7	54	30	29	52	44	24	25
1x7	55	10	34	37	8	31	50
1x7	55	13	18	27	56	57	41
1x7	55	18	20	54	46	3	37
1x7	55	34	13	30	1	17	29
1x7	55	44	4	40	16	25	6
1x7	55	45	37	34	49	4	42
1x7	56	13	32	40	48	36	15
1x7	56	14	57	24	37	23	16
1x7	56	52	25	37	50	42	3
1x7	56	54	46	26	41	28	38
1x7	56	59	11	12	1	51	54
1x7	56	9	37	50	31	39	14
1x7	57	17	37	47	30	18	53
1x7	57	47	19	56	45	17	12
1x7	59	10	6	9	19	55	36
1x7	59	26	29	23	21	30	49
1x7	59	3	35	8	17	36	40
1x7	59	34	16	50	57	15	8
1x7	59	58	20	1	49	52	14
1x7	60	43	6	19	34	21	5
1x7	8	41	34	20	3	46	29
1x7	9	18	42	38	17	23	1
1x7	9	25	32	8	43	52	51
1x7	9	31	48	32	34	5	4
1x7	9	33	52	1	29	34	26
1x7	9	41	21	28	11	50	6
1x7	9	46	60	27	2	29	39
1x7	9	49	2	13	14	12	23
1x8	1	30	33	20	39	44	2
1x8	1	47	41	55	18	14	4
1x8	10	13	1	51	11	30	40
1x8	10	16	53	30	18	39	36
1x8	10	32	22	25	24	42	20
1x8	11	18	20	6	60	28	50
1x8	11	21	17	30	60	16	57
1x8	11	23	7	49	27	9	48
1x8	12	1	26	31	7	5	16
1x8	12	19	13	18	37	51	56
1x8	12	21	48	29	25	35	1
1x8	12	4	53	32	2	6	55
1x8	12	50	52	21	17	29	57
1x8	12	52	42	43	45	25	20
1x8	12	53	11	42	48	21	9
1x8	13	16	32	58	4	59	7
1x8	13	40	22	43	49	28	5
1x8	13	5	47	24	58	1	2
1x8	14	13	49	45	10	29	57
1x8	14	20	18	24	12	30	45
1x8	14	48	16	11	4	41	10
1x8	14	59	24	48	29	6	43
1x8	14	60	33	35	5	52	13
1x8	15	45	26	38	22	2	20
1x8	15	46	41	33	16	7	55
1x8	16	28	14	56	31	57	48
1x8	16	33	59	30	57	48	19
1x8	17	25	13	46	9	42	58
1x8	17	3	6	43	46	12	47
1x8	17	49	7	13	33	18	41
1x8	17	50	24	4	45	56	13
1x8	18	22	13	19	24	34	49
1x8	18	22	33	19	43	35	28
1x8	18	45	50	52	15	25	48
1x8	18	48	1	14	11	7	60
1x8	19	51	40	50	4	25	20
1x8	19	57	23	42	9	51	49
1x8	19	9	44	6	18	51	27
1x8	2	12	13	18	57	3	55
1x8	2	30	42	12	55	13	58
1x8	2	45	24	47	6	58	53
1x8	2	45	59	28	40	41	34
1x8	2	60	38	43	12	49	58
1x8	20	32	59	54	4	17	29
1x8	20	51	53	4	19	44	37
1x8	20	57	56	40	3	35	5
1x8	20	7	2	18	13	30	37
1x8	21	1	24	3	25	51	44
1x8	21	12	44	3	13	9	57
1x8	21	35	7	11	12	6	5
1x8	21	49	50	30	46	26	27
1x8	21	7	47	25	50	42	59
1x8	22	1	55	56	51	38	43
1x8	22	31	43	37	6	57	54
1x8	22	7	51	31	28	43	44
1x8	23	10	15	25	51	32	5
1x8	23	26	18	38	60	57	34
1x8	23	54	21	38	11	47	13
1x8	24	12	53	55	32	25	2
1x8	24	22	23	37	33	14	15
1x8	24	27	7	13	55	60	57
1x8	24	34	40	42	2	47	19
1x8	24	34	6	60	55	35	36
1x8	24	6	15	39	11	20	36
1x8	25	29	18	50	54	17	45
1x8	25	41	14	13	58	50	55
1x8	26	29	55	58	10	33	41
1x8	26	58	46	34	27	38	31
1x8	27	2	17	36	26	60	37
1x8	28	14	11	54	25	7	4
1x8	29	38	25	3	37	26	27
1x8	29	54	9	51	59	3	50
1x8	3	12	39	56	32	26	22
1x8	3	33	2	26	44	40	58
1x8	3	56	58	47	54	46	5
1x8	30	23	57	18	1	48	38
1x8	30	3	24	43	4	40	55
1x8	30	7	26	17	57	1	2
1x8	31	26	10	43	35	36	41
1x8	31	33	49	37	28	17	19
1x8	31	35	12	54	29	4	36
1x8	31	52	45	42	13	34	21
1x8	31	60	6	56	21	30	15
1x8	32	11	50	10	58	22	57
1x8	32	44	36	23	16	3	45
1x8	33	12	50	34	49	42	45
1x8	33	14	26	10	2	17	22
1x8	33	4	48	1	22	9	20
1x8	33	43	27	34	49	20	60
1x8	33	43	45	60	11	4	13
1x8	33	51	29	31	20	9	35
1x8	34	18	21	15	9	25	32
1x8	34	39	57	56	33	46	7
1x8	34	48	53	52	15	13	35
1x8	35	3	9	53	55	51	34
1x8	35	5	32	30	24	2	14
1x8	35	54	30	9	28	15	29
1x8	35	55	3	26	48	4	46
1x8	35	56	31	23	28	16	45
1x8	36	23	53	10	16	26	18
1x8	36	30	51	6	24	2	56
1x8	36	53	48	60	57	5	45
1x8	36	54	48	34	23	20	5
1x8	37	22	53	27	13	15	6
1x8	37	23	35	32	6	14	60
1x8	37	24	21	56	19	35	53
1x8	37	24	42	44	55	33	9
1x8	37	40	19	35	41	49	1
1x8	38	31	35	12	41	7	3
1x8	38	40	55	5	11	59	23
1x8	38	57	21	22	28	29	4
1x8	38	9	4	3	11	26	48
1x8	39	12	53	31	48	36	19
1x8	39	19	18	55	32	50	54
1x8	39	35	52	22	34	55	13
1x8	39	37	33	41	45	3	56
1x8	39	49	24	30	9	17	7
1x8	39	6	45	44	30	48	32
1x8	4	12	23	16	55	3	13
1x8	4	14	41	15	16	32	59
1x8	4	20	52	41	40	22	10
1x8	4	23	16	39	26	19	29
1x8	4	29	28	12	32	23	27
1x8	4	36	44	59	48	11	52
1x8	4	37	13	22	33	7	10
1x8	4	6	18	16	12	55	24
1x8	40	36	48	57	20	14	21
1x8	40	55	47	32	38	46	26
1x8	41	15	7	27	16	46	24
1x8	41	28	14	45	13	2	59
1x8	41	9	25	18	26	54	59
1x8	42	28	50	44	3	55	58
1x8	42	44	46	13	60	41	2
1x8	42	45	4	12	30	32	33
1x8	42	60	15	19	49	37	51
1x8	43	24	57	35	26	2	14
1x8	44	21	45	47	25	9	55
1x8	44	43	16	47	1	29	52
1x8	44	48	53	31	2	45	15
1x8	44	5	48	51	53	6	41
1x8	45	37	11	26	23	3	13
1x8	45	9	39	47	4	24	36
1x8	46	13	38	4	45	7	17
1x8	46	15	55	12	18	16	27
1x8	46	27	32	3	26	29	18
1x8	46	30	44	4	6	60	22
1x8	46	39	40	54	45	18	21
1x8	47	50	30	22	10	1	52
1x8	48	22	2	59	45	12	54
1x8	48	37	14	9	50	29	4
1x8	48	47	44	49	40	24	52
1x8	48	52	37	28	5	38	34
1x8	5	1	7	12	36	47	48
1x8	5	44	1	23	34	17	3
1x8	50	22	39	59	1	25	5
1x8	50	24	21	15	49	43	60
1x8	50	44	29	38	51	17	28
1x8	51	15	37	56	33	17	39
1x8	51	45	27	30	58	34	33
1x8	51	59	13	41	49	15	16
1x8	52	1	43	21	26	17	16
1x8	52	17	13	43	39	16	14
1x8	52	21	39	9	37	13	22
1x8	52	25	39	55	58	4	15
1x8	52	34	37	58	19	25	41
1x8	52	35	23	47	30	55	51
1x8	53	31	36	47	50	24	17
1x8	53	39	15	52	60	55	11
1x8	53	52	33	4	1	40	26
1x8	54	20	41	6	13	21	37
1x8	54	45	5	37	49	3	20
1x8	55	1	15	46	11	40	21
1x8	55	31	23	21	30	7	47
1x8	55	43	18	54	12	49	35
1x8	55	60	28	32	29	18	6
1x8	56	29	15	14	38	13	50
1x8	56	54	1	57	19	22	25
1x8	58	1	47	44	34	15	55
1x8	58	20	27	51	19	21	7
1x8	58	24	52	15	41	55	22
1x8	59	18	41	21	42	53	54
1x8	59	20	16	58	3	53	9
1x8	59	35	44	15	48	12	53
1x8	59	42	3	45	29	49	32
1x8	59	6	33	41	49	13	9
1x8	6	29	34	51	41	35	18
1x8	6	47	53	59	24	44	9
1x8	60	26	10	4	51	6	42
1x8	60	28	6	48	22	33	19
1x8	60	48	12	17	20	45	24
1x8	7	26	27	31	17	30	24
1x8	7	42	33	2	18	60	52
1x8	7	43	47	20	35	44	1
1x8	7	47	23	59	48	57	30
1x8	7	53	48	29	2	46	27
1x8	9	22	35	41	40	33	51
1x8	9	29	45	5	12	22	2
1x8	9	43	25	54	45	41	5
1x8	9	60	19	46	27	57	3
1x9	1	11	22	40	15	3	35
1x9	1	25	53	12	16	6	60
1x9	1	29	60	52	46	48	32
1x9	1	55	35	51	28	7	38
1x9	10	56	53	54	31	60	43
1x9	11	3	8	54	6	17	28
1x9	11	47	29	5	41	1	40
1x9	11	53	31	37	20	23	60
1x9	12	30	58	45	2	8	3
1x9	12	44	4	10	34	24	17
1x9	12	55	31	56	34	15	2
1x9	12	60	48	26	11	28	8
1x9	13	25	45	26	24	6	40
1x9	13	42	37	30	32	17	33
1x9	13	44	39	51	11	47	8
1x9	13	48	5	26	32	49	6
1x9	13	57	59	43	46	5	18
1x9	14	1	54	34	18	4	56
1x9	14	45	41	25	12	39	7
1x9	15	26	34	13	14	29	42
1x9	15	40	43	23	18	45	12
1x9	15	44	27	41	3	56	28
1x9	15	45	2	40	19	1	60
1x9	16	19	29	4	21	40	10
1x9	16	32	12	54	3	51	49
1x9	17	54	4	38	25	59	49
1x9	17	8	15	25	28	45	33
1x9	18	3	25	17	55	8	52
1x9	2	42	49	60	20	25	26
1x9	20	11	51	36	3	50	2
1x9	20	46	4	57	60	54	21
1x9	20	51	4	19	6	7	44
1x9	21	38	41	23	17	49	51
1x9	21	44	41	31	18	24	27
1x9	21	47	14	20	52	33	53
1x9	21	5	13	51	34	52	16
1x9	21	54	1	13	30	42	41
1x9	22	14	49	57	7	30	6
1x9	22	21	27	5	36	49	8
1x9	22	25	60	51	20	16	49
1x9	23	13	3	2	60	49	32
1x9	23	30	3	41	29	8	34
1x9	23	37	6	42	18	34	3
1x9	23	5	21	11	39	6	45
1x9	24	12	29	26	13	35	55
1x9	24	13	28	12	23	18	60
1x9	24	8	34	42	48	56	45
1x9	25	1	42	15	48	29	27
1x9	25	18	37	43	42	21	59
1x9	25	27	56	7	55	22	46
1x9	26	1	41	7	19	32	54
1x9	26	1	53	8	22	58	37
1x9	26	29	46	3	47	40	4
1x9	26	60	40	46	33	29	49
1x9	27	29	10	44	7	45	46
1x9	27	3	21	25	51	58	12
1x9	27	46	7	26	43	33	48
1x9	28	4	41	19	37	20	44
1x9	29	10	24	56	52	4	45
1x9	29	20	31	12	33	48	17
1x9	29	25	20	44	18	28	42
1x9	30	40	36	32	8	57	25
1x9	30	6	31	14	8	17	38
1x9	31	12	15	45	33	60	24
1x9	31	13	2	38	57	36	35
1x9	31	18	58	54	28	40	21
1x9	31	36	53	35	24	59	51
1x9	31	4	12	7	52	6	59
1x9	32	28	18	53	58	54	26
1x9	32	36	41	22	20	11	44
1x9	32	40	41	15	14	8	33
1x9	32	52	27	33	5	10	28
1x9	34	10	58	53	4	21	35
1x9	34	28	44	41	40	27	26
1x9	34	38	50	54	48	2	18
1x9	34	46	19	10	18	3	59
1x9	35	19	21	42	45	3	32
1x9	35	33	13	3	12	20	42
1x9	36	30	15	25	60	40	24
1x9	36	31	25	30	22	13	5
1x9	36	5	29	16	59	35	14
1x9	36	7	29	50	58	32	30
1x9	37	36	11	14	21	41	51
1x9	37	56	29	31	57	2	36
1x9	39	11	59	12	55	5	36
1x9	39	14	58	18	38	60	2
1x9	39	36	54	12	22	29	52
1x9	4	11	5	6	23	50	43
1x9	4	31	25	48	37	49	41
1x9	40	10	47	43	32	38	3
1x9	41	37	20	18	1	23	30
1x9	41	4	45	12	3	21	15
1x9	41	7	43	45	29	27	42
1x9	42	23	49	36	4	25	10
1x9	42	27	50	21	38	25	32
1x9	42	27	58	1	45	14	57
1x9	42	45	46	31	27	43	35
1x9	42	47	48	4	11	46	17
1x9	43	12	57	3	16	51	20
1x9	43	23	40	16	15	54	56
1x9	43	56	23	5	35	20	19
1x9	44	17	59	35	18	4	38
1x9	44	21	35	30	14	33	7
1x9	44	32	27	37	7	18	10
1x9	45	13	59	22	30	49	20
1x9	45	32	49	53	7	56	29
1x9	45	58	1	46	41	31	22
1x9	45	7	10	47	49	3	18
1x9	46	22	34	37	3	20	58
1x9	46	22	39	31	29	13	52
1x9	46	32	26	31	23	11	28
1x9	47	26	14	22	16	53	2
1x9	47	3	14	24	10	5	15
1x9	47	35	2	56	27	46	15
1x9	48	16	50	15	41	52	11
1x9	48	39	4	15	41	51	36
1x9	49	21	35	41	51	57	33
1x9	49	46	35	16	59	21	57
1x9	49	53	56	30	21	57	38
1x9	49	60	14	35	48	24	27
1x9	5	43	19	21	16	52	11
1x9	50	26	41	2	5	23	46
1x9	50	38	43	14	16	35	54
1x9	50	5	25	59	44	6	39
1x9	51	28	46	40	14	7	31
1x9	51	40	25	43	11	6	50
1x9	52	25	48	42	54	7	41
1x9	53	50	57	15	20	26	12
1x9	53	57	15	55	16	27	58
1x9	55	23	49	38	27	2	53
1x9	55	33	48	12	20	26	50
1x9	55	50	3	58	37	4	60
1x9	56	29	18	54	5	19	8
1x9	56	32	38	37	2	46	1
1x9	56	48	60	26	55	20	54
1x9	57	54	19	32	12	17	49
1x9	58	33	28	7	32	3	31
1x9	58	4	22	34	35	33	59
1x9	59	42	15	18	7	23	30
1x9	6	20	17	34	60	28	36
1x9	6	24	31	4	15	7	30
1x9	60	1	20	31	23	8	17
1x9	60	21	26	38	43	17	55
1x9	60	25	2	50	40	51	26
1x9	60	43	2	4	51	31	49
1x9	60	52	49	32	22	37	56
1x9	60	57	5	33	11	42	31
1x9	8	25	41	58	18	36	15
1x9	8	28	15	5	6	36	29
1x9	8	42	49	18	16	45	12
1x9	8	53	38	58	3	18	32
1x9	8	55	44	47	6	51	24
